Jessica reads herself .	Jessica reads himself .
my dad had n't said himself .	my dad had n't said herself .
my grandmother must learn herself .	my grandmother must learn himself .
Naomi is reading herself .	Naomi is reading himself .
Gregory was n't learning himself .	Gregory was n't learning herself .
Thomas is learning himself .	Thomas is learning herself .
your husband does n't learn himself .	your husband does n't learn herself .
your grandmother has n't run herself .	your grandmother has n't run himself .
your wife learned herself .	your wife learned himself .
that girl learned herself .	that girl learned himself .
Kevin is learning himself .	Kevin is learning herself .
Nicole says herself .	Nicole says himself .
my sister wrote herself .	my sister wrote himself .
Donald may write himself .	Donald may write herself .
my dad says himself .	my dad says herself .
my brother learned himself .	my brother learned herself .
my mother ran herself .	my mother ran himself .
your dad has tried himself .	your dad has tried herself .
the queen has n't run herself .	the queen has n't run himself .
Carl must read himself .	Carl must read herself .
this king had learned himself .	this king had learned herself .
that queen had said herself .	that queen had said himself .
my grandmother says herself .	my grandmother says himself .
Deborah has learned herself .	Deborah has learned himself .
your grandmother must try herself .	your grandmother must try himself .
Julia was n't trying herself .	Julia was n't trying himself .
my daughter had run herself .	my daughter had run himself .
that king wrote himself .	that king wrote herself .
your mother says herself .	your mother says himself .
your father is reading himself .	your father is reading herself .
that king has run himself .	that king has run herself .
your grandmother reads herself .	your grandmother reads himself .
my grandmother had tried herself .	my grandmother had tried himself .
your dad had n't tried himself .	your dad had n't tried herself .
my wife may read herself .	my wife may read himself .
this king had n't run himself .	this king had n't run herself .
Sarah wrote herself .	Sarah wrote himself .
Jerry wo n't try himself .	Jerry wo n't try herself .
that boy was beginning himself .	that boy was beginning herself .
Joseph should n't build himself .	Joseph should n't build herself .
my dad began himself .	my dad began herself .
Nancy had n't run herself .	Nancy had n't run himself .
Nina learned herself .	Nina learned himself .
your grandmother could learn herself .	your grandmother could learn himself .
this guy did n't write himself .	this guy did n't write herself .
John has n't said himself .	John has n't said herself .
that woman would n't run herself .	that woman would n't run himself .
your mother was n't beginning herself .	your mother was n't beginning himself .
my sister has n't built herself .	my sister has n't built himself .
your sister learned herself .	your sister learned himself .
Cindy could n't build herself .	Cindy could n't build himself .
my mother could n't say herself .	my mother could n't say himself .
Deborah wrote herself .	Deborah wrote himself .
that guy began himself .	that guy began herself .
Liam reads himself .	Liam reads herself .
that girl was writing herself .	that girl was writing himself .
Travis reads himself .	Travis reads herself .
that boy began himself .	that boy began herself .
your father ran himself .	your father ran herself .
Deborah was building herself .	Deborah was building himself .
your son had n't built himself .	your son had n't built herself .
Adam is learning himself .	Adam is learning herself .
this lady had read herself .	this lady had read himself .
George was n't reading himself .	George was n't reading herself .
my son can n't learn himself .	my son can n't learn herself .
the woman is running herself .	the woman is running himself .
the girl ran herself .	the girl ran himself .
Liam should n't read himself .	Liam should n't read herself .
this guy reads himself .	this guy reads herself .
this queen is n't reading herself .	this queen is n't reading himself .
my brother could read himself .	my brother could read herself .
your son learned himself .	your son learned herself .
this king is n't running himself .	this king is n't running herself .
your sister is saying herself .	your sister is saying himself .
my mother read herself .	my mother read himself .
Donna was writing herself .	Donna was writing himself .
this king is n't building himself .	this king is n't building herself .
the guy built himself .	the guy built herself .
this man runs himself .	this man runs herself .
my wife has learned herself .	my wife has learned himself .
your mom has built herself .	your mom has built himself .
Sara has tried herself .	Sara has tried himself .
that guy can try himself .	that guy can try herself .
my dad should n't read himself .	my dad should n't read herself .
Thomas was saying himself .	Thomas was saying herself .
the girl has written herself .	the girl has written himself .
Martin was building himself .	Martin was building herself .
that king had learned himself .	that king had learned herself .
my daughter learned herself .	my daughter learned himself .
your father was n't learning himself .	your father was n't learning herself .
Barbara is n't building herself .	Barbara is n't building himself .
that king is building himself .	that king is building herself .
George wrote himself .	George wrote herself .
Samantha had read herself .	Samantha had read himself .
that lady says herself .	that lady says himself .
your brother reads himself .	your brother reads herself .
my mom can learn herself .	my mom can learn himself .
Richard had n't learned himself .	Richard had n't learned herself .
Eric can continue himself .	Eric can continue herself .
Thomas will read himself .	Thomas will read herself .
Carol built herself .	Carol built himself .
this woman is n't writing herself .	this woman is n't writing himself .
Nina wrote herself .	Nina wrote himself .
that lady has run herself .	that lady has run himself .
Frank could write himself .	Frank could write herself .
my brother did n't write himself .	my brother did n't write herself .
Guy ran himself .	Guy ran herself .
my father runs himself .	my father runs herself .
Catherine said herself .	Catherine said himself .
Karen was saying herself .	Karen was saying himself .
Paul learned himself .	Paul learned herself .
my son learned himself .	my son learned herself .
the king had n't tried himself .	the king had n't tried herself .
William had said himself .	William had said herself .
your husband was n't writing himself .	your husband was n't writing herself .
my dad had n't learned himself .	my dad had n't learned herself .
your mother should build herself .	your mother should build himself .
my wife had n't built herself .	my wife had n't built himself .
my husband begins himself .	my husband begins herself .
Sandra might continue herself .	Sandra might continue himself .
that man will begin himself .	that man will begin herself .
my father has tried himself .	my father has tried herself .
your father should say himself .	your father should say herself .
Richard might say himself .	Richard might say herself .
your son runs himself .	your son runs herself .
Andrew read himself .	Andrew read herself .
your son has n't said himself .	your son has n't said herself .
Daniel is n't beginning himself .	Daniel is n't beginning herself .
that boy said himself .	that boy said herself .
my mom was n't learning herself .	my mom was n't learning himself .
your son had written himself .	your son had written herself .
that king has n't learned himself .	that king has n't learned herself .
your son wo n't run himself .	your son wo n't run herself .
William runs himself .	William runs herself .
Thomas said himself .	Thomas said herself .
this king wo n't run himself .	this king wo n't run herself .
your mom can continue herself .	your mom can continue himself .
Vanessa was learning herself .	Vanessa was learning himself .
the guy ran himself .	the guy ran herself .
Scott had tried himself .	Scott had tried herself .
Sara began herself .	Sara began himself .
Becca has written herself .	Becca has written himself .
that guy has built himself .	that guy has built herself .
this girl says herself .	this girl says himself .
Andrew will build himself .	Andrew will build herself .
Thomas reads himself .	Thomas reads herself .
Laura is learning herself .	Laura is learning himself .
the king was building himself .	the king was building herself .
the queen read herself .	the queen read himself .
John was n't writing himself .	John was n't writing herself .
my grandmother has written herself .	my grandmother has written himself .
Christopher does n't run himself .	Christopher does n't run herself .
that lady begins herself .	that lady begins himself .
that girl said herself .	that girl said himself .
your husband reads himself .	your husband reads herself .
Denise has n't built herself .	Denise has n't built himself .
my dad had said himself .	my dad had said herself .
my mother runs herself .	my mother runs himself .
the queen is n't writing herself .	the queen is n't writing himself .
Sandra is saying herself .	Sandra is saying himself .
your father can n't continue himself .	your father can n't continue herself .
your wife reads herself .	your wife reads himself .
my wife does n't write herself .	my wife does n't write himself .
my wife can write herself .	my wife can write himself .
this guy wrote himself .	this guy wrote herself .
this man was learning himself .	this man was learning herself .
Rebecca is n't reading herself .	Rebecca is n't reading himself .
my daughter can n't run herself .	my daughter can n't run himself .
Richard learned himself .	Richard learned herself .
your brother would n't begin himself .	your brother would n't begin herself .
your husband had n't tried himself .	your husband had n't tried herself .
your brother had n't built himself .	your brother had n't built herself .
your father had read himself .	your father had read herself .
Patrick wrote himself .	Patrick wrote herself .
my wife runs herself .	my wife runs himself .
your mother could n't read herself .	your mother could n't read himself .
Mark might write himself .	Mark might write herself .
Eric reads himself .	Eric reads herself .
Elizabeth built herself .	Elizabeth built himself .
your daughter said herself .	your daughter said himself .
Daniel read himself .	Daniel read herself .
Joseph would say himself .	Joseph would say herself .
Steven may write himself .	Steven may write herself .
my daughter read herself .	my daughter read himself .
my mom began herself .	my mom began himself .
John was n't reading himself .	John was n't reading herself .
Timothy was n't trying himself .	Timothy was n't trying herself .
Robert would n't begin himself .	Robert would n't begin herself .
Marie might build herself .	Marie might build himself .
the guy has run himself .	the guy has run herself .
Amy may build herself .	Amy may build himself .
Joseph is n't reading himself .	Joseph is n't reading herself .
Laura should continue herself .	Laura should continue himself .
that boy has n't run himself .	that boy has n't run herself .
your dad could n't continue himself .	your dad could n't continue herself .
John reads himself .	John reads herself .
Dan had n't run himself .	Dan had n't run herself .
Steve had read himself .	Steve had read herself .
Renee is saying herself .	Renee is saying himself .
Alexander learned himself .	Alexander learned herself .
that guy has n't built himself .	that guy has n't built herself .
Emily has run herself .	Emily has run himself .
this lady is trying herself .	this lady is trying himself .
Renee has n't written herself .	Renee has n't written himself .
Samantha does n't say herself .	Samantha does n't say himself .
Becky might try herself .	Becky might try himself .
the woman learned herself .	the woman learned himself .
Sarah would try herself .	Sarah would try himself .
the man read himself .	the man read herself .
your wife has run herself .	your wife has run himself .
your sister has n't said herself .	your sister has n't said himself .
the queen was running herself .	the queen was running himself .
Richard could n't build himself .	Richard could n't build herself .
the man learned himself .	the man learned herself .
your wife must build herself .	your wife must build himself .
Vanessa read herself .	Vanessa read himself .
your dad was n't beginning himself .	your dad was n't beginning herself .
this lady built herself .	this lady built himself .
this lady was beginning herself .	this lady was beginning himself .
my sister had read herself .	my sister had read himself .
your mom is saying herself .	your mom is saying himself .
my daughter may learn herself .	my daughter may learn himself .
Kayla was n't trying herself .	Kayla was n't trying himself .
my brother says himself .	my brother says herself .
your mother could begin herself .	your mother could begin himself .
my mother must build herself .	my mother must build himself .
my mother has n't written herself .	my mother has n't written himself .
Erin will say herself .	Erin will say himself .
Andrew was n't building himself .	Andrew was n't building herself .
Ann may learn herself .	Ann may learn himself .
your mom reads herself .	your mom reads himself .
my mom was n't writing herself .	my mom was n't writing himself .
Becca read herself .	Becca read himself .
this guy begins himself .	this guy begins herself .
the lady was n't reading herself .	the lady was n't reading himself .
your wife has tried herself .	your wife has tried himself .
Andrew has read himself .	Andrew has read herself .
Steven might run himself .	Steven might run herself .
Christopher said himself .	Christopher said herself .
Michael has n't tried himself .	Michael has n't tried herself .
Jessica does n't begin herself .	Jessica does n't begin himself .
my mother has n't run herself .	my mother has n't run himself .
your father wo n't say himself .	your father wo n't say herself .
Christopher must run himself .	Christopher must run herself .
my husband was n't running himself .	my husband was n't running herself .
Richard could begin himself .	Richard could begin herself .
your dad can continue himself .	your dad can continue herself .
my son may begin himself .	my son may begin herself .
this woman must write herself .	this woman must write himself .
this boy was n't running himself .	this boy was n't running herself .
Wendy said herself .	Wendy said himself .
Jessica has n't tried herself .	Jessica has n't tried himself .
that woman wrote herself .	that woman wrote himself .
Brian runs himself .	Brian runs herself .
Julia is n't building herself .	Julia is n't building himself .
Nancy should n't learn herself .	Nancy should n't learn himself .
your sister says herself .	your sister says himself .
Liam has n't said himself .	Liam has n't said herself .
Christopher was beginning himself .	Christopher was beginning herself .
David is reading himself .	David is reading herself .
Kevin reads himself .	Kevin reads herself .
that girl is n't reading herself .	that girl is n't reading himself .
your mother reads herself .	your mother reads himself .
Vanessa was n't writing herself .	Vanessa was n't writing himself .
that lady does n't read herself .	that lady does n't read himself .
Travis was writing himself .	Travis was writing herself .
this guy was n't trying himself .	this guy was n't trying herself .
your father had said himself .	your father had said herself .
William began himself .	William began herself .
your husband might build himself .	your husband might build herself .
Laurie was saying herself .	Laurie was saying himself .
that lady was n't reading herself .	that lady was n't reading himself .
Robert had n't built himself .	Robert had n't built herself .
Joseph is n't writing himself .	Joseph is n't writing herself .
that king was building himself .	that king was building herself .
Todd runs himself .	Todd runs herself .
this boy will run himself .	this boy will run herself .
your husband had run himself .	your husband had run herself .
Kevin said himself .	Kevin said herself .
Vanessa could build herself .	Vanessa could build himself .
Guy wo n't continue himself .	Guy wo n't continue herself .
Mary had n't learned herself .	Mary had n't learned himself .
this guy is n't building himself .	this guy is n't building herself .
the king had n't learned himself .	the king had n't learned herself .
your mom had written herself .	your mom had written himself .
Naomi can say herself .	Naomi can say himself .
the lady ran herself .	the lady ran himself .
Aaron could n't try himself .	Aaron could n't try herself .
Jason had n't read himself .	Jason had n't read herself .
Thomas has n't run himself .	Thomas has n't run herself .
Jerry is n't building himself .	Jerry is n't building herself .
Amy would continue herself .	Amy would continue himself .
your mom runs herself .	your mom runs himself .
Daniel has written himself .	Daniel has written herself .
Travis will continue himself .	Travis will continue herself .
the queen might build herself .	the queen might build himself .
my grandmother has n't learned herself .	my grandmother has n't learned himself .
Michael does n't build himself .	Michael does n't build herself .
the guy may try himself .	the guy may try herself .
Liam was trying himself .	Liam was trying herself .
that queen did n't try herself .	that queen did n't try himself .
that queen was n't reading herself .	that queen was n't reading himself .
George has read himself .	George has read herself .
my father would n't begin himself .	my father would n't begin herself .
your father can say himself .	your father can say herself .
my brother was n't building himself .	my brother was n't building herself .
your brother may try himself .	your brother may try herself .
Samantha was running herself .	Samantha was running himself .
my mother has learned herself .	my mother has learned himself .
my husband is n't trying himself .	my husband is n't trying herself .
George runs himself .	George runs herself .
my sister must try herself .	my sister must try himself .
this king has built himself .	this king has built herself .
your sister had tried herself .	your sister had tried himself .
this king wrote himself .	this king wrote herself .
Jennifer was writing herself .	Jennifer was writing himself .
Scott was trying himself .	Scott was trying herself .
John does n't build himself .	John does n't build herself .
your mother read herself .	your mother read himself .
James is trying himself .	James is trying herself .
Timothy was n't writing himself .	Timothy was n't writing herself .
my daughter had n't written herself .	my daughter had n't written himself .
this lady is n't beginning herself .	this lady is n't beginning himself .
the king reads himself .	the king reads herself .
your father has read himself .	your father has read herself .
Aaron should n't say himself .	Aaron should n't say herself .
the guy would say himself .	the guy would say herself .
your dad has n't said himself .	your dad has n't said herself .
Kevin has run himself .	Kevin has run herself .
the woman had built herself .	the woman had built himself .
Anna is n't running herself .	Anna is n't running himself .
this woman was beginning herself .	this woman was beginning himself .
your wife wrote herself .	your wife wrote himself .
William has n't said himself .	William has n't said herself .
your father reads himself .	your father reads herself .
Travis begins himself .	Travis begins herself .
the woman was beginning herself .	the woman was beginning himself .
Scott ran himself .	Scott ran herself .
James begins himself .	James begins herself .
your sister has n't written herself .	your sister has n't written himself .
Robert has n't said himself .	Robert has n't said herself .
the girl reads herself .	the girl reads himself .
Deborah did n't continue herself .	Deborah did n't continue himself .
Jennifer can n't say herself .	Jennifer can n't say himself .
Noah is learning himself .	Noah is learning herself .
my son began himself .	my son began herself .
Gregory had said himself .	Gregory had said herself .
Jason did n't begin himself .	Jason did n't begin herself .
Steven learned himself .	Steven learned herself .
my father should say himself .	my father should say herself .
Mark said himself .	Mark said herself .
that guy ran himself .	that guy ran herself .
my sister runs herself .	my sister runs himself .
Anna is n't learning herself .	Anna is n't learning himself .
Kevin would begin himself .	Kevin would begin herself .
Scott began himself .	Scott began herself .
Naomi is learning herself .	Naomi is learning himself .
my grandmother is n't writing herself .	my grandmother is n't writing himself .
your dad should n't continue himself .	your dad should n't continue herself .
Samantha ran herself .	Samantha ran himself .
Paul wrote himself .	Paul wrote herself .
Barbara built herself .	Barbara built himself .
Denise ran herself .	Denise ran himself .
this man has built himself .	this man has built herself .
the guy reads himself .	the guy reads herself .
your father is n't beginning himself .	your father is n't beginning herself .
your grandmother is n't running herself .	your grandmother is n't running himself .
my husband was trying himself .	my husband was trying herself .
your son was n't reading himself .	your son was n't reading herself .
my daughter says herself .	my daughter says himself .
your mother was n't trying herself .	your mother was n't trying himself .
Guy is n't beginning himself .	Guy is n't beginning herself .
Gregory had learned himself .	Gregory had learned herself .
Ronald should n't say himself .	Ronald should n't say herself .
your mom read herself .	your mom read himself .
Samantha learned herself .	Samantha learned himself .
your son begins himself .	your son begins herself .
this boy is n't learning himself .	this boy is n't learning herself .
this lady wrote herself .	this lady wrote himself .
Catherine built herself .	Catherine built himself .
Amy built herself .	Amy built himself .
this woman is n't running herself .	this woman is n't running himself .
my mother is n't saying herself .	my mother is n't saying himself .
my wife began herself .	my wife began himself .
Samantha has n't run herself .	Samantha has n't run himself .
the king built himself .	the king built herself .
Samantha had n't written herself .	Samantha had n't written himself .
Stephanie began herself .	Stephanie began himself .
your mom should n't continue herself .	your mom should n't continue himself .
your wife was saying herself .	your wife was saying himself .
the guy had n't learned himself .	the guy had n't learned herself .
my daughter did n't say herself .	my daughter did n't say himself .
Susan has n't run herself .	Susan has n't run himself .
your brother was n't learning himself .	your brother was n't learning herself .
Scott begins himself .	Scott begins herself .
Joseph will write himself .	Joseph will write herself .
Eric read himself .	Eric read herself .
the girl said herself .	the girl said himself .
my father had n't read himself .	my father had n't read herself .
the queen was trying herself .	the queen was trying himself .
this guy must begin himself .	this guy must begin herself .
my dad is n't saying himself .	my dad is n't saying herself .
Todd begins himself .	Todd begins herself .
Becky can say herself .	Becky can say himself .
Elizabeth was n't writing herself .	Elizabeth was n't writing himself .
this queen can n't write herself .	this queen can n't write himself .
Steve would write himself .	Steve would write herself .
my daughter had built herself .	my daughter had built himself .
Joseph read himself .	Joseph read herself .
David was learning himself .	David was learning herself .
this girl has n't said herself .	this girl has n't said himself .
that woman is n't building herself .	that woman is n't building himself .
my brother is n't building himself .	my brother is n't building herself .
your grandmother was reading herself .	your grandmother was reading himself .
your dad is learning himself .	your dad is learning herself .
that boy had written himself .	that boy had written herself .
Daniel has built himself .	Daniel has built herself .
my son did n't continue himself .	my son did n't continue herself .
your sister built herself .	your sister built himself .
April should n't read herself .	April should n't read himself .
your wife read herself .	your wife read himself .
the lady is n't writing herself .	the lady is n't writing himself .
your sister can n't try herself .	your sister can n't try himself .
this king is n't writing himself .	this king is n't writing herself .
Jennifer says herself .	Jennifer says himself .
Julie may build herself .	Julie may build himself .
George was n't running himself .	George was n't running herself .
that woman was n't learning herself .	that woman was n't learning himself .
Samantha wo n't continue herself .	Samantha wo n't continue himself .
Judy was n't reading herself .	Judy was n't reading himself .
this guy may learn himself .	this guy may learn herself .
the queen would try herself .	the queen would try himself .
April has tried herself .	April has tried himself .
my daughter was n't reading herself .	my daughter was n't reading himself .
my mother wo n't run herself .	my mother wo n't run himself .
Elizabeth says herself .	Elizabeth says himself .
this man is building himself .	this man is building herself .
Scott could n't learn himself .	Scott could n't learn herself .
Noah might write himself .	Noah might write herself .
my dad reads himself .	my dad reads herself .
your grandmother learned herself .	your grandmother learned himself .
Renee must write herself .	Renee must write himself .
Peter may continue himself .	Peter may continue herself .
my wife was n't writing herself .	my wife was n't writing himself .
Tracy has tried herself .	Tracy has tried himself .
Carl is n't learning himself .	Carl is n't learning herself .
the guy begins himself .	the guy begins herself .
Brett wrote himself .	Brett wrote herself .
my dad must begin himself .	my dad must begin herself .
Robert is writing himself .	Robert is writing herself .
Emily wo n't read herself .	Emily wo n't read himself .
Nicole is building herself .	Nicole is building himself .
my wife learned herself .	my wife learned himself .
your father read himself .	your father read herself .
Carl wrote himself .	Carl wrote herself .
Denise will learn herself .	Denise will learn himself .
Steve was running himself .	Steve was running herself .
that guy can n't write himself .	that guy can n't write herself .
this guy learned himself .	this guy learned herself .
Liam wrote himself .	Liam wrote herself .
Alexander had n't built himself .	Alexander had n't built herself .
Patrick learned himself .	Patrick learned herself .
my mom wrote herself .	my mom wrote himself .
my daughter has said herself .	my daughter has said himself .
Frank can try himself .	Frank can try herself .
your dad says himself .	your dad says herself .
your dad began himself .	your dad began herself .
Guy is n't running himself .	Guy is n't running herself .
that queen built herself .	that queen built himself .
Wendy is saying herself .	Wendy is saying himself .
William might continue himself .	William might continue herself .
Linda is saying herself .	Linda is saying himself .
Travis can build himself .	Travis can build herself .
Kayla will learn herself .	Kayla will learn himself .
my daughter would n't learn herself .	my daughter would n't learn himself .
my father read himself .	my father read herself .
Mark has said himself .	Mark has said herself .
my son should learn himself .	my son should learn herself .
Becca is n't building herself .	Becca is n't building himself .
Carl runs himself .	Carl runs herself .
my son ran himself .	my son ran herself .
this queen was n't learning herself .	this queen was n't learning himself .
your dad had n't read himself .	your dad had n't read herself .
Todd can build himself .	Todd can build herself .
your brother can write himself .	your brother can write herself .
your dad should n't build himself .	your dad should n't build herself .
your brother runs himself .	your brother runs herself .
my son reads himself .	my son reads herself .
Joseph said himself .	Joseph said herself .
Steve had run himself .	Steve had run herself .
Vanessa reads herself .	Vanessa reads himself .
Susan ran herself .	Susan ran himself .
my mom can n't run herself .	my mom can n't run himself .
Susan built herself .	Susan built himself .
Julie may read herself .	Julie may read himself .
your husband would read himself .	your husband would read herself .
my dad might continue himself .	my dad might continue herself .
Bill had tried himself .	Bill had tried herself .
my father may build himself .	my father may build herself .
my son would run himself .	my son would run herself .
that girl read herself .	that girl read himself .
that queen wrote herself .	that queen wrote himself .
Janet might continue herself .	Janet might continue himself .
my dad has n't read himself .	my dad has n't read herself .
your husband is running himself .	your husband is running herself .
your wife ran herself .	your wife ran himself .
the man was learning himself .	the man was learning herself .
this lady is writing herself .	this lady is writing himself .
your mother built herself .	your mother built himself .
this girl would n't try herself .	this girl would n't try himself .
Guy is n't learning himself .	Guy is n't learning herself .
your dad said himself .	your dad said herself .
that man has built himself .	that man has built herself .
my dad must run himself .	my dad must run herself .
the girl can n't read herself .	the girl can n't read himself .
your mother said herself .	your mother said himself .
your husband would run himself .	your husband would run herself .
Dan could begin himself .	Dan could begin herself .
David will begin himself .	David will begin herself .
Marie reads herself .	Marie reads himself .
the guy was n't writing himself .	the guy was n't writing herself .
Sara had n't built herself .	Sara had n't built himself .
this king could learn himself .	this king could learn herself .
your daughter does n't write herself .	your daughter does n't write himself .
Frank reads himself .	Frank reads herself .
my wife had tried herself .	my wife had tried himself .
your mother might run herself .	your mother might run himself .
Timothy says himself .	Timothy says herself .
your sister should run herself .	your sister should run himself .
my dad will say himself .	my dad will say herself .
my mother built herself .	my mother built himself .
Nicole had n't written herself .	Nicole had n't written himself .
my son can n't build himself .	my son can n't build herself .
my grandmother was reading herself .	my grandmother was reading himself .
my mom has written herself .	my mom has written himself .
your wife is n't trying herself .	your wife is n't trying himself .
Daniel says himself .	Daniel says herself .
the guy has n't built himself .	the guy has n't built herself .
Eric runs himself .	Eric runs herself .
my brother is n't trying himself .	my brother is n't trying herself .
my son will try himself .	my son will try herself .
my brother had n't built himself .	my brother had n't built herself .
this king has n't built himself .	this king has n't built herself .
my daughter said herself .	my daughter said himself .
Bill had n't read himself .	Bill had n't read herself .
this lady could n't continue herself .	this lady could n't continue himself .
my daughter had read herself .	my daughter had read himself .
your brother begins himself .	your brother begins herself .
the woman does n't begin herself .	the woman does n't begin himself .
the queen would write herself .	the queen would write himself .
this guy can n't try himself .	this guy can n't try herself .
Joseph runs himself .	Joseph runs herself .
the lady can n't say herself .	the lady can n't say himself .
my sister had n't tried herself .	my sister had n't tried himself .
David runs himself .	David runs herself .
my father is writing himself .	my father is writing herself .
this girl said herself .	this girl said himself .
the girl can read herself .	the girl can read himself .
Jane could n't say herself .	Jane could n't say himself .
Cindy read herself .	Cindy read himself .
Joseph had written himself .	Joseph had written herself .
Carl began himself .	Carl began herself .
your grandmother wrote herself .	your grandmother wrote himself .
that king had said himself .	that king had said herself .
Ronald must read himself .	Ronald must read herself .
Timothy could n't begin himself .	Timothy could n't begin herself .
the girl could n't begin herself .	the girl could n't begin himself .
my grandmother was trying herself .	my grandmother was trying himself .
Kevin wrote himself .	Kevin wrote herself .
that man reads himself .	that man reads herself .
my mom was writing herself .	my mom was writing himself .
your son says himself .	your son says herself .
this king has run himself .	this king has run herself .
Noah read himself .	Noah read herself .
this man may read himself .	this man may read herself .
my sister ran herself .	my sister ran himself .
Jennifer read herself .	Jennifer read himself .
my father wo n't begin himself .	my father wo n't begin herself .
that woman has n't written herself .	that woman has n't written himself .
your father may run himself .	your father may run herself .
the woman may say herself .	the woman may say himself .
your husband may write himself .	your husband may write herself .
that queen did n't continue herself .	that queen did n't continue himself .
my brother had n't written himself .	my brother had n't written herself .
Stephanie built herself .	Stephanie built himself .
David read himself .	David read herself .
your grandmother is building herself .	your grandmother is building himself .
my brother is saying himself .	my brother is saying herself .
Brian was n't saying himself .	Brian was n't saying herself .
the boy was n't reading himself .	the boy was n't reading herself .
James was n't running himself .	James was n't running herself .
your daughter begins herself .	your daughter begins himself .
Guy had n't tried himself .	Guy had n't tried herself .
Timothy was running himself .	Timothy was running herself .
this king has n't tried himself .	this king has n't tried herself .
the girl would run herself .	the girl would run himself .
the girl wrote herself .	the girl wrote himself .
your wife was n't building herself .	your wife was n't building himself .
the man could learn himself .	the man could learn herself .
your wife is learning herself .	your wife is learning himself .
Brian was n't running himself .	Brian was n't running herself .
my daughter had written herself .	my daughter had written himself .
your sister was building herself .	your sister was building himself .
the guy runs himself .	the guy runs herself .
Sally had built herself .	Sally had built himself .
your daughter does n't run herself .	your daughter does n't run himself .
Michael does n't write himself .	Michael does n't write herself .
Lisa could run herself .	Lisa could run himself .
my son would n't learn himself .	my son would n't learn herself .
my father began himself .	my father began herself .
Becca has built herself .	Becca has built himself .
Naomi built herself .	Naomi built himself .
Stephanie will say herself .	Stephanie will say himself .
Sandra had written herself .	Sandra had written himself .
Erin wrote herself .	Erin wrote himself .
that queen was trying herself .	that queen was trying himself .
Ronald began himself .	Ronald began herself .
Scott built himself .	Scott built herself .
George was n't trying himself .	George was n't trying herself .
Tracy had n't said herself .	Tracy had n't said himself .
my mother may read herself .	my mother may read himself .
this guy did n't continue himself .	this guy did n't continue herself .
my daughter would n't build herself .	my daughter would n't build himself .
your mother was n't reading herself .	your mother was n't reading himself .
your mom was n't beginning herself .	your mom was n't beginning himself .
the boy did n't try himself .	the boy did n't try herself .
Catherine can read herself .	Catherine can read himself .
Anne runs herself .	Anne runs himself .
Donald has written himself .	Donald has written herself .
your sister was writing herself .	your sister was writing himself .
my daughter ran herself .	my daughter ran himself .
this king read himself .	this king read herself .
Joseph says himself .	Joseph says herself .
Michael is n't trying himself .	Michael is n't trying herself .
your son is n't writing himself .	your son is n't writing herself .
the boy has n't run himself .	the boy has n't run herself .
Jessica is n't trying herself .	Jessica is n't trying himself .
Lisa wrote herself .	Lisa wrote himself .
Peter had n't learned himself .	Peter had n't learned herself .
Karen wrote herself .	Karen wrote himself .
Daniel wrote himself .	Daniel wrote herself .
your father built himself .	your father built herself .
Sally can read herself .	Sally can read himself .
Sandra began herself .	Sandra began himself .
my son has n't read himself .	my son has n't read herself .
Donna wrote herself .	Donna wrote himself .
my wife wo n't continue herself .	my wife wo n't continue himself .
Ann built herself .	Ann built himself .
my wife is beginning herself .	my wife is beginning himself .
that queen can n't build herself .	that queen can n't build himself .
the king learned himself .	the king learned herself .
your mom has n't learned herself .	your mom has n't learned himself .
Ronald was beginning himself .	Ronald was beginning herself .
Renee must build herself .	Renee must build himself .
the king has n't read himself .	the king has n't read herself .
George was beginning himself .	George was beginning herself .
Jason said himself .	Jason said herself .
your dad was n't building himself .	your dad was n't building herself .
Nicole is saying herself .	Nicole is saying himself .
my husband has n't run himself .	my husband has n't run herself .
that queen was n't writing herself .	that queen was n't writing himself .
your sister was n't writing herself .	your sister was n't writing himself .
that lady was building herself .	that lady was building himself .
Christopher learned himself .	Christopher learned herself .
Daniel reads himself .	Daniel reads herself .
Thomas wrote himself .	Thomas wrote herself .
my mother can begin herself .	my mother can begin himself .
Samantha said herself .	Samantha said himself .
my sister wo n't run herself .	my sister wo n't run himself .
William had written himself .	William had written herself .
this queen may read herself .	this queen may read himself .
my father might begin himself .	my father might begin herself .
Ronald may try himself .	Ronald may try herself .
Thomas is n't saying himself .	Thomas is n't saying herself .
your daughter could n't write herself .	your daughter could n't write himself .
my wife can n't write herself .	my wife can n't write himself .
your sister was n't beginning herself .	your sister was n't beginning himself .
Leslie has n't learned herself .	Leslie has n't learned himself .
that guy does n't say himself .	that guy does n't say herself .
Paul might read himself .	Paul might read herself .
your wife began herself .	your wife began himself .
my mother had n't read herself .	my mother had n't read himself .
your father runs himself .	your father runs herself .
that queen is n't beginning herself .	that queen is n't beginning himself .
that guy can write himself .	that guy can write herself .
my wife wrote herself .	my wife wrote himself .
Donald says himself .	Donald says herself .
my dad has learned himself .	my dad has learned herself .
Ronald wrote himself .	Ronald wrote herself .
that man may begin himself .	that man may begin herself .
that woman said herself .	that woman said himself .
the guy said himself .	the guy said herself .
Guy had written himself .	Guy had written herself .
this man could begin himself .	this man could begin herself .
your son had n't read himself .	your son had n't read herself .
your mother may say herself .	your mother may say himself .
Mark was n't reading himself .	Mark was n't reading herself .
this king began himself .	this king began herself .
that queen may write herself .	that queen may write himself .
Aaron will learn himself .	Aaron will learn herself .
April runs herself .	April runs himself .
Mark would say himself .	Mark would say herself .
your grandmother could n't write herself .	your grandmother could n't write himself .
that woman begins herself .	that woman begins himself .
Jane was writing herself .	Jane was writing himself .
Emily would try herself .	Emily would try himself .
my brother wrote himself .	my brother wrote herself .
Jessica was n't running herself .	Jessica was n't running himself .
my brother has n't tried himself .	my brother has n't tried herself .
that guy is reading himself .	that guy is reading herself .
your mother ran herself .	your mother ran himself .
this lady is n't learning herself .	this lady is n't learning himself .
that girl can n't read herself .	that girl can n't read himself .
this guy could n't continue himself .	this guy could n't continue herself .
James began himself .	James began herself .
this girl read herself .	this girl read himself .
my dad runs himself .	my dad runs herself .
this man learned himself .	this man learned herself .
your wife was n't saying herself .	your wife was n't saying himself .
this girl was n't writing herself .	this girl was n't writing himself .
your grandmother is n't reading herself .	your grandmother is n't reading himself .
my daughter built herself .	my daughter built himself .
Carol should begin herself .	Carol should begin himself .
your mom says herself .	your mom says himself .
your wife may continue herself .	your wife may continue himself .
the king had learned himself .	the king had learned herself .
your mom would n't write herself .	your mom would n't write himself .
Becca is n't running herself .	Becca is n't running himself .
Nancy has said herself .	Nancy has said himself .
Scott should n't write himself .	Scott should n't write herself .
Michael would try himself .	Michael would try herself .
Guy reads himself .	Guy reads herself .
Robert runs himself .	Robert runs herself .
Lisa reads herself .	Lisa reads himself .
Gregory had tried himself .	Gregory had tried herself .
Gregory was saying himself .	Gregory was saying herself .
my mom ran herself .	my mom ran himself .
Liam is n't saying himself .	Liam is n't saying herself .
Donald has n't learned himself .	Donald has n't learned herself .
this queen should n't learn herself .	this queen should n't learn himself .
Samantha is n't reading herself .	Samantha is n't reading himself .
your son can build himself .	your son can build herself .
Tracy reads herself .	Tracy reads himself .
the queen had n't written herself .	the queen had n't written himself .
Scott was n't reading himself .	Scott was n't reading herself .
my grandmother was n't trying herself .	my grandmother was n't trying himself .
Julia could n't read herself .	Julia could n't read himself .
Nina is n't running herself .	Nina is n't running himself .
my father wo n't build himself .	my father wo n't build herself .
Robert will run himself .	Robert will run herself .
Nicole read herself .	Nicole read himself .
your grandmother must build herself .	your grandmother must build himself .
your brother says himself .	your brother says herself .
my mother can try herself .	my mother can try himself .
James built himself .	James built herself .
Michelle did n't build herself .	Michelle did n't build himself .
Samantha says herself .	Samantha says himself .
Donna reads herself .	Donna reads himself .
your dad had n't built himself .	your dad had n't built herself .
Robert ran himself .	Robert ran herself .
your mom had n't learned herself .	your mom had n't learned himself .
the lady was n't trying herself .	the lady was n't trying himself .
Jessica is building herself .	Jessica is building himself .
your dad read himself .	your dad read herself .
that boy wrote himself .	that boy wrote herself .
my brother built himself .	my brother built herself .
this guy runs himself .	this guy runs herself .
the king has tried himself .	the king has tried herself .
Bill runs himself .	Bill runs herself .
William was n't reading himself .	William was n't reading herself .
my wife says herself .	my wife says himself .
Sarah had n't tried herself .	Sarah had n't tried himself .
that man began himself .	that man began herself .
Sally can n't say herself .	Sally can n't say himself .
Wendy read herself .	Wendy read himself .
my daughter had n't built herself .	my daughter had n't built himself .
your father did n't say himself .	your father did n't say herself .
my mom is n't beginning herself .	my mom is n't beginning himself .
my grandmother read herself .	my grandmother read himself .
Brett did n't say himself .	Brett did n't say herself .
Richard should n't begin himself .	Richard should n't begin herself .
Donna was n't running herself .	Donna was n't running himself .
my sister has n't tried herself .	my sister has n't tried himself .
that boy would n't say himself .	that boy would n't say herself .
Jerry could say himself .	Jerry could say herself .
my father was trying himself .	my father was trying herself .
Aaron was n't reading himself .	Aaron was n't reading herself .
Allison had n't learned herself .	Allison had n't learned himself .
my grandmother ran herself .	my grandmother ran himself .
your husband should run himself .	your husband should run herself .
your wife is n't building herself .	your wife is n't building himself .
your sister was trying herself .	your sister was trying himself .
the lady was n't learning herself .	the lady was n't learning himself .
the boy does n't say himself .	the boy does n't say herself .
your mother is n't reading herself .	your mother is n't reading himself .
this woman read herself .	this woman read himself .
Steve will try himself .	Steve will try herself .
Rebecca begins herself .	Rebecca begins himself .
Allison was n't building herself .	Allison was n't building himself .
this queen began herself .	this queen began himself .
Tracy has said herself .	Tracy has said himself .
my mother should build herself .	my mother should build himself .
Barbara would n't begin herself .	Barbara would n't begin himself .
Peter learned himself .	Peter learned herself .
Deborah reads herself .	Deborah reads himself .
your daughter was n't learning herself .	your daughter was n't learning himself .
Alice read herself .	Alice read himself .
your son was n't beginning himself .	your son was n't beginning herself .
your brother was writing himself .	your brother was writing herself .
the woman was writing herself .	the woman was writing himself .
Sarah is trying herself .	Sarah is trying himself .
that king will begin himself .	that king will begin herself .
the king has run himself .	the king has run herself .
Donna would n't write herself .	Donna would n't write himself .
your husband can n't write himself .	your husband can n't write herself .
my grandmother has n't tried herself .	my grandmother has n't tried himself .
your wife says herself .	your wife says himself .
Noah is reading himself .	Noah is reading herself .
Christopher has tried himself .	Christopher has tried herself .
my grandmother would begin herself .	my grandmother would begin himself .
Kayla must learn herself .	Kayla must learn himself .
Michael had learned himself .	Michael had learned herself .
Elizabeth said herself .	Elizabeth said himself .
my son wrote himself .	my son wrote herself .
my grandmother reads herself .	my grandmother reads himself .
Tracy runs herself .	Tracy runs himself .
my brother is reading himself .	my brother is reading herself .
your mother has tried herself .	your mother has tried himself .
Aaron reads himself .	Aaron reads herself .
Dan had n't said himself .	Dan had n't said herself .
Alice would continue herself .	Alice would continue himself .
my mom had tried herself .	my mom had tried himself .
Jennifer should write herself .	Jennifer should write himself .
Ronald learned himself .	Ronald learned herself .
Michael wo n't try himself .	Michael wo n't try herself .
that queen is trying herself .	that queen is trying himself .
Peter has learned himself .	Peter has learned herself .
your son is n't reading himself .	your son is n't reading herself .
Brian did n't read himself .	Brian did n't read herself .
my mother says herself .	my mother says himself .
this lady is running herself .	this lady is running himself .
my son might build himself .	my son might build herself .
my grandmother should begin herself .	my grandmother should begin himself .
David was n't trying himself .	David was n't trying herself .
Mark ran himself .	Mark ran herself .
your father could n't write himself .	your father could n't write herself .
Timothy had built himself .	Timothy had built herself .
Scott learned himself .	Scott learned herself .
Nancy had n't said herself .	Nancy had n't said himself .
this boy read himself .	this boy read herself .
that king built himself .	that king built herself .
Steve begins himself .	Steve begins herself .
your grandmother should n't build herself .	your grandmother should n't build himself .
Jennifer said herself .	Jennifer said himself .
Eric began himself .	Eric began herself .
your wife begins herself .	your wife begins himself .
Liam had learned himself .	Liam had learned herself .
my son had n't tried himself .	my son had n't tried herself .
that guy was n't running himself .	that guy was n't running herself .
the lady built herself .	the lady built himself .
Daniel can n't read himself .	Daniel can n't read herself .
Thomas has n't written himself .	Thomas has n't written herself .
Jane can try herself .	Jane can try himself .
the boy began himself .	the boy began herself .
the king was trying himself .	the king was trying herself .
this boy did n't write himself .	this boy did n't write herself .
my husband said himself .	my husband said herself .
Bill had written himself .	Bill had written herself .
Emily should n't continue herself .	Emily should n't continue himself .
Sandra did n't continue herself .	Sandra did n't continue himself .
Lisa was writing herself .	Lisa was writing himself .
my sister began herself .	my sister began himself .
this guy has n't said himself .	this guy has n't said herself .
this woman will learn herself .	this woman will learn himself .
your father was saying himself .	your father was saying herself .
Robert was n't reading himself .	Robert was n't reading herself .
this queen reads herself .	this queen reads himself .
Renee has n't run herself .	Renee has n't run himself .
the woman has n't run herself .	the woman has n't run himself .
Julie had tried herself .	Julie had tried himself .
Barbara was writing herself .	Barbara was writing himself .
your daughter may learn herself .	your daughter may learn himself .
Jason is n't learning himself .	Jason is n't learning herself .
Alexander began himself .	Alexander began herself .
Becky could n't try herself .	Becky could n't try himself .
my father had n't written himself .	my father had n't written herself .
this girl is n't reading herself .	this girl is n't reading himself .
your mom can n't build herself .	your mom can n't build himself .
that man built himself .	that man built herself .
your brother was n't reading himself .	your brother was n't reading herself .
Carl can read himself .	Carl can read herself .
your grandmother does n't write herself .	your grandmother does n't write himself .
my dad said himself .	my dad said herself .
that man has n't read himself .	that man has n't read herself .
Brett had built himself .	Brett had built herself .
Donna began herself .	Donna began himself .
William is learning himself .	William is learning herself .
that queen had n't learned herself .	that queen had n't learned himself .
that king reads himself .	that king reads herself .
my brother has said himself .	my brother has said herself .
Gregory has n't said himself .	Gregory has n't said herself .
Aaron read himself .	Aaron read herself .
Melissa begins herself .	Melissa begins himself .
Todd has n't learned himself .	Todd has n't learned herself .
Guy can learn himself .	Guy can learn herself .
that lady said herself .	that lady said himself .
that boy runs himself .	that boy runs herself .
Robert must try himself .	Robert must try herself .
this king had n't tried himself .	this king had n't tried herself .
your mom had run herself .	your mom had run himself .
Rebecca will continue herself .	Rebecca will continue himself .
my son said himself .	my son said herself .
my sister begins herself .	my sister begins himself .
your dad might begin himself .	your dad might begin herself .
my husband says himself .	my husband says herself .
this king was n't reading himself .	this king was n't reading herself .
your son is trying himself .	your son is trying herself .
my mom can n't try herself .	my mom can n't try himself .
my daughter could begin herself .	my daughter could begin himself .
my daughter may build herself .	my daughter may build himself .
Rachel could continue herself .	Rachel could continue himself .
my brother was building himself .	my brother was building herself .
Patrick was reading himself .	Patrick was reading herself .
your father had n't built himself .	your father had n't built herself .
this king was saying himself .	this king was saying herself .
my son was running himself .	my son was running herself .
Becca is reading herself .	Becca is reading himself .
my grandmother did n't read herself .	my grandmother did n't read himself .
my father was n't writing himself .	my father was n't writing herself .
Emily had said herself .	Emily had said himself .
Rebecca was learning herself .	Rebecca was learning himself .
my wife reads herself .	my wife reads himself .
Leslie must write herself .	Leslie must write himself .
Patrick has tried himself .	Patrick has tried herself .
Sara had learned herself .	Sara had learned himself .
Andrew can n't build himself .	Andrew can n't build herself .
the lady read herself .	the lady read himself .
that man was n't building himself .	that man was n't building herself .
Robert would n't learn himself .	Robert would n't learn herself .
this lady reads herself .	this lady reads himself .
Robert has n't built himself .	Robert has n't built herself .
your brother is n't trying himself .	your brother is n't trying herself .
my dad read himself .	my dad read herself .
my father was saying himself .	my father was saying herself .
your mom built herself .	your mom built himself .
your father may begin himself .	your father may begin herself .
this queen had n't run herself .	this queen had n't run himself .
Denise was beginning herself .	Denise was beginning himself .
that girl does n't learn herself .	that girl does n't learn himself .
Adam is saying himself .	Adam is saying herself .
Mark had n't read himself .	Mark had n't read herself .
my daughter is n't beginning herself .	my daughter is n't beginning himself .
Deborah should n't write herself .	Deborah should n't write himself .
your husband read himself .	your husband read herself .
Amelia was saying herself .	Amelia was saying himself .
Ronald had built himself .	Ronald had built herself .
that girl has n't read herself .	that girl has n't read himself .
your husband could n't run himself .	your husband could n't run herself .
your mother began herself .	your mother began himself .
this woman runs herself .	this woman runs himself .
Peter had written himself .	Peter had written herself .
your brother was building himself .	your brother was building herself .
Richard is saying himself .	Richard is saying herself .
Catherine was n't saying herself .	Catherine was n't saying himself .
Amy had said herself .	Amy had said himself .
my mother reads herself .	my mother reads himself .
Deborah may write herself .	Deborah may write himself .
the girl has tried herself .	the girl has tried himself .
this lady could n't say herself .	this lady could n't say himself .
your father should write himself .	your father should write herself .
Brian could begin himself .	Brian could begin herself .
your dad is beginning himself .	your dad is beginning herself .
Melissa has n't run herself .	Melissa has n't run himself .
Peter could try himself .	Peter could try herself .
the woman can try herself .	the woman can try himself .
this man has n't written himself .	this man has n't written herself .
Carl had n't built himself .	Carl had n't built herself .
Eric has built himself .	Eric has built herself .
my father reads himself .	my father reads herself .
your dad was n't writing himself .	your dad was n't writing herself .
Liam runs himself .	Liam runs herself .
Judy is n't reading herself .	Judy is n't reading himself .
your wife could run herself .	your wife could run himself .
your brother was beginning himself .	your brother was beginning herself .
Dan said himself .	Dan said herself .
my sister should learn herself .	my sister should learn himself .
this king begins himself .	this king begins herself .
that woman might learn herself .	that woman might learn himself .
Aaron can read himself .	Aaron can read herself .
Mark had n't tried himself .	Mark had n't tried herself .
Jerry reads himself .	Jerry reads herself .
Carol was n't beginning herself .	Carol was n't beginning himself .
Nina can build herself .	Nina can build himself .
that queen was n't trying herself .	that queen was n't trying himself .
this king runs himself .	this king runs herself .
Gregory runs himself .	Gregory runs herself .
Peter is n't running himself .	Peter is n't running herself .
this woman has said herself .	this woman has said himself .
Brian reads himself .	Brian reads herself .
this woman began herself .	this woman began himself .
