this bowl those shoes talk to talks .	this bowl those shoes talks .
these bags the plane works with talk .	these bags the plane talk .
those bowls that chair works with laugh .	those bowls that chair laugh .
the book the shirts help exercises .	the book the shirts exercises .
this mirror the dishes scare paints .	this mirror the dishes paints .
that car the shoes worry exercises .	that car the shoes exercises .
the rug these bowls scare cries .	the rug these bowls cries .
this couch these cars praise cries .	this couch these cars cries .
the dolls that ship talks to win .	the dolls that ship win .
that bicycle these cups scare exercises .	that bicycle these cups exercises .
this crayon the trucks answer talks .	this crayon the trucks talks .
those toys this boat understands scream .	those toys this boat scream .
this bicycle the dishes worry waves .	this bicycle the dishes waves .
these hats the cup scares cry .	these hats the cup cry .
the car these cars work with exercises .	the car these cars exercises .
the car the boxes teach talks .	the car the boxes talks .
the ship these windows help reads .	the ship these windows reads .
this mirror those cars visit waves .	this mirror those cars waves .
this chair these cups understand cries .	this chair these cups cries .
those hats the toy talks to yell .	those hats the toy yell .
the windows this shoe talks to cough .	the windows this shoe cough .
the books that ship helps practice .	the books that ship practice .
the plane these rings care for talks .	the plane these rings talks .
that book those rings appreciate talks .	that book those rings talks .
these forks the chair scares paint .	these forks the chair paint .
these doors the doll talks to scream .	these doors the doll scream .
those cars that plane works with smile .	those cars that plane smile .
this plate these toys bother talks .	this plate these toys talks .
those books the plane understands exercise .	those books the plane exercise .
these crayons the candle works with paint .	these crayons the candle paint .
those boats the shirt works with exercise .	those boats the shirt exercise .
those boxes this bicycle understands stretch .	those boxes this bicycle stretch .
this candle these spoons scare reads .	this candle these spoons reads .
these books this crayon works with whisper .	these books this crayon whisper .
those pictures this mirror helps laugh .	those pictures this mirror laugh .
this car the spoons visit paints .	this car the spoons paints .
those spoons the bag scares cough .	those spoons the bag cough .
the cup these boxes scare reads .	the cup these boxes reads .
the ship those boats listen to reads .	the ship those boats reads .
this couch these dolls appreciate cries .	this couch these dolls cries .
this bag the shoes praise waves .	this bag the shoes waves .
these buttons the candle understands paint .	these buttons the candle paint .
this fork these bags understand paints .	this fork these bags paints .
the shirt those cars praise sings .	the shirt those cars sings .
these forks the book works with win .	these forks the book win .
those cups this button talks to yell .	those cups this button yell .
the car those bottles help cries .	the car those bottles cries .
these doors the bicycle talks to talk .	these doors the bicycle talk .
the cars this picture works with win .	the cars this picture win .
the boats that bowl scares practice .	the boats that bowl practice .
the dish the trucks bother waves .	the dish the trucks waves .
the book those hats praise reads .	the book those hats reads .
the shoe the cups worry reads .	the shoe the cups reads .
the candle these plates listen to sings .	the candle these plates sings .
those cars the button scares cough .	those cars the button cough .
these pictures this car understands sneeze .	these pictures this car sneeze .
this book the shoes understand paints .	this book the shoes paints .
the cups this book scares sneeze .	the cups this book sneeze .
those buttons this car scares wave .	those buttons this car wave .
the dishes that truck works with whisper .	the dishes that truck whisper .
this shoe these books visit exercises .	this shoe these books exercises .
this box these rings care for talks .	this box these rings talks .
those buttons this ship helps paint .	those buttons this ship paint .
these boats the hat scares wave .	these boats the hat wave .
the bowl those candles care for reads .	the bowl those candles reads .
the doors that plate understands read .	the doors that plate read .
the buttons that shirt helps practice .	the buttons that shirt practice .
this bed those hats care for talks .	this bed those hats talks .
that hat these bowls appreciate cries .	that hat these bowls cries .
this cup those crayons listen to waves .	this cup those crayons waves .
this picture the dishes teach reads .	this picture the dishes reads .
those chairs this couch talks to win .	those chairs this couch win .
that couch the forks visit exercises .	that couch the forks exercises .
those cars the mirror talks to smile .	those cars the mirror smile .
the boat those hats understand exercises .	the boat those hats exercises .
these beds the shoe helps talk .	these beds the shoe talk .
the truck these trucks answer reads .	the truck these trucks reads .
this boat the toys listen to reads .	this boat the toys reads .
the bottles the window works with practice .	the bottles the window practice .
this ship these books visit talks .	this ship these books talks .
this button the dolls answer sings .	this button the dolls sings .
the ring these cars worry reads .	the ring these cars reads .
this hat those rings work with waves .	this hat those rings waves .
those shoes this doll scares smile .	those shoes this doll smile .
the rocket the buttons listen to exercises .	the rocket the buttons exercises .
these pictures the bag understands scream .	these pictures the bag scream .
the spoon the shirts understand reads .	the spoon the shirts reads .
the bag those dishes listen to reads .	the bag those dishes reads .
that ring these shoes answer waves .	that ring these shoes waves .
these books the bicycle works with practice .	these books the bicycle practice .
those dolls this book works with scream .	those dolls this book scream .
the candle the spoons teach reads .	the candle the spoons reads .
these crayons the boat scares practice .	these crayons the boat practice .
that fork these boxes teach exercises .	that fork these boxes exercises .
this plane those shirts teach cries .	this plane those shirts cries .
that boat the bowls understand waves .	that boat the bowls waves .
those plates that shirt talks to exercise .	those plates that shirt exercise .
the beds this button scares stretch .	the beds this button stretch .
that mirror those bowls worry reads .	that mirror those bowls reads .
those candles that bowl works with paint .	those candles that bowl paint .
these bags the book understands whisper .	these bags the book whisper .
the plate these bowls visit cries .	the plate these bowls cries .
those beds that book works with sneeze .	those beds that book sneeze .
these crayons the bicycle talks to paint .	these crayons the bicycle paint .
those cars this mirror helps win .	those cars this mirror win .
the doll these cars care for reads .	the doll these cars reads .
those beds that mirror understands wave .	those beds that mirror wave .
the spoon those trucks care for cries .	the spoon those trucks cries .
the doors that car talks to practice .	the doors that car practice .
that button these cars care for waves .	that button these cars waves .
this bag these toys listen to exercises .	this bag these toys exercises .
those pictures this rug works with yell .	those pictures this rug yell .
these books that bowl talks to win .	these books that bowl win .
this mirror those shirts help exercises .	this mirror those shirts exercises .
these doors this ship helps sing .	these doors this ship sing .
those cups this toy works with read .	those cups this toy read .
this dish the beds appreciate talks .	this dish the beds talks .
these dishes this window talks to yell .	these dishes this window yell .
the dishes that hat talks to paint .	the dishes that hat paint .
the mirror these windows praise sings .	the mirror these windows sings .
those cars that bowl talks to talk .	those cars that bowl talk .
the fork the chairs teach waves .	the fork the chairs waves .
this bed those pictures visit waves .	this bed those pictures waves .
those beds the bag works with scream .	those beds the bag scream .
this bed these beds work with reads .	this bed these beds reads .
those dishes the glass helps laugh .	those dishes the glass laugh .
these bottles that chair understands practice .	these bottles that chair practice .
that chair the windows talk to waves .	that chair the windows waves .
this chair the forks care for cries .	this chair the forks cries .
this glass those cars bother reads .	this glass those cars reads .
this doll these boxes praise reads .	this doll these boxes reads .
those rings that book helps cough .	those rings that book cough .
those bags this book scares practice .	those bags this book practice .
the mirror the hats bother waves .	the mirror the hats waves .
those cars this shirt works with win .	those cars this shirt win .
the mirror the boats care for reads .	the mirror the boats reads .
that candle the dishes teach paints .	that candle the dishes paints .
the bowl the candles teach talks .	the bowl the candles talks .
the book these books listen to exercises .	the book these books exercises .
these dishes this toy talks to win .	these dishes this toy win .
these cups that ring works with paint .	these cups that ring paint .
the chair the rings talk to sings .	the chair the rings sings .
that crayon these beds answer cries .	that crayon these beds cries .
these cups that couch scares read .	these cups that couch read .
this plate those cars answer waves .	this plate those cars waves .
this button these doors visit cries .	this button these doors cries .
that button these bowls scare talks .	that button these bowls talks .
that plate those glasses scare waves .	that plate those glasses waves .
the plate these toys visit paints .	the plate these toys paints .
this ship the bottles help waves .	this ship the bottles waves .
the books that book helps whisper .	the books that book whisper .
this spoon those cars bother paints .	this spoon those cars paints .
those trucks that doll understands win .	those trucks that doll win .
the chairs the plane scares lie .	the chairs the plane lie .
the crayons this rocket talks to cry .	the crayons this rocket cry .
this rocket the dishes bother sings .	this rocket the dishes sings .
the truck the shirts appreciate exercises .	the truck the shirts exercises .
those chairs this chair talks to read .	those chairs this chair read .
the toys this picture works with laugh .	the toys this picture laugh .
these hats this bottle helps sing .	these hats this bottle sing .
this cup the doors teach exercises .	this cup the doors exercises .
those toys that rug scares win .	those toys that rug win .
that toy the rings answer sings .	that toy the rings sings .
the couch these books worry paints .	the couch these books paints .
that mirror the windows bother talks .	that mirror the windows talks .
those crayons that bottle understands wave .	those crayons that bottle wave .
this button the spoons listen to waves .	this button the spoons waves .
those books the doll scares scream .	those books the doll scream .
these rings this shirt understands scream .	these rings this shirt scream .
the chair these doors appreciate waves .	the chair these doors waves .
the plates this bowl helps wave .	the plates this bowl wave .
those dishes that picture helps lie .	those dishes that picture lie .
these dishes that ship understands whisper .	these dishes that ship whisper .
the dolls that doll helps cry .	the dolls that doll cry .
this dish those crayons understand reads .	this dish those crayons reads .
the crayons the rug helps smile .	the crayons the rug smile .
that truck these trucks teach talks .	that truck these trucks talks .
the bowl those candles worry waves .	the bowl those candles waves .
the glasses the car talks to yell .	the glasses the car yell .
the truck the pictures appreciate cries .	the truck the pictures cries .
that truck those crayons teach waves .	that truck those crayons waves .
this shirt those pictures teach cries .	this shirt those pictures cries .
that chair these books help exercises .	that chair these books exercises .
the dolls this boat scares yell .	the dolls this boat yell .
that plane those doors help sings .	that plane those doors sings .
the rug the trucks care for reads .	the rug the trucks reads .
the windows the mirror talks to lie .	the windows the mirror lie .
these bowls that rocket helps sneeze .	these bowls that rocket sneeze .
the beds the window talks to lose .	the beds the window lose .
that rocket the cars bother talks .	that rocket the cars talks .
that glass these candles teach paints .	that glass these candles paints .
those bags this ring talks to cough .	those bags this ring cough .
the glass those buttons worry cries .	the glass those buttons cries .
the book the shoes visit paints .	the book the shoes paints .
this button these shoes visit sings .	this button these shoes sings .
the car the boxes work with reads .	the car the boxes reads .
these pictures the fork talks to yell .	these pictures the fork yell .
the doors that shoe understands exercise .	the doors that shoe exercise .
those cars this car talks to smile .	those cars this car smile .
these shoes this box understands wave .	these shoes this box wave .
the cars this car helps practice .	the cars this car practice .
these crayons the mirror helps read .	these crayons the mirror read .
these hats this bed helps whisper .	these hats this bed whisper .
those cars the fork works with read .	those cars the fork read .
that ship those doors worry cries .	that ship those doors cries .
those buttons the ship helps lose .	those buttons the ship lose .
these bowls that spoon scares read .	these bowls that spoon read .
that picture the beds teach reads .	that picture the beds reads .
these boats the ring works with talk .	these boats the ring talk .
the cars this bicycle helps talk .	the cars this bicycle talk .
that shoe those trucks talk to cries .	that shoe those trucks cries .
those bottles the mirror talks to smile .	those bottles the mirror smile .
this rocket these cups visit sings .	this rocket these cups sings .
the shoe those books listen to exercises .	the shoe those books exercises .
these chairs that doll works with wave .	these chairs that doll wave .
the trucks the truck understands scream .	the trucks the truck scream .
the dolls the hat talks to cry .	the dolls the hat cry .
the bowl those dolls teach cries .	the bowl those dolls cries .
the books this picture helps paint .	the books this picture paint .
that shoe these pictures scare sings .	that shoe these pictures sings .
the hat these cars worry exercises .	the hat these cars exercises .
that car the bags care for waves .	that car the bags waves .
that plate the beds teach cries .	that plate the beds cries .
those shoes the shoe talks to talk .	those shoes the shoe talk .
the boat those dishes teach reads .	the boat those dishes reads .
this hat the boxes teach cries .	this hat the boxes cries .
the book the candles worry sings .	the book the candles sings .
those doors the plate talks to scream .	those doors the plate scream .
those hats this button scares lose .	those hats this button lose .
these beds that ship talks to scream .	these beds that ship scream .
the candle these rings scare sings .	the candle these rings sings .
that couch these rings appreciate talks .	that couch these rings talks .
the chair these toys care for cries .	the chair these toys cries .
this bicycle the cars teach talks .	this bicycle the cars talks .
these crayons this bag understands lie .	these crayons this bag lie .
those cars this car understands stretch .	those cars this car stretch .
the trucks this chair scares practice .	the trucks this chair practice .
these spoons that candle talks to whisper .	these spoons that candle whisper .
the trucks the toy talks to cry .	the trucks the toy cry .
this plate those bags answer paints .	this plate those bags paints .
these candles that book scares exercise .	these candles that book exercise .
these cars this ring scares wave .	these cars this ring wave .
this car these boats understand exercises .	this car these boats exercises .
this car the buttons bother reads .	this car the buttons reads .
the windows this car understands stretch .	the windows this car stretch .
these rings this cup talks to talk .	these rings this cup talk .
that bottle those boxes bother exercises .	that bottle those boxes exercises .
the bed the books scare talks .	the bed the books talks .
that bicycle those pictures work with exercises .	that bicycle those pictures exercises .
the rings that bed understands lose .	the rings that bed lose .
those boxes this car understands cry .	those boxes this car cry .
the bottles that car talks to cry .	the bottles that car cry .
the rug those crayons care for cries .	the rug those crayons cries .
this truck these doors answer paints .	this truck these doors paints .
those books this shirt understands cough .	those books this shirt cough .
this crayon these cars appreciate talks .	this crayon these cars talks .
those books that mirror works with cry .	those books that mirror cry .
that fork these plates scare paints .	that fork these plates paints .
these hats the mirror understands practice .	these hats the mirror practice .
the bottles that shoe understands lie .	the bottles that shoe lie .
those pictures this shirt works with smile .	those pictures this shirt smile .
the chair the books listen to paints .	the chair the books paints .
the cup these candles talk to paints .	the cup these candles paints .
those books that rug helps scream .	those books that rug scream .
the rocket those shirts work with sings .	the rocket those shirts sings .
the cups the truck helps stretch .	the cups the truck stretch .
the bowl the dishes appreciate paints .	the bowl the dishes paints .
that shirt these spoons help paints .	that shirt these spoons paints .
the cars that boat understands stretch .	the cars that boat stretch .
these boxes this glass scares paint .	these boxes this glass paint .
those bags the bag understands practice .	those bags the bag practice .
those beds that doll scares yell .	those beds that doll yell .
those boats this boat helps sing .	those boats this boat sing .
the hats that glass works with paint .	the hats that glass paint .
those plates the bag works with lose .	those plates the bag lose .
those rings this rocket works with read .	those rings this rocket read .
those books this car understands stretch .	those books this car stretch .
these doors the car talks to whisper .	these doors the car whisper .
the ship these bowls bother cries .	the ship these bowls cries .
those boats the bottle understands sing .	those boats the bottle sing .
the pictures that bag talks to cry .	the pictures that bag cry .
this chair these rings praise waves .	this chair these rings waves .
those windows this boat scares win .	those windows this boat win .
this button those bags answer sings .	this button those bags sings .
this mirror those beds praise sings .	this mirror those beds sings .
that plate these plates answer exercises .	that plate these plates exercises .
this ship the cars understand exercises .	this ship the cars exercises .
the bottles the window understands sing .	the bottles the window sing .
that toy these bowls talk to exercises .	that toy these bowls exercises .
that window these dolls scare waves .	that window these dolls waves .
those dishes that couch understands win .	those dishes that couch win .
this plate those hats understand cries .	this plate those hats cries .
this chair those glasses scare talks .	this chair those glasses talks .
those glasses that bed helps sneeze .	those glasses that bed sneeze .
the boat the rings scare cries .	the boat the rings cries .
the bed the spoons understand sings .	the bed the spoons sings .
the boxes that ship works with exercise .	the boxes that ship exercise .
this car those doors talk to talks .	this car those doors talks .
these spoons the spoon talks to whisper .	these spoons the spoon whisper .
these dishes that bag helps wave .	these dishes that bag wave .
those books this shirt talks to lose .	those books this shirt lose .
that doll those pictures listen to reads .	that doll those pictures reads .
the pictures the bowl scares lose .	the pictures the bowl lose .
those cars that doll understands cough .	those cars that doll cough .
that truck those bottles care for sings .	that truck those bottles sings .
this chair the boxes teach cries .	this chair the boxes cries .
the dolls that dish helps smile .	the dolls that dish smile .
the couch the glasses teach talks .	the couch the glasses talks .
that boat these rings worry talks .	that boat these rings talks .
these cars the couch talks to wave .	these cars the couch wave .
this chair the bags help cries .	this chair the bags cries .
these toys this bowl understands sing .	these toys this bowl sing .
this plane the doors praise sings .	this plane the doors sings .
the doll those doors work with cries .	the doll those doors cries .
this rug the books worry reads .	this rug the books reads .
those dolls the couch scares win .	those dolls the couch win .
that boat the windows listen to exercises .	that boat the windows exercises .
these crayons that picture understands scream .	these crayons that picture scream .
the windows the fork scares stretch .	the windows the fork stretch .
the bags that plane helps exercise .	the bags that plane exercise .
that hat the cars bother exercises .	that hat the cars exercises .
the car the crayons praise paints .	the car the crayons paints .
these buttons that button helps win .	these buttons that button win .
that box these hats answer waves .	that box these hats waves .
the windows that truck scares laugh .	the windows that truck laugh .
this car these shoes talk to waves .	this car these shoes waves .
the shoes the ship scares lie .	the shoes the ship lie .
that mirror those boxes help exercises .	that mirror those boxes exercises .
the candles the rug works with scream .	the candles the rug scream .
the chair those doors bother reads .	the chair those doors reads .
that car the plates bother paints .	that car the plates paints .
the hat these candles listen to talks .	the hat these candles talks .
this couch those pictures visit sings .	this couch those pictures sings .
the button those bags teach exercises .	the button those bags exercises .
that doll those shoes worry paints .	that doll those shoes paints .
the glass the cars talk to reads .	the glass the cars reads .
the toys this spoon helps cry .	the toys this spoon cry .
the crayon the cups bother waves .	the crayon the cups waves .
that crayon those cars visit paints .	that crayon those cars paints .
this bowl those cars worry paints .	this bowl those cars paints .
the ship those cars worry paints .	the ship those cars paints .
the buttons the plane works with paint .	the buttons the plane paint .
this cup these bowls bother exercises .	this cup these bowls exercises .
the shirts that ship understands sing .	the shirts that ship sing .
the cars that crayon understands exercise .	the cars that crayon exercise .
that chair those candles bother cries .	that chair those candles cries .
the rocket those cars answer talks .	the rocket those cars talks .
this ship the chairs praise sings .	this ship the chairs sings .
that boat the books talk to reads .	that boat the books reads .
this bed the pictures answer sings .	this bed the pictures sings .
the doll the books teach cries .	the doll the books cries .
these buttons that picture understands cough .	these buttons that picture cough .
those cars the bed scares lie .	those cars the bed lie .
this cup the dolls help paints .	this cup the dolls paints .
those chairs the plane works with laugh .	those chairs the plane laugh .
the glass those chairs bother cries .	the glass those chairs cries .
the toys this plate scares talk .	the toys this plate talk .
those beds that bicycle helps yell .	those beds that bicycle yell .
the car the boats work with waves .	the car the boats waves .
those cups that book works with win .	those cups that book win .
the candles that plane understands lie .	the candles that plane lie .
the bags this spoon scares cry .	the bags this spoon cry .
those cars that mirror scares practice .	those cars that mirror practice .
that couch the boxes answer paints .	that couch the boxes paints .
those boats that rocket helps talk .	those boats that rocket talk .
those dolls that bowl scares sing .	those dolls that bowl sing .
this plate the toys bother paints .	this plate the toys paints .
this bicycle the beds work with sings .	this bicycle the beds sings .
this bed these crayons help paints .	this bed these crayons paints .
these shirts that toy talks to laugh .	these shirts that toy laugh .
the box these rings praise paints .	the box these rings paints .
that glass the bowls appreciate reads .	that glass the bowls reads .
this plate the glasses bother cries .	this plate the glasses cries .
the spoon the trucks bother exercises .	the spoon the trucks exercises .
the boxes the car scares sneeze .	the boxes the car sneeze .
that fork these bags answer cries .	that fork these bags cries .
that car the crayons help cries .	that car the crayons cries .
those bowls the bag helps sing .	those bowls the bag sing .
this plate those crayons listen to reads .	this plate those crayons reads .
the beds this window scares sing .	the beds this window sing .
those shirts this couch works with practice .	those shirts this couch practice .
those bottles this doll talks to smile .	those bottles this doll smile .
that dish these chairs talk to sings .	that dish these chairs sings .
this shirt these windows talk to reads .	this shirt these windows reads .
these books the hat works with talk .	these books the hat talk .
the rings this ship understands exercise .	the rings this ship exercise .
the trucks that glass understands sneeze .	the trucks that glass sneeze .
this shoe those forks understand sings .	this shoe those forks sings .
those plates the mirror works with whisper .	those plates the mirror whisper .
this cup these dolls praise exercises .	this cup these dolls exercises .
these cars this glass talks to lose .	these cars this glass lose .
the window those toys bother sings .	the window those toys sings .
the bowls this bottle understands cough .	the bowls this bottle cough .
that truck the shirts answer cries .	that truck the shirts cries .
the hat those crayons appreciate reads .	the hat those crayons reads .
these cups that doll works with sing .	these cups that doll sing .
those hats that book talks to sneeze .	those hats that book sneeze .
these shoes the couch talks to scream .	these shoes the couch scream .
those toys that picture scares read .	those toys that picture read .
this plane these books bother sings .	this plane these books sings .
the windows this dish talks to win .	the windows this dish win .
those bowls that book helps whisper .	those bowls that book whisper .
the trucks this ship scares cry .	the trucks this ship cry .
this car the forks praise cries .	this car the forks cries .
the rings the doll helps smile .	the rings the doll smile .
the bowls the car scares lose .	the bowls the car lose .
this door those windows care for reads .	this door those windows reads .
those bowls the fork talks to lie .	those bowls the fork lie .
those bottles that bowl talks to win .	those bottles that bowl win .
those cars the hat scares sing .	those cars the hat sing .
this plate these chairs worry sings .	this plate these chairs sings .
the glass those doors answer talks .	the glass those doors talks .
that cup these cups work with cries .	that cup these cups cries .
that bag the plates worry exercises .	that bag the plates exercises .
those bags this picture helps practice .	those bags this picture practice .
these spoons this shoe understands smile .	these spoons this shoe smile .
the couch the bags understand reads .	the couch the bags reads .
this couch these bags understand sings .	this couch these bags sings .
the cars that book helps stretch .	the cars that book stretch .
this plate those windows visit paints .	this plate those windows paints .
that candle those plates care for sings .	that candle those plates sings .
that ring those shirts help sings .	that ring those shirts sings .
the doors the car understands cry .	the doors the car cry .
this glass those windows bother waves .	this glass those windows waves .
the plate the chairs listen to reads .	the plate the chairs reads .
these bags this bed talks to lose .	these bags this bed lose .
that spoon these crayons help sings .	that spoon these crayons sings .
the chairs the car understands paint .	the chairs the car paint .
the bags that spoon scares sing .	the bags that spoon sing .
those bowls that truck scares lie .	those bowls that truck lie .
the glasses this ring scares read .	the glasses this ring read .
that toy the candles answer reads .	that toy the candles reads .
this chair the plates scare exercises .	this chair the plates exercises .
the doors the hat talks to cough .	the doors the hat cough .
these pictures that chair helps paint .	these pictures that chair paint .
this spoon those toys understand exercises .	this spoon those toys exercises .
the bowls this crayon works with smile .	the bowls this crayon smile .
this cup the boats talk to exercises .	this cup the boats exercises .
the shirts this couch scares win .	the shirts this couch win .
the cars the ship talks to lie .	the cars the ship lie .
the rocket those books appreciate cries .	the rocket those books cries .
the cars this glass understands talk .	the cars this glass talk .
that couch those dolls answer reads .	that couch those dolls reads .
this boat these bags worry paints .	this boat these bags paints .
the windows that car talks to lie .	the windows that car lie .
these doors that boat works with laugh .	these doors that boat laugh .
the trucks this hat scares talk .	the trucks this hat talk .
this glass those cars understand reads .	this glass those cars reads .
the forks that toy understands cry .	the forks that toy cry .
this picture those bottles worry cries .	this picture those bottles cries .
those toys that shirt understands lose .	those toys that shirt lose .
these buttons the hat works with smile .	these buttons the hat smile .
that book those dishes help reads .	that book those dishes reads .
this truck the windows work with sings .	this truck the windows sings .
these plates this book helps smile .	these plates this book smile .
these glasses this ring helps yell .	these glasses this ring yell .
that button these dolls praise exercises .	that button these dolls exercises .
that mirror these crayons understand sings .	that mirror these crayons sings .
this glass the bottles listen to cries .	this glass the bottles cries .
this book the forks work with paints .	this book the forks paints .
the windows the toy works with exercise .	the windows the toy exercise .
those dolls the bicycle understands win .	those dolls the bicycle win .
the buttons this glass helps cry .	the buttons this glass cry .
these glasses the bag scares cough .	these glasses the bag cough .
the candle the plates worry cries .	the candle the plates cries .
these pictures the box helps scream .	these pictures the box scream .
the picture those crayons work with waves .	the picture those crayons waves .
this spoon the cars listen to sings .	this spoon the cars sings .
these cars the book understands sneeze .	these cars the book sneeze .
this button the beds appreciate reads .	this button the beds reads .
the rug those bowls visit cries .	the rug those bowls cries .
those plates this cup understands scream .	those plates this cup scream .
that plane those windows praise exercises .	that plane those windows exercises .
that ship these bottles understand paints .	that ship these bottles paints .
this bed the shirts appreciate waves .	this bed the shirts waves .
that toy the buttons care for talks .	that toy the buttons talks .
this box these buttons bother reads .	this box these buttons reads .
the boats this fork helps practice .	the boats this fork practice .
these dishes that rocket scares sing .	these dishes that rocket sing .
these cars this plane talks to sneeze .	these cars this plane sneeze .
the spoons the plane talks to read .	the spoons the plane read .
these cars the rug talks to paint .	these cars the rug paint .
those books the cup helps lie .	those books the cup lie .
that fork those boxes answer cries .	that fork those boxes cries .
that boat these plates praise reads .	that boat these plates reads .
those chairs the shirt talks to laugh .	those chairs the shirt laugh .
the trucks that window scares wave .	the trucks that window wave .
that chair those glasses praise paints .	that chair those glasses paints .
these dishes that window understands win .	these dishes that window win .
that boat these boxes answer reads .	that boat these boxes reads .
the plate those shoes answer talks .	the plate those shoes talks .
those shirts this bed works with talk .	those shirts this bed talk .
these books this boat scares sing .	these books this boat sing .
this book those doors worry talks .	this book those doors talks .
this glass those crayons care for exercises .	this glass those crayons exercises .
these shirts this toy understands whisper .	these shirts this toy whisper .
that bottle those candles praise cries .	that bottle those candles cries .
the beds this plane helps cough .	the beds this plane cough .
those plates that bed works with talk .	those plates that bed talk .
these toys that bicycle understands cry .	these toys that bicycle cry .
the windows this car talks to lie .	the windows this car lie .
this window these boats praise talks .	this window these boats talks .
those beds this car talks to yell .	those beds this car yell .
the hats this window helps exercise .	the hats this window exercise .
the couch those boxes visit reads .	the couch those boxes reads .
the spoons that car talks to smile .	the spoons that car smile .
the beds that truck talks to cry .	the beds that truck cry .
the bed those shoes work with paints .	the bed those shoes paints .
this spoon these bowls teach exercises .	this spoon these bowls exercises .
these rings the bottle works with lose .	these rings the bottle lose .
that bicycle these pictures listen to sings .	that bicycle these pictures sings .
those glasses that mirror talks to read .	those glasses that mirror read .
the bed the candles help cries .	the bed the candles cries .
those shirts this candle scares wave .	those shirts this candle wave .
the books that bed works with win .	the books that bed win .
these cars this doll talks to sneeze .	these cars this doll sneeze .
those boats this cup scares practice .	those boats this cup practice .
these shirts the bicycle works with read .	these shirts the bicycle read .
these rings that window works with whisper .	these rings that window whisper .
these doors this candle scares sneeze .	these doors this candle sneeze .
that candle those dishes praise exercises .	that candle those dishes exercises .
these shoes the door helps read .	these shoes the door read .
that doll the boats visit reads .	that doll the boats reads .
those shoes the book helps win .	those shoes the book win .
this dish those cars understand cries .	this dish those cars cries .
the ring these dolls understand talks .	the ring these dolls talks .
these shirts that plane helps exercise .	these shirts that plane exercise .
that couch these shoes bother waves .	that couch these shoes waves .
the picture the candles work with reads .	the picture the candles reads .
these spoons the couch talks to cough .	these spoons the couch cough .
the chair these trucks scare waves .	the chair these trucks waves .
the bed those pictures help exercises .	the bed those pictures exercises .
the boxes the box helps stretch .	the boxes the box stretch .
this cup these toys listen to sings .	this cup these toys sings .
that picture these chairs answer sings .	that picture these chairs sings .
these dolls the boat talks to sneeze .	these dolls the boat sneeze .
the bicycle those boxes work with talks .	the bicycle those boxes talks .
these glasses the shoe helps lose .	these glasses the shoe lose .
this cup the dishes scare waves .	this cup the dishes waves .
these cups this candle helps stretch .	these cups this candle stretch .
that book those pictures worry cries .	that book those pictures cries .
the bags this box understands cry .	the bags this box cry .
the forks this truck understands lie .	the forks this truck lie .
those doors the boat scares practice .	those doors the boat practice .
this bowl these cars bother reads .	this bowl these cars reads .
that rocket these rings teach sings .	that rocket these rings sings .
the cups this rocket helps lose .	the cups this rocket lose .
those cars this shoe helps stretch .	those cars this shoe stretch .
the crayons the mirror talks to smile .	the crayons the mirror smile .
these books the shoe works with talk .	these books the shoe talk .
this mirror these dolls care for paints .	this mirror these dolls paints .
the spoons this book scares talk .	the spoons this book talk .
the shoes that bicycle talks to read .	the shoes that bicycle read .
this boat these dishes worry exercises .	this boat these dishes exercises .
that door the boxes answer waves .	that door the boxes waves .
this button these boats care for exercises .	this button these boats exercises .
these cars that bowl understands exercise .	these cars that bowl exercise .
those chairs this crayon helps practice .	those chairs this crayon practice .
the candles that box scares sing .	the candles that box sing .
the spoons the truck works with wave .	the spoons the truck wave .
this door those forks appreciate sings .	this door those forks sings .
these windows this dish helps exercise .	these windows this dish exercise .
that candle those dishes visit talks .	that candle those dishes talks .
that cup those books listen to sings .	that cup those books sings .
this spoon those bags visit sings .	this spoon those bags sings .
the bottles this doll helps scream .	the bottles this doll scream .
the rocket the windows teach exercises .	the rocket the windows exercises .
the trucks that shirt scares wave .	the trucks that shirt wave .
those cars that rug understands lose .	those cars that rug lose .
the box these trucks bother talks .	the box these trucks talks .
those bags the doll works with smile .	those bags the doll smile .
that door the bottles care for reads .	that door the bottles reads .
those boxes that toy understands yell .	those boxes that toy yell .
the dolls the shoe understands cough .	the dolls the shoe cough .
the windows the ring helps yell .	the windows the ring yell .
these boxes that book scares win .	these boxes that book win .
the window the cups help reads .	the window the cups reads .
those books the rocket helps practice .	those books the rocket practice .
that bag those bags care for paints .	that bag those bags paints .
these hats that doll works with stretch .	these hats that doll stretch .
the candles this shirt helps wave .	the candles this shirt wave .
these cups the window scares scream .	these cups the window scream .
the beds the rocket works with whisper .	the beds the rocket whisper .
that toy these bags work with talks .	that toy these bags talks .
these books the shoe scares win .	these books the shoe win .
these cups that truck scares sneeze .	these cups that truck sneeze .
those hats this chair understands whisper .	those hats this chair whisper .
these windows the book helps paint .	these windows the book paint .
this rocket those books understand waves .	this rocket those books waves .
these dishes that bottle helps practice .	these dishes that bottle practice .
those chairs the truck works with laugh .	those chairs the truck laugh .
these rings this picture works with talk .	these rings this picture talk .
that cup those dishes care for reads .	that cup those dishes reads .
that candle those chairs scare exercises .	that candle those chairs exercises .
the windows the toy helps lose .	the windows the toy lose .
those bowls that ring works with lie .	those bowls that ring lie .
this car the dolls answer talks .	this car the dolls talks .
this bicycle those windows help waves .	this bicycle those windows waves .
that couch these pictures listen to sings .	that couch these pictures sings .
the boats the glass talks to lie .	the boats the glass lie .
the spoons the box scares cry .	the spoons the box cry .
those shoes that ship helps lose .	those shoes that ship lose .
those crayons the candle works with stretch .	those crayons the candle stretch .
the bicycle the doors teach cries .	the bicycle the doors cries .
these bowls the car works with lie .	these bowls the car lie .
that toy the trucks help cries .	that toy the trucks cries .
that bowl these crayons understand exercises .	that bowl these crayons exercises .
the boats this ship works with paint .	the boats this ship paint .
the hats that couch helps talk .	the hats that couch talk .
these rings that cup scares lie .	these rings that cup lie .
the truck the cars worry exercises .	the truck the cars exercises .
the glass these dolls bother sings .	the glass these dolls sings .
the book the crayons scare talks .	the book the crayons talks .
that plane those windows listen to reads .	that plane those windows reads .
these books the mirror works with scream .	these books the mirror scream .
that candle those crayons worry cries .	that candle those crayons cries .
this bowl these plates worry exercises .	this bowl these plates exercises .
this button those trucks teach exercises .	this button those trucks exercises .
that bowl the cups scare waves .	that bowl the cups waves .
that cup these books scare talks .	that cup these books talks .
these glasses this bottle helps paint .	these glasses this bottle paint .
that book these rings teach waves .	that book these rings waves .
those cars this hat talks to lie .	those cars this hat lie .
that book the beds appreciate sings .	that book the beds sings .
that window the books listen to waves .	that window the books waves .
the button these beds work with reads .	the button these beds reads .
that dish these cars scare talks .	that dish these cars talks .
those shirts the ship helps laugh .	those shirts the ship laugh .
these forks that door talks to laugh .	these forks that door laugh .
those toys that rug talks to win .	those toys that rug win .
the beds the crayon helps lie .	the beds the crayon lie .
the rings that box scares sneeze .	the rings that box sneeze .
the shoes that toy helps wave .	the shoes that toy wave .
the book those glasses help cries .	the book those glasses cries .
the cars this fork helps sneeze .	the cars this fork sneeze .
the chair the buttons bother paints .	the chair the buttons paints .
that plate the hats listen to reads .	that plate the hats reads .
the glass these glasses answer reads .	the glass these glasses reads .
those plates that button works with sneeze .	those plates that button sneeze .
this glass these cups teach talks .	this glass these cups talks .
that glass those shirts talk to talks .	that glass those shirts talks .
those forks that doll scares talk .	those forks that doll talk .
this candle the boats talk to cries .	this candle the boats cries .
the dishes that plane understands talk .	the dishes that plane talk .
those doors the plane helps paint .	those doors the plane paint .
the bowl the boats answer reads .	the bowl the boats reads .
those dishes that chair talks to read .	those dishes that chair read .
those rings the rocket understands yell .	those rings the rocket yell .
the dolls this bicycle helps whisper .	the dolls this bicycle whisper .
the fork the plates work with paints .	the fork the plates paints .
the shoes that shoe talks to smile .	the shoes that shoe smile .
this door these books answer cries .	this door these books cries .
those cars this car understands scream .	those cars this car scream .
this ship the spoons answer paints .	this ship the spoons paints .
this door the buttons visit reads .	this door the buttons reads .
this bicycle those boxes praise reads .	this bicycle those boxes reads .
the shoes that doll scares win .	the shoes that doll win .
that plate the dishes work with waves .	that plate the dishes waves .
this bowl these dishes teach sings .	this bowl these dishes sings .
this rug these trucks answer waves .	this rug these trucks waves .
the books the dish works with win .	the books the dish win .
that candle these bags appreciate paints .	that candle these bags paints .
this box the boxes worry paints .	this box the boxes paints .
these bottles the ship understands laugh .	these bottles the ship laugh .
the candles this bed works with practice .	the candles this bed practice .
these crayons the cup scares whisper .	these crayons the cup whisper .
those beds that spoon helps scream .	those beds that spoon scream .
this bicycle the dolls help paints .	this bicycle the dolls paints .
the cars this bottle understands practice .	the cars this bottle practice .
that button those dishes scare talks .	that button those dishes talks .
that bed the cars teach exercises .	that bed the cars exercises .
the plates that book scares read .	the plates that book read .
the hats this rocket scares win .	the hats this rocket win .
that bed the candles appreciate exercises .	that bed the candles exercises .
the box those doors visit waves .	the box those doors waves .
this car the glasses understand sings .	this car the glasses sings .
the car those shirts talk to paints .	the car those shirts paints .
this box the beds visit paints .	this box the beds paints .
these rings this hat works with laugh .	these rings this hat laugh .
the chairs this book talks to stretch .	the chairs this book stretch .
the toy those shoes work with paints .	the toy those shoes paints .
these hats that doll works with smile .	these hats that doll smile .
that window these bags worry waves .	that window these bags waves .
these cars that mirror understands read .	these cars that mirror read .
that book the doors visit talks .	that book the doors talks .
this mirror those crayons talk to waves .	this mirror those crayons waves .
these cars that doll works with win .	these cars that doll win .
the button those boats help reads .	the button those boats reads .
the books this bed works with read .	the books this bed read .
that book these spoons appreciate waves .	that book these spoons waves .
the rug these books praise talks .	the rug these books talks .
those dishes that window scares lie .	those dishes that window lie .
the hats that candle works with practice .	the hats that candle practice .
these shirts this mirror scares lose .	these shirts this mirror lose .
the forks that truck talks to laugh .	the forks that truck laugh .
the boxes this rocket works with paint .	the boxes this rocket paint .
these bottles this mirror works with talk .	these bottles this mirror talk .
that crayon the windows worry exercises .	that crayon the windows exercises .
that ring these hats answer reads .	that ring these hats reads .
those candles this chair scares sneeze .	those candles this chair sneeze .
these chairs the car understands stretch .	these chairs the car stretch .
this shoe these spoons bother cries .	this shoe these spoons cries .
the candles this glass works with wave .	the candles this glass wave .
the door those beds bother exercises .	the door those beds exercises .
that button the doors praise cries .	that button the doors cries .
the spoons this door helps smile .	the spoons this door smile .
the car those bags care for paints .	the car those bags paints .
those bottles that chair helps laugh .	those bottles that chair laugh .
those spoons that chair works with exercise .	those spoons that chair exercise .
the boats that couch works with lie .	the boats that couch lie .
this book these beds care for talks .	this book these beds talks .
the doors this couch talks to talk .	the doors this couch talk .
these bottles this rocket scares stretch .	these bottles this rocket stretch .
that bowl these shoes help cries .	that bowl these shoes cries .
the boxes that ship understands yell .	the boxes that ship yell .
the trucks the ring talks to yell .	the trucks the ring yell .
these boxes this mirror understands win .	these boxes this mirror win .
that dish these shirts help waves .	that dish these shirts waves .
that picture these beds visit reads .	that picture these beds reads .
these forks the fork understands whisper .	these forks the fork whisper .
the windows that door understands sing .	the windows that door sing .
the door those shoes help exercises .	the door those shoes exercises .
these bottles the spoon understands smile .	these bottles the spoon smile .
the forks that bowl works with read .	the forks that bowl read .
the plate these glasses worry exercises .	the plate these glasses exercises .
the hats this bicycle talks to sing .	the hats this bicycle sing .
that spoon these plates bother paints .	that spoon these plates paints .
this button the bowls talk to exercises .	this button the bowls exercises .
those spoons this bag helps read .	those spoons this bag read .
that door those cars visit talks .	that door those cars talks .
this fork the trucks bother exercises .	this fork the trucks exercises .
the glasses the fork understands laugh .	the glasses the fork laugh .
those cars the rug helps win .	those cars the rug win .
these candles this rug talks to win .	these candles this rug win .
the books the truck talks to wave .	the books the truck wave .
that dish the toys understand waves .	that dish the toys waves .
those hats the car scares sneeze .	those hats the car sneeze .
the dishes this door talks to talk .	the dishes this door talk .
this ring those dishes listen to exercises .	this ring those dishes exercises .
these beds that book understands whisper .	these beds that book whisper .
the shirts the fork helps lose .	the shirts the fork lose .
this bowl these spoons understand exercises .	this bowl these spoons exercises .
the bottles the box talks to whisper .	the bottles the box whisper .
those candles that fork understands lie .	those candles that fork lie .
the dishes that book talks to sneeze .	the dishes that book sneeze .
those boats this car talks to paint .	those boats this car paint .
the cars the candle talks to practice .	the cars the candle practice .
those hats the bag talks to stretch .	those hats the bag stretch .
that doll the shoes visit paints .	that doll the shoes paints .
this plate those books understand cries .	this plate those books cries .
the door those plates listen to reads .	the door those plates reads .
those spoons the chair helps lie .	those spoons the chair lie .
those crayons that bicycle works with cry .	those crayons that bicycle cry .
those boxes that spoon scares cough .	those boxes that spoon cough .
the doll the cars understand cries .	the doll the cars cries .
the buttons the couch works with exercise .	the buttons the couch exercise .
that mirror these beds understand exercises .	that mirror these beds exercises .
this bed these books bother waves .	this bed these books waves .
these cups this glass scares lose .	these cups this glass lose .
that plane those books worry sings .	that plane those books sings .
the shoes that book helps whisper .	the shoes that book whisper .
these glasses the door helps practice .	these glasses the door practice .
this door those trucks care for waves .	this door those trucks waves .
the couch these dolls bother reads .	the couch these dolls reads .
the candles this doll scares paint .	the candles this doll paint .
the plates this ship works with whisper .	the plates this ship whisper .
these dolls that door talks to paint .	these dolls that door paint .
this plate the glasses bother waves .	this plate the glasses waves .
the pictures that crayon talks to read .	the pictures that crayon read .
these cars this car understands scream .	these cars this car scream .
these plates that book talks to yell .	these plates that book yell .
this plate those spoons bother waves .	this plate those spoons waves .
this ring these books praise cries .	this ring these books cries .
that plane these hats praise waves .	that plane these hats waves .
the boxes the shoe helps yell .	the boxes the shoe yell .
that bed these bowls talk to waves .	that bed these bowls waves .
these dishes the ship scares scream .	these dishes the ship scream .
that mirror the bowls answer waves .	that mirror the bowls waves .
the shirt the plates work with reads .	the shirt the plates reads .
the shirts that toy understands win .	the shirts that toy win .
that doll those candles work with exercises .	that doll those candles exercises .
these dolls the hat scares stretch .	these dolls the hat stretch .
those bags the car talks to paint .	those bags the car paint .
the forks the car understands talk .	the forks the car talk .
those shirts that ring works with laugh .	those shirts that ring laugh .
that ship those pictures worry waves .	that ship those pictures waves .
those bottles that couch works with win .	those bottles that couch win .
these plates the spoon scares whisper .	these plates the spoon whisper .
those shoes the bed scares exercise .	those shoes the bed exercise .
the book these pictures talk to reads .	the book these pictures reads .
this car those plates work with exercises .	this car those plates exercises .
these trucks the picture talks to practice .	these trucks the picture practice .
these shoes the glass scares scream .	these shoes the glass scream .
the car those rings teach sings .	the car those rings sings .
those cups the ring understands lose .	those cups the ring lose .
the boats this couch helps sneeze .	the boats this couch sneeze .
the toy the spoons talk to cries .	the toy the spoons cries .
those candles the window understands wave .	those candles the window wave .
the bags this shoe scares practice .	the bags this shoe practice .
these books that candle talks to cry .	these books that candle cry .
the chairs this book helps paint .	the chairs this book paint .
the bag those cars visit exercises .	the bag those cars exercises .
those windows the window works with read .	those windows the window read .
this crayon these hats answer waves .	this crayon these hats waves .
the dish these shoes bother reads .	the dish these shoes reads .
those forks this plane scares talk .	those forks this plane talk .
that button these bottles understand reads .	that button these bottles reads .
the candles that book understands whisper .	the candles that book whisper .
the bottle these pictures scare talks .	the bottle these pictures talks .
the cars the doll talks to read .	the cars the doll read .
that plane these cups worry sings .	that plane these cups sings .
the bag these hats listen to exercises .	the bag these hats exercises .
this couch those doors understand exercises .	this couch those doors exercises .
these spoons this glass understands practice .	these spoons this glass practice .
that shoe the doors talk to exercises .	that shoe the doors exercises .
those forks the rocket scares cry .	those forks the rocket cry .
that ship these doors care for reads .	that ship these doors reads .
the couch the pictures talk to sings .	the couch the pictures sings .
the fork the beds understand paints .	the fork the beds paints .
the picture the forks answer paints .	the picture the forks paints .
these bottles that toy talks to wave .	these bottles that toy wave .
these doors the bed understands read .	these doors the bed read .
those plates the rocket helps read .	those plates the rocket read .
that rocket the windows help exercises .	that rocket the windows exercises .
these beds the mirror works with wave .	these beds the mirror wave .
the bottles this car scares practice .	the bottles this car practice .
these books the fork understands scream .	these books the fork scream .
these dolls this bottle works with lose .	these dolls this bottle lose .
this book the plates appreciate exercises .	this book the plates exercises .
the truck these chairs understand exercises .	the truck these chairs exercises .
this crayon the cars teach exercises .	this crayon the cars exercises .
this spoon those dolls listen to talks .	this spoon those dolls talks .
the books the button understands talk .	the books the button talk .
that shirt the spoons care for exercises .	that shirt the spoons exercises .
these chairs the couch talks to win .	these chairs the couch win .
this rug those plates answer sings .	this rug those plates sings .
that glass those chairs answer sings .	that glass those chairs sings .
the dolls this candle understands wave .	the dolls this candle wave .
the beds that shoe works with laugh .	the beds that shoe laugh .
the trucks that plane works with exercise .	the trucks that plane exercise .
the dolls this ship understands cough .	the dolls this ship cough .
those windows the shirt understands scream .	those windows the shirt scream .
this book those spoons bother cries .	this book those spoons cries .
this spoon the spoons bother paints .	this spoon the spoons paints .
that bowl those hats care for cries .	that bowl those hats cries .
that spoon those buttons listen to sings .	that spoon those buttons sings .
those shirts that ring talks to win .	those shirts that ring win .
those dishes this bottle helps wave .	those dishes this bottle wave .
the hats that doll scares win .	the hats that doll win .
that truck the chairs bother reads .	that truck the chairs reads .
this glass these dishes answer reads .	this glass these dishes reads .
the cups the ship understands cry .	the cups the ship cry .
these crayons the shirt scares win .	these crayons the shirt win .
that fork these cups worry waves .	that fork these cups waves .
these doors this toy talks to cough .	these doors this toy cough .
these shirts this rug talks to laugh .	these shirts this rug laugh .
that box these toys appreciate sings .	that box these toys sings .
this bowl the forks bother reads .	this bowl the forks reads .
the book the boxes worry talks .	the book the boxes talks .
the shoes that car works with yell .	the shoes that car yell .
this plate these cars visit sings .	this plate these cars sings .
this book those trucks care for waves .	this book those trucks waves .
this door those beds visit reads .	this door those beds reads .
that plane the plates praise reads .	that plane the plates reads .
the ship these shoes understand sings .	the ship these shoes sings .
that plane the doors work with reads .	that plane the doors reads .
the windows this candle scares win .	the windows this candle win .
these hats the plane talks to win .	these hats the plane win .
this bowl the glasses work with sings .	this bowl the glasses sings .
those bowls that dish works with scream .	those bowls that dish scream .
that candle these toys listen to cries .	that candle these toys cries .
the chairs that boat understands cough .	the chairs that boat cough .
this car these shirts care for exercises .	this car these shirts exercises .
the toys the book talks to read .	the toys the book read .
those doors this rocket understands smile .	those doors this rocket smile .
these cars this hat works with cry .	these cars this hat cry .
those boats that fork helps whisper .	those boats that fork whisper .
that couch these forks care for exercises .	that couch these forks exercises .
this bicycle the bottles listen to reads .	this bicycle the bottles reads .
the bottle the spoons teach paints .	the bottle the spoons paints .
this couch those buttons visit waves .	this couch those buttons waves .
the cars this chair scares laugh .	the cars this chair laugh .
that boat these toys work with cries .	that boat these toys cries .
this bed those toys visit cries .	this bed those toys cries .
that doll the dishes appreciate exercises .	that doll the dishes exercises .
the glasses that door understands practice .	the glasses that door practice .
that cup these cars teach waves .	that cup these cars waves .
these buttons that boat helps smile .	these buttons that boat smile .
the picture the dolls listen to sings .	the picture the dolls sings .
that plate the books listen to exercises .	that plate the books exercises .
this plane those hats listen to cries .	this plane those hats cries .
that dish those toys answer exercises .	that dish those toys exercises .
the cars the button works with read .	the cars the button read .
the crayon these glasses bother paints .	the crayon these glasses paints .
the toys the candle talks to exercise .	the toys the candle exercise .
these bowls that hat works with yell .	these bowls that hat yell .
these cups that chair understands win .	these cups that chair win .
this cup the cars help exercises .	this cup the cars exercises .
the candles this truck understands talk .	the candles this truck talk .
these dolls the rocket talks to practice .	these dolls the rocket practice .
these bottles this shirt understands scream .	these bottles this shirt scream .
the book the plates understand reads .	the book the plates reads .
these dishes the fork talks to exercise .	these dishes the fork exercise .
the boxes the chair helps cry .	the boxes the chair cry .
the plate these cars talk to paints .	the plate these cars paints .
those spoons that button scares laugh .	those spoons that button laugh .
this truck these pictures praise talks .	this truck these pictures talks .
these cups that dish understands wave .	these cups that dish wave .
those crayons the window understands whisper .	those crayons the window whisper .
those books this dish works with lose .	those books this dish lose .
that ship the buttons worry talks .	that ship the buttons talks .
the bags that plane talks to win .	the bags that plane win .
those bags that shirt scares stretch .	those bags that shirt stretch .
that couch those windows talk to reads .	that couch those windows reads .
the toys this mirror works with stretch .	the toys this mirror stretch .
the boxes this dish talks to practice .	the boxes this dish practice .
those dolls that rug talks to win .	those dolls that rug win .
the cup the spoons teach reads .	the cup the spoons reads .
this car these trucks appreciate waves .	this car these trucks waves .
that plane these boxes appreciate waves .	that plane these boxes waves .
this button these buttons bother exercises .	this button these buttons exercises .
those toys that box helps cough .	those toys that box cough .
those pictures that truck works with yell .	those pictures that truck yell .
that boat those trucks care for cries .	that boat those trucks cries .
the dish these trucks talk to talks .	the dish these trucks talks .
the plane those cars understand exercises .	the plane those cars exercises .
the fork these pictures care for reads .	the fork these pictures reads .
those spoons the bed scares smile .	those spoons the bed smile .
those toys this ring understands yell .	those toys this ring yell .
this toy those toys teach reads .	this toy those toys reads .
the cup the bottles listen to sings .	the cup the bottles sings .
these boats the button works with wave .	these boats the button wave .
these cups that shoe works with sneeze .	these cups that shoe sneeze .
those bowls the bed talks to yell .	those bowls the bed yell .
this chair the doors bother waves .	this chair the doors waves .
these pictures that bed talks to laugh .	these pictures that bed laugh .
the ship these rings work with paints .	the ship these rings paints .
the plates this chair helps sneeze .	the plates this chair sneeze .
the spoons this toy talks to paint .	the spoons this toy paint .
that plate those trucks work with sings .	that plate those trucks sings .
those cups that rug helps smile .	those cups that rug smile .
that fork the spoons teach sings .	that fork the spoons sings .
those crayons the toy helps laugh .	those crayons the toy laugh .
these shirts the ship scares cry .	these shirts the ship cry .
these forks that bed works with read .	these forks that bed read .
those bowls this toy helps sneeze .	those bowls this toy sneeze .
this rocket those plates answer exercises .	this rocket those plates exercises .
these shoes that truck talks to talk .	these shoes that truck talk .
the cars that rocket helps exercise .	the cars that rocket exercise .
this box these buttons understand exercises .	this box these buttons exercises .
the shoe these cars teach talks .	the shoe these cars talks .
those bags the spoon understands lose .	those bags the spoon lose .
the hat these pictures work with cries .	the hat these pictures cries .
this plate those plates talk to waves .	this plate those plates waves .
this chair those cars teach paints .	this chair those cars paints .
these cups that fork scares paint .	these cups that fork paint .
those cars the couch scares stretch .	those cars the couch stretch .
that couch those toys understand paints .	that couch those toys paints .
those shoes that car works with lose .	those shoes that car lose .
this hat those shirts visit sings .	this hat those shirts sings .
these crayons the picture helps paint .	these crayons the picture paint .
that truck these windows worry paints .	that truck these windows paints .
the plates the cup scares whisper .	the plates the cup whisper .
those crayons the car scares cough .	those crayons the car cough .
that rocket the trucks care for reads .	that rocket the trucks reads .
the dishes that shirt talks to yell .	the dishes that shirt yell .
the car these cups answer waves .	the car these cups waves .
the picture the pictures visit exercises .	the picture the pictures exercises .
these boxes the bed works with talk .	these boxes the bed talk .
the car these bags visit cries .	the car these bags cries .
the picture those candles understand cries .	the picture those candles cries .
those trucks the shirt scares stretch .	those trucks the shirt stretch .
this boat the cups help sings .	this boat the cups sings .
those doors that bag works with cry .	those doors that bag cry .
those buttons this cup understands wave .	those buttons this cup wave .
these plates that ship understands yell .	these plates that ship yell .
those glasses this rug scares laugh .	those glasses this rug laugh .
this plane the chairs work with exercises .	this plane the chairs exercises .
these bowls the truck understands scream .	these bowls the truck scream .
these glasses the door works with win .	these glasses the door win .
this plane these candles understand exercises .	this plane these candles exercises .
these plates that cup talks to whisper .	these plates that cup whisper .
that doll those shirts worry talks .	that doll those shirts talks .
that doll these cars answer exercises .	that doll these cars exercises .
those buttons this plate helps practice .	those buttons this plate practice .
the box these crayons work with talks .	the box these crayons talks .
this cup the crayons worry talks .	this cup the crayons talks .
these boxes this dish scares sing .	these boxes this dish sing .
this doll those spoons bother reads .	this doll those spoons reads .
the shoes this mirror works with sneeze .	the shoes this mirror sneeze .
those cars this glass works with stretch .	those cars this glass stretch .
these boats this toy works with stretch .	these boats this toy stretch .
the truck those rings help paints .	the truck those rings paints .
the chairs that car talks to laugh .	the chairs that car laugh .
these glasses the picture scares stretch .	these glasses the picture stretch .
that toy these doors care for waves .	that toy these doors waves .
those doors that book talks to laugh .	those doors that book laugh .
those buttons this dish works with exercise .	those buttons this dish exercise .
these candles that window understands exercise .	these candles that window exercise .
that rocket those pictures scare exercises .	that rocket those pictures exercises .
