who would n't the bed and the book listen to ?	who would n't the bed listen to and the book ?
who would that car and that bag work with ?	who would that car work with and that bag ?
who did that ring and the book praise ?	who did that ring praise and the book ?
who could n't these spoons and the rings visit ?	who could n't these spoons visit and the rings ?
who did those bags and the beds praise ?	who did those bags praise and the beds ?
who did that car and that plane appreciate ?	who did that car appreciate and that plane ?
who can this car and the dish praise ?	who can this car praise and the dish ?
who would n't the bicycle and this ship listen to ?	who would n't the bicycle listen to and this ship ?
who could n't this car and that candle visit ?	who could n't this car visit and that candle ?
who will that car and this bag praise ?	who will that car praise and this bag ?
who would n't those chairs and those spoons listen to ?	who would n't those chairs listen to and those spoons ?
who will the beds and those glasses appreciate ?	who will the beds appreciate and those glasses ?
who did the doll and the truck listen to ?	who did the doll listen to and the truck ?
who did this chair and the dish talk to ?	who did this chair talk to and the dish ?
who should these bowls and these dolls understand ?	who should these bowls understand and these dolls ?
who will these shirts and these bottles help ?	who will these shirts help and these bottles ?
who would that glass and the dish teach ?	who would that glass teach and the dish ?
who did those cars and those buttons teach ?	who did those cars teach and those buttons ?
who should these bags and these windows visit ?	who should these bags visit and these windows ?
who could the book and that bottle listen to ?	who could the book listen to and that bottle ?
who can n't this rug and that door appreciate ?	who can n't this rug appreciate and that door ?
who could those cars and those candles work with ?	who could those cars work with and those candles ?
who would n't those buttons and those beds teach ?	who would n't those buttons teach and those beds ?
who could that candle and this rug listen to ?	who could that candle listen to and this rug ?
who should that book and this button worry ?	who should that book worry and this button ?
who did the truck and the bed bother ?	who did the truck bother and the bed ?
who did the car and this cup scare ?	who did the car scare and this cup ?
who wo n't this box and that rug scare ?	who wo n't this box scare and that rug ?
who can n't this book and the box care for ?	who can n't this book care for and the box ?
who could n't the couch and that window understand ?	who could n't the couch understand and that window ?
who could n't these cars and these doors understand ?	who could n't these cars understand and these doors ?
who did this chair and that mirror visit ?	who did this chair visit and that mirror ?
who can n't this car and this rocket visit ?	who can n't this car visit and this rocket ?
who should the bag and this bowl bother ?	who should the bag bother and this bowl ?
who should n't the bottle and this door talk to ?	who should n't the bottle talk to and this door ?
who would those boxes and the plates teach ?	who would those boxes teach and the plates ?
who could n't these buttons and these shoes scare ?	who could n't these buttons scare and these shoes ?
who could the book and that crayon visit ?	who could the book visit and that crayon ?
who would n't that book and the car teach ?	who would n't that book teach and the car ?
who would that shirt and that chair understand ?	who would that shirt understand and that chair ?
who can n't these rings and those chairs answer ?	who can n't these rings answer and those chairs ?
who did the window and this truck appreciate ?	who did the window appreciate and this truck ?
who should n't the bags and these cars help ?	who should n't the bags help and these cars ?
who did n't these chairs and those chairs help ?	who did n't these chairs help and those chairs ?
who could the beds and these shoes teach ?	who could the beds teach and these shoes ?
who would n't that dish and the bicycle care for ?	who would n't that dish care for and the bicycle ?
who will that plane and that button care for ?	who will that plane care for and that button ?
who could n't the cup and that doll work with ?	who could n't the cup work with and that doll ?
who could n't this cup and that bowl scare ?	who could n't this cup scare and that bowl ?
who can n't the toys and those trucks talk to ?	who can n't the toys talk to and those trucks ?
who could the books and those hats work with ?	who could the books work with and those hats ?
who did n't the doors and these shoes visit ?	who did n't the doors visit and these shoes ?
who would the car and that mirror visit ?	who would the car visit and that mirror ?
who did n't this cup and that toy listen to ?	who did n't this cup listen to and that toy ?
who would n't this picture and this bowl teach ?	who would n't this picture teach and this bowl ?
who would n't these candles and those chairs visit ?	who would n't these candles visit and those chairs ?
who should n't that book and the cup listen to ?	who should n't that book listen to and the cup ?
who should n't the chair and this rug understand ?	who should n't the chair understand and this rug ?
who can those bags and the cars listen to ?	who can those bags listen to and the cars ?
who can n't the crayon and that bag understand ?	who can n't the crayon understand and that bag ?
who did the mirror and this crayon care for ?	who did the mirror care for and this crayon ?
who would n't that candle and that box scare ?	who would n't that candle scare and that box ?
who could n't those bottles and these forks appreciate ?	who could n't those bottles appreciate and these forks ?
who should n't these bottles and the books understand ?	who should n't these bottles understand and the books ?
who will those books and these candles teach ?	who will those books teach and these candles ?
who could n't these rings and those plates visit ?	who could n't these rings visit and those plates ?
who can n't the bed and the shirt scare ?	who can n't the bed scare and the shirt ?
who would those plates and these dolls understand ?	who would those plates understand and these dolls ?
who can these plates and these plates help ?	who can these plates help and these plates ?
who wo n't the cups and these beds answer ?	who wo n't the cups answer and these beds ?
who wo n't this bowl and the window help ?	who wo n't this bowl help and the window ?
who should the candle and that rug bother ?	who should the candle bother and that rug ?
who can n't the boat and that picture care for ?	who can n't the boat care for and that picture ?
who could n't that fork and that rug answer ?	who could n't that fork answer and that rug ?
who will those crayons and those forks understand ?	who will those crayons understand and those forks ?
who did n't that door and the boat worry ?	who did n't that door worry and the boat ?
who will the box and that bicycle praise ?	who will the box praise and that bicycle ?
who could n't these forks and the boxes understand ?	who could n't these forks understand and the boxes ?
who should n't the pictures and these bags answer ?	who should n't the pictures answer and these bags ?
who will the ring and this shirt help ?	who will the ring help and this shirt ?
who could n't those toys and the shoes worry ?	who could n't those toys worry and the shoes ?
who could those books and the toys bother ?	who could those books bother and the toys ?
who did n't the window and the ship care for ?	who did n't the window care for and the ship ?
who wo n't the book and this plate answer ?	who wo n't the book answer and this plate ?
who would n't those crayons and these windows visit ?	who would n't those crayons visit and these windows ?
who should n't the window and this crayon bother ?	who should n't the window bother and this crayon ?
who did those books and the hats listen to ?	who did those books listen to and the hats ?
who should the car and the doll scare ?	who should the car scare and the doll ?
who could n't the bicycle and that box bother ?	who could n't the bicycle bother and that box ?
who wo n't that truck and this fork scare ?	who wo n't that truck scare and this fork ?
who can n't that rug and the rug work with ?	who can n't that rug work with and the rug ?
who should the glasses and these cars scare ?	who should the glasses scare and these cars ?
who could these spoons and these hats bother ?	who could these spoons bother and these hats ?
who did n't those hats and these bowls appreciate ?	who did n't those hats appreciate and these bowls ?
who would n't the shoe and that car understand ?	who would n't the shoe understand and that car ?
who did n't the dolls and those boxes worry ?	who did n't the dolls worry and those boxes ?
who can the doll and this picture visit ?	who can the doll visit and this picture ?
who could n't these shoes and these shoes visit ?	who could n't these shoes visit and these shoes ?
who did the crayons and the bottles answer ?	who did the crayons answer and the bottles ?
who will the spoon and the hat talk to ?	who will the spoon talk to and the hat ?
who would the fork and that truck worry ?	who would the fork worry and that truck ?
who did n't that ring and that rocket praise ?	who did n't that ring praise and that rocket ?
who wo n't those glasses and those bowls understand ?	who wo n't those glasses understand and those bowls ?
who did n't this toy and that truck care for ?	who did n't this toy care for and that truck ?
who will those books and these pictures understand ?	who will those books understand and these pictures ?
who would n't that plane and this ship work with ?	who would n't that plane work with and this ship ?
who could n't these cups and these trucks talk to ?	who could n't these cups talk to and these trucks ?
who did those hats and the cars talk to ?	who did those hats talk to and the cars ?
who could the car and the picture teach ?	who could the car teach and the picture ?
who did the couch and the picture worry ?	who did the couch worry and the picture ?
who can n't this bicycle and that plane bother ?	who can n't this bicycle bother and that plane ?
who will those dishes and those beds understand ?	who will those dishes understand and those beds ?
who could n't the bowls and the dishes work with ?	who could n't the bowls work with and the dishes ?
who should the window and that ring answer ?	who should the window answer and that ring ?
who did this hat and the cup bother ?	who did this hat bother and the cup ?
who could n't the boxes and those boxes praise ?	who could n't the boxes praise and those boxes ?
who could the books and the glasses worry ?	who could the books worry and the glasses ?
who could those buttons and those spoons answer ?	who could those buttons answer and those spoons ?
who wo n't the doll and the shirt help ?	who wo n't the doll help and the shirt ?
who could that hat and the cup care for ?	who could that hat care for and the cup ?
who did the pictures and the books work with ?	who did the pictures work with and the books ?
who would the button and the couch talk to ?	who would the button talk to and the couch ?
who should this plate and this picture worry ?	who should this plate worry and this picture ?
who should the bowls and these dishes help ?	who should the bowls help and these dishes ?
who should these books and these candles work with ?	who should these books work with and these candles ?
who could this hat and that book care for ?	who could this hat care for and that book ?
who should this rug and that window visit ?	who should this rug visit and that window ?
who did n't those glasses and these crayons bother ?	who did n't those glasses bother and these crayons ?
who can the bags and those windows work with ?	who can the bags work with and those windows ?
who did n't the books and these shirts teach ?	who did n't the books teach and these shirts ?
who should that truck and this picture worry ?	who should that truck worry and this picture ?
who wo n't this car and this bowl worry ?	who wo n't this car worry and this bowl ?
who can that cup and that doll worry ?	who can that cup worry and that doll ?
who could n't this bicycle and that bag talk to ?	who could n't this bicycle talk to and that bag ?
who could n't those shoes and those books listen to ?	who could n't those shoes listen to and those books ?
who could n't that book and that book talk to ?	who could n't that book talk to and that book ?
who could n't that car and this window work with ?	who could n't that car work with and this window ?
who will that dish and the picture work with ?	who will that dish work with and the picture ?
who can this box and the ship help ?	who can this box help and the ship ?
who did n't the bag and that shoe scare ?	who did n't the bag scare and that shoe ?
who could the bottle and the chair help ?	who could the bottle help and the chair ?
who will the cups and the cars appreciate ?	who will the cups appreciate and the cars ?
who will these rings and these candles teach ?	who will these rings teach and these candles ?
who should these rings and those plates listen to ?	who should these rings listen to and those plates ?
who can n't the cups and those windows scare ?	who can n't the cups scare and those windows ?
who did that plane and this bicycle praise ?	who did that plane praise and this bicycle ?
who could these plates and the buttons teach ?	who could these plates teach and the buttons ?
who did those toys and these cars talk to ?	who did those toys talk to and these cars ?
who can the forks and the toys visit ?	who can the forks visit and the toys ?
who would the plates and these doors listen to ?	who would the plates listen to and these doors ?
who wo n't that doll and that book talk to ?	who wo n't that doll talk to and that book ?
who can those cars and those cars worry ?	who can those cars worry and those cars ?
who can n't this window and that rug bother ?	who can n't this window bother and that rug ?
who should these spoons and the forks talk to ?	who should these spoons talk to and the forks ?
who should that cup and the button bother ?	who should that cup bother and the button ?
who would the bag and that chair help ?	who would the bag help and that chair ?
who should n't the candle and that ring appreciate ?	who should n't the candle appreciate and that ring ?
who would the candle and this dish answer ?	who would the candle answer and this dish ?
who can n't the shoe and that rug bother ?	who can n't the shoe bother and that rug ?
who would n't those boxes and those windows listen to ?	who would n't those boxes listen to and those windows ?
who can n't that book and this toy teach ?	who can n't that book teach and this toy ?
who did n't these boats and those windows understand ?	who did n't these boats understand and those windows ?
who could these rings and those rings understand ?	who could these rings understand and those rings ?
who can n't this window and this fork praise ?	who can n't this window praise and this fork ?
who should n't the shirts and these crayons teach ?	who should n't the shirts teach and these crayons ?
who wo n't the bottle and this bowl talk to ?	who wo n't the bottle talk to and this bowl ?
who did n't that ship and that bowl care for ?	who did n't that ship care for and that bowl ?
who could the bag and the bicycle listen to ?	who could the bag listen to and the bicycle ?
who can n't those books and the doors understand ?	who can n't those books understand and the doors ?
who did n't the book and that mirror work with ?	who did n't the book work with and that mirror ?
who could the rocket and the mirror work with ?	who could the rocket work with and the mirror ?
who should the book and this cup teach ?	who should the book teach and this cup ?
who should n't that boat and that cup care for ?	who should n't that boat care for and that cup ?
who could those cars and the books scare ?	who could those cars scare and the books ?
who should the candles and the bowls care for ?	who should the candles care for and the bowls ?
who could the bottle and this couch talk to ?	who could the bottle talk to and this couch ?
who can that plane and that car answer ?	who can that plane answer and that car ?
who could this box and that box work with ?	who could this box work with and that box ?
who wo n't these doors and the buttons worry ?	who wo n't these doors worry and the buttons ?
who would this mirror and that bag scare ?	who would this mirror scare and that bag ?
who should these dolls and those bowls scare ?	who should these dolls scare and those bowls ?
who did n't this doll and the button visit ?	who did n't this doll visit and the button ?
who would those plates and these cars work with ?	who would those plates work with and these cars ?
who could n't the shoe and the toy help ?	who could n't the shoe help and the toy ?
who could n't those hats and these shirts work with ?	who could n't those hats work with and these shirts ?
who would n't the plates and these toys answer ?	who would n't the plates answer and these toys ?
who could n't those cars and these books worry ?	who could n't those cars worry and these books ?
who can the plane and the car visit ?	who can the plane visit and the car ?
who will the boat and that picture bother ?	who will the boat bother and that picture ?
who can n't that plane and that bottle care for ?	who can n't that plane care for and that bottle ?
who can n't that car and the truck scare ?	who can n't that car scare and the truck ?
who would n't this ring and that chair understand ?	who would n't this ring understand and that chair ?
who wo n't this book and that dish bother ?	who wo n't this book bother and that dish ?
who could n't the bed and the bowl help ?	who could n't the bed help and the bowl ?
who did n't the bed and that doll praise ?	who did n't the bed praise and that doll ?
who can the bottle and the crayon work with ?	who can the bottle work with and the crayon ?
who wo n't this plate and that plate talk to ?	who wo n't this plate talk to and that plate ?
who would n't these hats and the cars worry ?	who would n't these hats worry and the cars ?
who could this fork and the rug praise ?	who could this fork praise and the rug ?
who will the cars and the boxes help ?	who will the cars help and the boxes ?
who should these books and the toys worry ?	who should these books worry and the toys ?
who can n't those spoons and the windows answer ?	who can n't those spoons answer and the windows ?
who could these dishes and those hats answer ?	who could these dishes answer and those hats ?
who could n't that shirt and that bag praise ?	who could n't that shirt praise and that bag ?
who can n't that car and this cup care for ?	who can n't that car care for and this cup ?
who could n't that cup and this plate understand ?	who could n't that cup understand and this plate ?
who did these pictures and the spoons praise ?	who did these pictures praise and the spoons ?
who should n't the spoon and the car scare ?	who should n't the spoon scare and the car ?
who should n't that shoe and that hat appreciate ?	who should n't that shoe appreciate and that hat ?
who can the ring and the bag praise ?	who can the ring praise and the bag ?
who wo n't those trucks and these trucks answer ?	who wo n't those trucks answer and these trucks ?
who could n't those boats and those shoes understand ?	who could n't those boats understand and those shoes ?
who will this door and the spoon care for ?	who will this door care for and the spoon ?
who should the rings and those bowls praise ?	who should the rings praise and those bowls ?
who will these trucks and the shoes talk to ?	who will these trucks talk to and the shoes ?
who should n't the chairs and these chairs appreciate ?	who should n't the chairs appreciate and these chairs ?
who would n't this ship and the book answer ?	who would n't this ship answer and the book ?
who could these pictures and these crayons work with ?	who could these pictures work with and these crayons ?
who should that bed and that door work with ?	who should that bed work with and that door ?
who should that bag and the bowl bother ?	who should that bag bother and the bowl ?
who did these toys and these glasses help ?	who did these toys help and these glasses ?
who can n't these buttons and the cars bother ?	who can n't these buttons bother and the cars ?
who could the spoon and that window appreciate ?	who could the spoon appreciate and that window ?
who can this ring and the candle listen to ?	who can this ring listen to and the candle ?
who can that bottle and the boat scare ?	who can that bottle scare and the boat ?
who could n't those crayons and the trucks visit ?	who could n't those crayons visit and the trucks ?
who could the hats and the plates visit ?	who could the hats visit and the plates ?
who could n't the bowls and those shirts care for ?	who could n't the bowls care for and those shirts ?
who could the doors and the shirts work with ?	who could the doors work with and the shirts ?
who can the boxes and the glasses worry ?	who can the boxes worry and the glasses ?
who will the mirror and the picture understand ?	who will the mirror understand and the picture ?
who could n't this rocket and the box answer ?	who could n't this rocket answer and the box ?
who could this couch and that button understand ?	who could this couch understand and that button ?
who could n't those doors and those toys work with ?	who could n't those doors work with and those toys ?
who can the cars and these dolls work with ?	who can the cars work with and these dolls ?
who should these shoes and those glasses worry ?	who should these shoes worry and those glasses ?
who can those chairs and the buttons worry ?	who can those chairs worry and the buttons ?
who did the chairs and those chairs praise ?	who did the chairs praise and those chairs ?
who could n't that shirt and that door talk to ?	who could n't that shirt talk to and that door ?
who wo n't those dolls and those boxes answer ?	who wo n't those dolls answer and those boxes ?
who wo n't those shirts and the hats help ?	who wo n't those shirts help and the hats ?
who can the spoon and this button answer ?	who can the spoon answer and this button ?
who would this bag and that window talk to ?	who would this bag talk to and that window ?
who will those candles and the bowls scare ?	who will those candles scare and the bowls ?
who should n't the glass and that toy worry ?	who should n't the glass worry and that toy ?
who can n't these hats and the doors teach ?	who can n't these hats teach and the doors ?
who wo n't that ship and the box praise ?	who wo n't that ship praise and the box ?
who wo n't that door and the cup talk to ?	who wo n't that door talk to and the cup ?
who would n't these bowls and those plates work with ?	who would n't these bowls work with and those plates ?
who did this rug and that car understand ?	who did this rug understand and that car ?
who did that candle and this window praise ?	who did that candle praise and this window ?
who can n't those candles and those glasses understand ?	who can n't those candles understand and those glasses ?
who could n't those buttons and those crayons work with ?	who could n't those buttons work with and those crayons ?
who should the crayon and that book appreciate ?	who should the crayon appreciate and that book ?
who can those shoes and those crayons help ?	who can those shoes help and those crayons ?
who should those crayons and these boats care for ?	who should those crayons care for and these boats ?
who can this button and this crayon worry ?	who can this button worry and this crayon ?
who did n't those doors and those plates visit ?	who did n't those doors visit and those plates ?
who wo n't that picture and this button scare ?	who wo n't that picture scare and this button ?
who can n't the picture and that picture understand ?	who can n't the picture understand and that picture ?
who will the spoons and the beds talk to ?	who will the spoons talk to and the beds ?
who could these boxes and the rings teach ?	who could these boxes teach and the rings ?
who should n't these boats and the chairs teach ?	who should n't these boats teach and the chairs ?
who should that rocket and this chair praise ?	who should that rocket praise and this chair ?
who did this glass and the box appreciate ?	who did this glass appreciate and the box ?
who will the ship and that bag scare ?	who will the ship scare and that bag ?
who should the dishes and these books scare ?	who should the dishes scare and these books ?
who wo n't this crayon and that shoe scare ?	who wo n't this crayon scare and that shoe ?
who would n't that box and this box work with ?	who would n't that box work with and this box ?
who could n't that bed and this rocket work with ?	who could n't that bed work with and this rocket ?
who could n't that plate and the bowl teach ?	who could n't that plate teach and the bowl ?
who can these doors and those doors care for ?	who can these doors care for and those doors ?
who will that shoe and this picture bother ?	who will that shoe bother and this picture ?
who should n't these forks and those cars visit ?	who should n't these forks visit and those cars ?
who can n't the bicycle and that button listen to ?	who can n't the bicycle listen to and that button ?
who did n't those beds and the boats teach ?	who did n't those beds teach and the boats ?
who can those shoes and these bags scare ?	who can those shoes scare and these bags ?
who did n't these toys and these crayons scare ?	who did n't these toys scare and these crayons ?
who can the buttons and the rings worry ?	who can the buttons worry and the rings ?
who did n't those shoes and the trucks scare ?	who did n't those shoes scare and the trucks ?
who can the bags and these cups visit ?	who can the bags visit and these cups ?
who should that cup and that rug answer ?	who should that cup answer and that rug ?
who would the shoes and those doors work with ?	who would the shoes work with and those doors ?
who could those boxes and those plates bother ?	who could those boxes bother and those plates ?
who can the bowls and those forks help ?	who can the bowls help and those forks ?
who did n't this bottle and the spoon praise ?	who did n't this bottle praise and the spoon ?
who wo n't the bicycle and this ring worry ?	who wo n't the bicycle worry and this ring ?
who should those candles and these rings talk to ?	who should those candles talk to and these rings ?
who will the candles and these boxes care for ?	who will the candles care for and these boxes ?
who should the truck and this toy bother ?	who should the truck bother and this toy ?
who can that box and that plate appreciate ?	who can that box appreciate and that plate ?
who should that plane and the button appreciate ?	who should that plane appreciate and the button ?
who did this bottle and this picture teach ?	who did this bottle teach and this picture ?
who can the books and these shirts scare ?	who can the books scare and these shirts ?
who did n't these cups and those cars visit ?	who did n't these cups visit and those cars ?
who should the book and the ring talk to ?	who should the book talk to and the ring ?
who would that box and the couch help ?	who would that box help and the couch ?
who did n't that chair and the bag help ?	who did n't that chair help and the bag ?
who will these books and the cars care for ?	who will these books care for and the cars ?
who could the car and the couch scare ?	who could the car scare and the couch ?
who would n't this car and this picture praise ?	who would n't this car praise and this picture ?
who can these trucks and the pictures care for ?	who can these trucks care for and the pictures ?
who should this boat and that couch scare ?	who should this boat scare and that couch ?
who can this crayon and this bed teach ?	who can this crayon teach and this bed ?
who will that spoon and the door teach ?	who will that spoon teach and the door ?
who should n't those books and these bowls visit ?	who should n't those books visit and these bowls ?
who would this bag and this plane help ?	who would this bag help and this plane ?
who would those windows and those shoes care for ?	who would those windows care for and those shoes ?
who can the cup and the bowl care for ?	who can the cup care for and the bowl ?
who would n't those bags and the windows understand ?	who would n't those bags understand and the windows ?
who could n't that doll and that shirt praise ?	who could n't that doll praise and that shirt ?
who did n't that bottle and this car listen to ?	who did n't that bottle listen to and this car ?
who would n't that car and this hat work with ?	who would n't that car work with and this hat ?
who could this plane and the plane visit ?	who could this plane visit and the plane ?
who wo n't the boxes and the trucks help ?	who wo n't the boxes help and the trucks ?
who should n't those buttons and the candles understand ?	who should n't those buttons understand and the candles ?
who wo n't those candles and the cars teach ?	who wo n't those candles teach and the cars ?
who should this car and this truck praise ?	who should this car praise and this truck ?
who wo n't the car and that bed praise ?	who wo n't the car praise and that bed ?
who did that car and that rocket listen to ?	who did that car listen to and that rocket ?
who did that bicycle and the crayon scare ?	who did that bicycle scare and the crayon ?
who would n't those doors and those candles understand ?	who would n't those doors understand and those candles ?
who should n't those crayons and those hats worry ?	who should n't those crayons worry and those hats ?
who would that couch and the car visit ?	who would that couch visit and the car ?
who could n't the candles and these chairs care for ?	who could n't the candles care for and these chairs ?
who can this doll and this couch work with ?	who can this doll work with and this couch ?
who should these books and those shoes teach ?	who should these books teach and those shoes ?
who can the couch and that car teach ?	who can the couch teach and that car ?
who would n't the spoon and the bottle answer ?	who would n't the spoon answer and the bottle ?
who could those spoons and these chairs answer ?	who could those spoons answer and these chairs ?
who can n't the rings and the cups help ?	who can n't the rings help and the cups ?
who will that bed and this glass understand ?	who will that bed understand and this glass ?
who did n't those dolls and those bottles worry ?	who did n't those dolls worry and those bottles ?
who can the candles and the cars praise ?	who can the candles praise and the cars ?
who could n't these hats and these chairs care for ?	who could n't these hats care for and these chairs ?
who would this picture and that mirror bother ?	who would this picture bother and that mirror ?
who can n't these books and these books bother ?	who can n't these books bother and these books ?
who did n't that hat and the box help ?	who did n't that hat help and the box ?
who will those cars and those spoons understand ?	who will those cars understand and those spoons ?
who did the books and these cars listen to ?	who did the books listen to and these cars ?
who did n't the chair and that truck worry ?	who did n't the chair worry and that truck ?
who did those candles and these plates care for ?	who did those candles care for and these plates ?
who can these bowls and the doors appreciate ?	who can these bowls appreciate and the doors ?
who should those bowls and those cups understand ?	who should those bowls understand and those cups ?
who would n't that bottle and that boat appreciate ?	who would n't that bottle appreciate and that boat ?
who could n't this door and that bowl answer ?	who could n't this door answer and that bowl ?
who would n't the windows and the cups appreciate ?	who would n't the windows appreciate and the cups ?
who wo n't these cups and these cups bother ?	who wo n't these cups bother and these cups ?
who should n't this button and that picture work with ?	who should n't this button work with and that picture ?
who wo n't the doors and the books help ?	who wo n't the doors help and the books ?
who would n't this shirt and that hat bother ?	who would n't this shirt bother and that hat ?
who did n't this rug and this mirror talk to ?	who did n't this rug talk to and this mirror ?
who can that window and this mirror worry ?	who can that window worry and this mirror ?
who did n't that bicycle and this book talk to ?	who did n't that bicycle talk to and this book ?
who should the pictures and the pictures answer ?	who should the pictures answer and the pictures ?
who can those cars and these crayons appreciate ?	who can those cars appreciate and these crayons ?
who did n't these books and the beds understand ?	who did n't these books understand and the beds ?
who did n't the bowl and that car work with ?	who did n't the bowl work with and that car ?
who could the bicycle and this shirt answer ?	who could the bicycle answer and this shirt ?
who could n't the mirror and this toy scare ?	who could n't the mirror scare and this toy ?
who could n't the trucks and those trucks scare ?	who could n't the trucks scare and those trucks ?
who will the candle and this ring answer ?	who will the candle answer and this ring ?
who wo n't the bed and that chair listen to ?	who wo n't the bed listen to and that chair ?
who should this plate and the bottle help ?	who should this plate help and the bottle ?
who should those rings and the doors worry ?	who should those rings worry and the doors ?
who should that dish and that bottle help ?	who should that dish help and that bottle ?
who did this cup and that bed worry ?	who did this cup worry and that bed ?
who should that window and the book visit ?	who should that window visit and the book ?
who can the book and this couch care for ?	who can the book care for and this couch ?
who will the window and that car talk to ?	who will the window talk to and that car ?
who can n't that bicycle and the spoon care for ?	who can n't that bicycle care for and the spoon ?
who could the boxes and these plates visit ?	who could the boxes visit and these plates ?
who can n't these cars and the spoons help ?	who can n't these cars help and the spoons ?
who can this car and this rug praise ?	who can this car praise and this rug ?
who would these hats and the bags talk to ?	who would these hats talk to and the bags ?
who wo n't the dish and that chair bother ?	who wo n't the dish bother and that chair ?
who did n't these chairs and the doors scare ?	who did n't these chairs scare and the doors ?
who will the cars and those windows appreciate ?	who will the cars appreciate and those windows ?
who can the pictures and the cars teach ?	who can the pictures teach and the cars ?
who can these hats and these cars care for ?	who can these hats care for and these cars ?
who did those toys and those shoes bother ?	who did those toys bother and those shoes ?
who wo n't those bottles and those spoons worry ?	who wo n't those bottles worry and those spoons ?
who did n't the cars and these bowls answer ?	who did n't the cars answer and these bowls ?
who should this boat and the car talk to ?	who should this boat talk to and the car ?
who could these trucks and those dolls worry ?	who could these trucks worry and those dolls ?
who should n't those trucks and those windows praise ?	who should n't those trucks praise and those windows ?
who will the dolls and the crayons bother ?	who will the dolls bother and the crayons ?
who will that mirror and this box praise ?	who will that mirror praise and this box ?
who can that ship and this bottle teach ?	who can that ship teach and this bottle ?
who should the button and the boat bother ?	who should the button bother and the boat ?
who could n't the spoons and the dolls work with ?	who could n't the spoons work with and the dolls ?
who wo n't those bowls and those forks help ?	who wo n't those bowls help and those forks ?
who did n't those chairs and these cars help ?	who did n't those chairs help and these cars ?
who should the bottle and this fork listen to ?	who should the bottle listen to and this fork ?
who did the shoes and these forks worry ?	who did the shoes worry and these forks ?
who wo n't these plates and these spoons teach ?	who wo n't these plates teach and these spoons ?
who can those crayons and the spoons praise ?	who can those crayons praise and the spoons ?
who would n't these trucks and these trucks help ?	who would n't these trucks help and these trucks ?
who should the car and that shoe praise ?	who should the car praise and that shoe ?
who would the hats and these bottles understand ?	who would the hats understand and these bottles ?
who would the cars and these hats teach ?	who would the cars teach and these hats ?
who should n't these spoons and those cups bother ?	who should n't these spoons bother and those cups ?
who would n't these bags and those bottles work with ?	who would n't these bags work with and those bottles ?
who would n't the doors and the bottles praise ?	who would n't the doors praise and the bottles ?
who wo n't these bags and the trucks visit ?	who wo n't these bags visit and the trucks ?
who should n't these dishes and these books care for ?	who should n't these dishes care for and these books ?
who should those bags and those bowls visit ?	who should those bags visit and those bowls ?
who could n't the car and that car teach ?	who could n't the car teach and that car ?
who did n't this spoon and this plane help ?	who did n't this spoon help and this plane ?
who should these toys and these glasses understand ?	who should these toys understand and these glasses ?
who could the bags and the boats listen to ?	who could the bags listen to and the boats ?
who would the ship and the window work with ?	who would the ship work with and the window ?
who would those candles and the plates help ?	who would those candles help and the plates ?
who did n't those bowls and these windows appreciate ?	who did n't those bowls appreciate and these windows ?
who did n't this candle and this book listen to ?	who did n't this candle listen to and this book ?
who wo n't these buttons and those cars worry ?	who wo n't these buttons worry and those cars ?
who would the mirror and the door work with ?	who would the mirror work with and the door ?
who would that book and that boat worry ?	who would that book worry and that boat ?
who did n't those toys and these glasses care for ?	who did n't those toys care for and these glasses ?
who should those boats and the books bother ?	who should those boats bother and the books ?
who could those books and the dishes scare ?	who could those books scare and the dishes ?
who will these books and these doors work with ?	who will these books work with and these doors ?
who would those shoes and the bowls talk to ?	who would those shoes talk to and the bowls ?
who will those shirts and those toys work with ?	who will those shirts work with and those toys ?
who can n't these books and these doors scare ?	who can n't these books scare and these doors ?
who will the shoes and these cars worry ?	who will the shoes worry and these cars ?
who could that spoon and this crayon understand ?	who could that spoon understand and this crayon ?
who could these books and those rings worry ?	who could these books worry and those rings ?
who should n't the boats and these bottles work with ?	who should n't the boats work with and these bottles ?
who could these trucks and the bottles scare ?	who could these trucks scare and the bottles ?
who should n't those dishes and these pictures teach ?	who should n't those dishes teach and these pictures ?
who should n't this book and that cup work with ?	who should n't this book work with and that cup ?
who could the cups and these rings bother ?	who could the cups bother and these rings ?
who can these boats and those cups appreciate ?	who can these boats appreciate and those cups ?
who could n't the dish and this car worry ?	who could n't the dish worry and this car ?
who could n't the bottles and these shoes answer ?	who could n't the bottles answer and these shoes ?
who can n't that rocket and this cup scare ?	who can n't that rocket scare and this cup ?
who will the books and the boats answer ?	who will the books answer and the boats ?
who will the chair and this bag bother ?	who will the chair bother and this bag ?
who did those books and the spoons appreciate ?	who did those books appreciate and the spoons ?
who can n't those cars and these bottles visit ?	who can n't those cars visit and these bottles ?
who can n't the plates and those plates praise ?	who can n't the plates praise and those plates ?
who did n't the shirts and these trucks work with ?	who did n't the shirts work with and these trucks ?
who can n't that couch and that picture praise ?	who can n't that couch praise and that picture ?
who could n't those chairs and the boats answer ?	who could n't those chairs answer and the boats ?
who will that bag and this bag care for ?	who will that bag care for and this bag ?
who can n't that hat and the picture understand ?	who can n't that hat understand and the picture ?
who should these rings and these cars work with ?	who should these rings work with and these cars ?
who could n't those chairs and those dolls answer ?	who could n't those chairs answer and those dolls ?
who could n't this rocket and that door work with ?	who could n't this rocket work with and that door ?
who could n't the car and that rug work with ?	who could n't the car work with and that rug ?
who would this doll and this plane appreciate ?	who would this doll appreciate and this plane ?
who would those rings and the bowls care for ?	who would those rings care for and the bowls ?
who should n't the beds and those plates understand ?	who should n't the beds understand and those plates ?
who would that mirror and the bed answer ?	who would that mirror answer and the bed ?
who will this ship and the plane visit ?	who will this ship visit and the plane ?
who wo n't that bottle and the bottle teach ?	who wo n't that bottle teach and the bottle ?
who did n't the boats and these boxes understand ?	who did n't the boats understand and these boxes ?
who could n't this crayon and that doll talk to ?	who could n't this crayon talk to and that doll ?
who wo n't the glasses and those candles teach ?	who wo n't the glasses teach and those candles ?
who wo n't the shirt and this car teach ?	who wo n't the shirt teach and this car ?
who could n't those forks and the windows care for ?	who could n't those forks care for and the windows ?
who wo n't the trucks and these bags care for ?	who wo n't the trucks care for and these bags ?
who did the beds and these forks scare ?	who did the beds scare and these forks ?
who can that doll and this button care for ?	who can that doll care for and this button ?
who did n't those forks and the shoes answer ?	who did n't those forks answer and the shoes ?
who wo n't these boxes and those spoons worry ?	who wo n't these boxes worry and those spoons ?
who wo n't the bag and that couch bother ?	who wo n't the bag bother and that couch ?
who did the spoons and those forks talk to ?	who did the spoons talk to and those forks ?
who will the plane and this bowl understand ?	who will the plane understand and this bowl ?
who should the book and this shirt answer ?	who should the book answer and this shirt ?
who should n't that fork and this button worry ?	who should n't that fork worry and this button ?
who will the doll and that boat appreciate ?	who will the doll appreciate and that boat ?
who could n't the couch and this couch understand ?	who could n't the couch understand and this couch ?
who can n't that chair and that rug understand ?	who can n't that chair understand and that rug ?
who wo n't that spoon and that ring care for ?	who wo n't that spoon care for and that ring ?
who did that rocket and the dish understand ?	who did that rocket understand and the dish ?
who can n't the toys and these glasses scare ?	who can n't the toys scare and these glasses ?
who should n't that bicycle and that car talk to ?	who should n't that bicycle talk to and that car ?
who could n't that bed and this book answer ?	who could n't that bed answer and this book ?
who would n't that boat and that plate worry ?	who would n't that boat worry and that plate ?
who would n't the toy and this fork bother ?	who would n't the toy bother and this fork ?
who can the plate and this book care for ?	who can the plate care for and this book ?
who should those cups and these windows work with ?	who should those cups work with and these windows ?
who can n't the truck and that ring teach ?	who can n't the truck teach and that ring ?
who should that hat and the door appreciate ?	who should that hat appreciate and the door ?
who can the trucks and the glasses praise ?	who can the trucks praise and the glasses ?
who will those books and those cups listen to ?	who will those books listen to and those cups ?
who did n't the cups and these pictures bother ?	who did n't the cups bother and these pictures ?
who wo n't that dish and the toy appreciate ?	who wo n't that dish appreciate and the toy ?
who did n't this candle and the ring help ?	who did n't this candle help and the ring ?
who can this shirt and that bag visit ?	who can this shirt visit and that bag ?
who wo n't these toys and those windows help ?	who wo n't these toys help and those windows ?
who should this dish and the button listen to ?	who should this dish listen to and the button ?
who did those bottles and those shoes teach ?	who did those bottles teach and those shoes ?
who did n't those cars and these chairs work with ?	who did n't those cars work with and these chairs ?
who could n't these doors and the dolls teach ?	who could n't these doors teach and the dolls ?
who wo n't the picture and that book appreciate ?	who wo n't the picture appreciate and that book ?
who could that book and that rocket scare ?	who could that book scare and that rocket ?
who could n't those toys and the doors scare ?	who could n't those toys scare and the doors ?
who should n't this boat and this couch work with ?	who should n't this boat work with and this couch ?
who would n't those cars and the buttons answer ?	who would n't those cars answer and the buttons ?
who should this ring and the chair help ?	who should this ring help and the chair ?
who wo n't the plates and those bags listen to ?	who wo n't the plates listen to and those bags ?
who did the truck and this window listen to ?	who did the truck listen to and this window ?
who will these shoes and those glasses scare ?	who will these shoes scare and those glasses ?
who did n't that car and this cup scare ?	who did n't that car scare and this cup ?
who did those spoons and the cars help ?	who did those spoons help and the cars ?
who can n't those chairs and the windows praise ?	who can n't those chairs praise and the windows ?
who could n't that bag and the picture listen to ?	who could n't that bag listen to and the picture ?
who did n't the bed and this car understand ?	who did n't the bed understand and this car ?
who will this bicycle and the button worry ?	who will this bicycle worry and the button ?
who will the boat and this book answer ?	who will the boat answer and this book ?
who should n't these books and the cars bother ?	who should n't these books bother and the cars ?
who wo n't those boats and the crayons listen to ?	who wo n't those boats listen to and the crayons ?
who wo n't the picture and the crayon praise ?	who wo n't the picture praise and the crayon ?
who would those dishes and those candles scare ?	who would those dishes scare and those candles ?
who can the beds and these trucks answer ?	who can the beds answer and these trucks ?
who did n't the cars and the glasses care for ?	who did n't the cars care for and the glasses ?
who should the rings and those toys answer ?	who should the rings answer and those toys ?
who did n't the cars and those shirts listen to ?	who did n't the cars listen to and those shirts ?
who should the crayons and those bottles teach ?	who should the crayons teach and those bottles ?
who should this bed and that bag visit ?	who should this bed visit and that bag ?
who can that plate and the car bother ?	who can that plate bother and the car ?
who can those cups and the books care for ?	who can those cups care for and the books ?
who could this book and that button teach ?	who could this book teach and that button ?
who can n't those books and those doors help ?	who can n't those books help and those doors ?
who can the hats and those windows praise ?	who can the hats praise and those windows ?
who can that chair and the rug praise ?	who can that chair praise and the rug ?
who could those candles and the cars appreciate ?	who could those candles appreciate and the cars ?
who should that spoon and this couch bother ?	who should that spoon bother and this couch ?
who should this book and this box listen to ?	who should this book listen to and this box ?
who can those cars and those crayons bother ?	who can those cars bother and those crayons ?
who should the beds and the spoons appreciate ?	who should the beds appreciate and the spoons ?
who can n't those beds and these shirts worry ?	who can n't those beds worry and these shirts ?
who should those spoons and these rings praise ?	who should those spoons praise and these rings ?
who should that rug and this bed answer ?	who should that rug answer and this bed ?
who did that window and the bottle care for ?	who did that window care for and the bottle ?
who would this mirror and that rocket appreciate ?	who would this mirror appreciate and that rocket ?
who could n't the mirror and this car bother ?	who could n't the mirror bother and this car ?
who can the bags and these chairs worry ?	who can the bags worry and these chairs ?
who would n't these boxes and the boxes visit ?	who would n't these boxes visit and the boxes ?
who would the bed and this door praise ?	who would the bed praise and this door ?
who will the chair and this chair appreciate ?	who will the chair appreciate and this chair ?
who will the candle and this boat worry ?	who will the candle worry and this boat ?
who would this doll and the mirror help ?	who would this doll help and the mirror ?
who did n't these cups and the bowls scare ?	who did n't these cups scare and the bowls ?
who will this book and the glass bother ?	who will this book bother and the glass ?
who should these dishes and these glasses answer ?	who should these dishes answer and these glasses ?
who can n't those bowls and these trucks work with ?	who can n't those bowls work with and these trucks ?
who would n't those trucks and those dolls listen to ?	who would n't those trucks listen to and those dolls ?
who did n't those pictures and these forks appreciate ?	who did n't those pictures appreciate and these forks ?
who did n't the toy and the chair appreciate ?	who did n't the toy appreciate and the chair ?
who should n't these cups and the bags care for ?	who should n't these cups care for and the bags ?
who can those glasses and these shoes talk to ?	who can those glasses talk to and these shoes ?
who will those dolls and the shoes praise ?	who will those dolls praise and the shoes ?
who did the plates and the books answer ?	who did the plates answer and the books ?
who could this doll and that door bother ?	who could this doll bother and that door ?
who would n't that doll and that bicycle answer ?	who would n't that doll answer and that bicycle ?
who did the boats and these bags understand ?	who did the boats understand and these bags ?
who would n't the box and this button bother ?	who would n't the box bother and this button ?
who can n't the toy and that book scare ?	who can n't the toy scare and that book ?
who did n't the forks and those forks answer ?	who did n't the forks answer and those forks ?
who should these cars and those candles appreciate ?	who should these cars appreciate and those candles ?
who would those books and these pictures listen to ?	who would those books listen to and these pictures ?
who wo n't that picture and the dish scare ?	who wo n't that picture scare and the dish ?
who can this rocket and that rocket talk to ?	who can this rocket talk to and that rocket ?
who will this rocket and the car listen to ?	who will this rocket listen to and the car ?
who should this window and the rocket understand ?	who should this window understand and the rocket ?
who would this bowl and the doll worry ?	who would this bowl worry and the doll ?
who would those shoes and the crayons listen to ?	who would those shoes listen to and the crayons ?
who will that hat and that dish appreciate ?	who will that hat appreciate and that dish ?
who can n't this car and that plane answer ?	who can n't this car answer and that plane ?
who could the ship and that book care for ?	who could the ship care for and that book ?
who did n't those toys and these plates understand ?	who did n't those toys understand and these plates ?
who can this rug and that shirt talk to ?	who can this rug talk to and that shirt ?
who can n't the forks and those dishes worry ?	who can n't the forks worry and those dishes ?
who should these rings and those toys teach ?	who should these rings teach and those toys ?
who should n't the cars and these dolls help ?	who should n't the cars help and these dolls ?
who could these crayons and those cups appreciate ?	who could these crayons appreciate and those cups ?
who could n't this book and that bicycle praise ?	who could n't this book praise and that bicycle ?
who could that candle and the door work with ?	who could that candle work with and the door ?
who did n't those books and those chairs work with ?	who did n't those books work with and those chairs ?
who could those bowls and those boxes appreciate ?	who could those bowls appreciate and those boxes ?
who did n't this bag and this bicycle worry ?	who did n't this bag worry and this bicycle ?
who will these bags and those books care for ?	who will these bags care for and those books ?
who could n't the shirts and the dishes understand ?	who could n't the shirts understand and the dishes ?
who would this glass and that shoe worry ?	who would this glass worry and that shoe ?
who did those trucks and those rings praise ?	who did those trucks praise and those rings ?
who can n't this crayon and the button help ?	who can n't this crayon help and the button ?
who should n't these candles and the cars teach ?	who should n't these candles teach and the cars ?
who should n't this doll and this button care for ?	who should n't this doll care for and this button ?
who should this car and this rocket understand ?	who should this car understand and this rocket ?
who wo n't the chairs and those candles talk to ?	who wo n't the chairs talk to and those candles ?
who would the car and that rug care for ?	who would the car care for and that rug ?
who would n't this spoon and this fork answer ?	who would n't this spoon answer and this fork ?
who would those crayons and those hats work with ?	who would those crayons work with and those hats ?
who would those buttons and these pictures answer ?	who would those buttons answer and these pictures ?
who could that toy and the bicycle appreciate ?	who could that toy appreciate and the bicycle ?
who did n't these forks and the cars scare ?	who did n't these forks scare and the cars ?
who could n't these toys and these books scare ?	who could n't these toys scare and these books ?
who can that bicycle and the glass talk to ?	who can that bicycle talk to and the glass ?
who can n't the pictures and these dolls listen to ?	who can n't the pictures listen to and these dolls ?
who can n't these windows and these hats answer ?	who can n't these windows answer and these hats ?
who should this window and this dish talk to ?	who should this window talk to and this dish ?
who did n't these boats and these bottles bother ?	who did n't these boats bother and these bottles ?
who wo n't the dishes and these bowls understand ?	who wo n't the dishes understand and these bowls ?
who can n't the books and the hats teach ?	who can n't the books teach and the hats ?
who can the rings and those hats bother ?	who can the rings bother and those hats ?
who should n't those bags and those crayons care for ?	who should n't those bags care for and those crayons ?
who could n't these beds and these forks teach ?	who could n't these beds teach and these forks ?
who would n't these shoes and these plates scare ?	who would n't these shoes scare and these plates ?
who should n't this window and the bottle care for ?	who should n't this window care for and the bottle ?
who did n't those windows and these doors answer ?	who did n't those windows answer and these doors ?
who would the box and the picture listen to ?	who would the box listen to and the picture ?
who will those candles and the beds teach ?	who will those candles teach and the beds ?
who could n't those beds and the glasses scare ?	who could n't those beds scare and the glasses ?
who would the bag and this ring praise ?	who would the bag praise and this ring ?
who would n't those rings and these doors care for ?	who would n't those rings care for and these doors ?
who would that fork and that plane praise ?	who would that fork praise and that plane ?
who could that car and this candle listen to ?	who could that car listen to and this candle ?
who wo n't the bicycle and this dish help ?	who wo n't the bicycle help and this dish ?
who wo n't those dolls and these shoes appreciate ?	who wo n't those dolls appreciate and these shoes ?
who will those buttons and the hats praise ?	who will those buttons praise and the hats ?
who would n't those bottles and the cars listen to ?	who would n't those bottles listen to and the cars ?
who should the candles and those bowls bother ?	who should the candles bother and those bowls ?
who would this mirror and that button praise ?	who would this mirror praise and that button ?
who would n't the books and those books praise ?	who would n't the books praise and those books ?
who would that bed and the shoe help ?	who would that bed help and the shoe ?
who can the couch and the hat appreciate ?	who can the couch appreciate and the hat ?
who could this shirt and that rocket appreciate ?	who could this shirt appreciate and that rocket ?
who would the bottle and the book listen to ?	who would the bottle listen to and the book ?
who will the ship and the glass care for ?	who will the ship care for and the glass ?
who could n't that book and the fork understand ?	who could n't that book understand and the fork ?
who did n't the dish and this chair understand ?	who did n't the dish understand and this chair ?
who wo n't these doors and the candles scare ?	who wo n't these doors scare and the candles ?
who will those boxes and the cars appreciate ?	who will those boxes appreciate and the cars ?
who can n't the dolls and these windows care for ?	who can n't the dolls care for and these windows ?
who can that fork and the candle visit ?	who can that fork visit and the candle ?
who could that shoe and that book care for ?	who could that shoe care for and that book ?
who could n't the cups and the shirts worry ?	who could n't the cups worry and the shirts ?
who could n't that hat and that spoon talk to ?	who could n't that hat talk to and that spoon ?
who did n't those boxes and those candles praise ?	who did n't those boxes praise and those candles ?
who could the glasses and these books worry ?	who could the glasses worry and these books ?
who should the couch and that candle scare ?	who should the couch scare and that candle ?
who did n't these books and those dishes listen to ?	who did n't these books listen to and those dishes ?
who could n't these dolls and these rings listen to ?	who could n't these dolls listen to and these rings ?
who wo n't the couch and this toy care for ?	who wo n't the couch care for and this toy ?
who should the hat and this doll praise ?	who should the hat praise and this doll ?
who will the car and the button listen to ?	who will the car listen to and the button ?
who can n't those beds and these trucks talk to ?	who can n't those beds talk to and these trucks ?
who wo n't those books and those hats work with ?	who wo n't those books work with and those hats ?
who could n't the shirts and those bottles worry ?	who could n't the shirts worry and those bottles ?
who did the rug and the crayon care for ?	who did the rug care for and the crayon ?
who can the bowls and these chairs listen to ?	who can the bowls listen to and these chairs ?
who will that ring and this bottle listen to ?	who will that ring listen to and this bottle ?
who could n't the chairs and those pictures scare ?	who could n't the chairs scare and those pictures ?
who could these trucks and the shirts answer ?	who could these trucks answer and the shirts ?
who did n't these toys and those doors help ?	who did n't these toys help and those doors ?
who wo n't the box and the truck worry ?	who wo n't the box worry and the truck ?
who did n't the rug and the button work with ?	who did n't the rug work with and the button ?
who would n't these bowls and these cars talk to ?	who would n't these bowls talk to and these cars ?
who would n't those books and these boxes work with ?	who would n't those books work with and these boxes ?
who could these dolls and the books worry ?	who could these dolls worry and the books ?
who did that plane and the glass listen to ?	who did that plane listen to and the glass ?
who would these pictures and these dishes talk to ?	who would these pictures talk to and these dishes ?
who wo n't the books and the pictures help ?	who wo n't the books help and the pictures ?
who should n't that picture and this bag praise ?	who should n't that picture praise and this bag ?
who did these rings and those shoes work with ?	who did these rings work with and those shoes ?
who did this shirt and this door teach ?	who did this shirt teach and this door ?
who should that picture and this shirt bother ?	who should that picture bother and this shirt ?
who could these doors and the books teach ?	who could these doors teach and the books ?
who can n't the box and the book answer ?	who can n't the box answer and the book ?
who will these shirts and the hats bother ?	who will these shirts bother and the hats ?
who will that glass and the ship work with ?	who will that glass work with and the ship ?
who should n't this hat and the button understand ?	who should n't this hat understand and the button ?
who should n't the doll and that car talk to ?	who should n't the doll talk to and that car ?
who could n't the shirt and this bed care for ?	who could n't the shirt care for and this bed ?
who could n't that boat and that glass worry ?	who could n't that boat worry and that glass ?
who should the cup and this window visit ?	who should the cup visit and this window ?
who can n't that plane and the bicycle answer ?	who can n't that plane answer and the bicycle ?
who can those dishes and these cars visit ?	who can those dishes visit and these cars ?
who could n't these hats and the spoons appreciate ?	who could n't these hats appreciate and the spoons ?
who did n't this shirt and the car listen to ?	who did n't this shirt listen to and the car ?
who can this dish and the mirror work with ?	who can this dish work with and the mirror ?
who can that doll and the car teach ?	who can that doll teach and the car ?
who can n't those dishes and these cups visit ?	who can n't those dishes visit and these cups ?
who could n't the dish and this truck talk to ?	who could n't the dish talk to and this truck ?
who would the spoon and the ring teach ?	who would the spoon teach and the ring ?
who can n't the shoe and that bicycle listen to ?	who can n't the shoe listen to and that bicycle ?
who could n't those plates and these glasses bother ?	who could n't those plates bother and these glasses ?
who could the trucks and those pictures talk to ?	who could the trucks talk to and those pictures ?
who could the car and that door understand ?	who could the car understand and that door ?
who could those pictures and the beds scare ?	who could those pictures scare and the beds ?
who should that car and this boat scare ?	who should that car scare and this boat ?
who will this mirror and the toy listen to ?	who will this mirror listen to and the toy ?
who wo n't the pictures and these boats visit ?	who wo n't the pictures visit and these boats ?
who could n't those shirts and the shirts answer ?	who could n't those shirts answer and the shirts ?
who wo n't those forks and those buttons teach ?	who wo n't those forks teach and those buttons ?
who will that ship and this rocket scare ?	who will that ship scare and this rocket ?
who would n't that ring and the rocket answer ?	who would n't that ring answer and the rocket ?
who will that bed and this bag teach ?	who will that bed teach and this bag ?
who would n't the box and this ring talk to ?	who would n't the box talk to and this ring ?
who wo n't the dolls and these rings appreciate ?	who wo n't the dolls appreciate and these rings ?
who would those trucks and the candles answer ?	who would those trucks answer and the candles ?
who did n't this couch and the mirror praise ?	who did n't this couch praise and the mirror ?
who will that bed and this couch teach ?	who will that bed teach and this couch ?
who did that ship and this cup teach ?	who did that ship teach and this cup ?
who could n't the crayons and those dishes scare ?	who could n't the crayons scare and those dishes ?
who could n't that bicycle and this ring praise ?	who could n't that bicycle praise and this ring ?
who should n't the bowls and these rings visit ?	who should n't the bowls visit and these rings ?
who would the rug and this bed understand ?	who would the rug understand and this bed ?
who can n't those rings and the trucks teach ?	who can n't those rings teach and the trucks ?
who will these hats and the forks worry ?	who will these hats worry and the forks ?
who should the shoes and these shoes teach ?	who should the shoes teach and these shoes ?
who did the bowls and those forks listen to ?	who did the bowls listen to and those forks ?
who wo n't the buttons and these crayons worry ?	who wo n't the buttons worry and these crayons ?
who did n't the candles and these books teach ?	who did n't the candles teach and these books ?
who can the bag and this ship talk to ?	who can the bag talk to and this ship ?
who can n't these books and the bottles teach ?	who can n't these books teach and the bottles ?
who could n't these cars and those windows appreciate ?	who could n't these cars appreciate and those windows ?
who would the crayon and that dish help ?	who would the crayon help and that dish ?
who could those dishes and the dolls visit ?	who could those dishes visit and the dolls ?
who wo n't this candle and the hat visit ?	who wo n't this candle visit and the hat ?
who would n't that doll and this spoon appreciate ?	who would n't that doll appreciate and this spoon ?
who should n't those forks and those boats worry ?	who should n't those forks worry and those boats ?
who should n't this boat and this book talk to ?	who should n't this boat talk to and this book ?
who did this bed and this dish worry ?	who did this bed worry and this dish ?
who did n't this plate and this book teach ?	who did n't this plate teach and this book ?
who should n't the doll and this ring care for ?	who should n't the doll care for and this ring ?
who should n't that rocket and that couch listen to ?	who should n't that rocket listen to and that couch ?
who can that book and the box work with ?	who can that book work with and the box ?
who will this ring and the shirt worry ?	who will this ring worry and the shirt ?
who could those chairs and these crayons answer ?	who could those chairs answer and these crayons ?
who can the spoons and the shirts appreciate ?	who can the spoons appreciate and the shirts ?
who can n't the chairs and the glasses care for ?	who can n't the chairs care for and the glasses ?
who can n't that shoe and that rocket scare ?	who can n't that shoe scare and that rocket ?
who did the bottles and those shoes worry ?	who did the bottles worry and those shoes ?
who should n't this truck and this candle listen to ?	who should n't this truck listen to and this candle ?
who wo n't those cups and those glasses understand ?	who wo n't those cups understand and those glasses ?
who should this door and the picture appreciate ?	who should this door appreciate and the picture ?
who wo n't these books and these trucks understand ?	who wo n't these books understand and these trucks ?
who should n't those bottles and those spoons work with ?	who should n't those bottles work with and those spoons ?
who wo n't this bowl and this spoon scare ?	who wo n't this bowl scare and this spoon ?
who can the cups and these toys teach ?	who can the cups teach and these toys ?
who can n't those hats and these hats scare ?	who can n't those hats scare and these hats ?
who will that boat and that plate work with ?	who will that boat work with and that plate ?
who will the door and that chair talk to ?	who will the door talk to and that chair ?
who can the trucks and these boxes worry ?	who can the trucks worry and these boxes ?
who wo n't this bicycle and that cup visit ?	who wo n't this bicycle visit and that cup ?
who did that couch and this rug listen to ?	who did that couch listen to and this rug ?
who should the plates and these candles scare ?	who should the plates scare and these candles ?
who did n't the hat and this dish visit ?	who did n't the hat visit and this dish ?
who wo n't this bicycle and that doll talk to ?	who wo n't this bicycle talk to and that doll ?
who should n't the buttons and the glasses scare ?	who should n't the buttons scare and the glasses ?
who wo n't these books and these buttons bother ?	who wo n't these books bother and these buttons ?
who wo n't those hats and the candles care for ?	who wo n't those hats care for and the candles ?
who wo n't the box and that box teach ?	who wo n't the box teach and that box ?
who should these cars and those rings talk to ?	who should these cars talk to and those rings ?
who wo n't these dishes and these books answer ?	who wo n't these dishes answer and these books ?
who should n't that rug and this shoe appreciate ?	who should n't that rug appreciate and this shoe ?
who will these glasses and those forks talk to ?	who will these glasses talk to and those forks ?
who can n't the car and that rug teach ?	who can n't the car teach and that rug ?
who could n't the doll and the rug talk to ?	who could n't the doll talk to and the rug ?
who should n't this picture and this plate visit ?	who should n't this picture visit and this plate ?
who can n't these doors and these buttons bother ?	who can n't these doors bother and these buttons ?
who would n't that chair and that crayon answer ?	who would n't that chair answer and that crayon ?
who could these windows and the shirts bother ?	who could these windows bother and the shirts ?
who would the toys and the pictures help ?	who would the toys help and the pictures ?
who wo n't the door and the chair teach ?	who wo n't the door teach and the chair ?
who can n't that box and this cup understand ?	who can n't that box understand and this cup ?
who can the car and that glass scare ?	who can the car scare and that glass ?
who did the books and these dishes bother ?	who did the books bother and these dishes ?
who should the plane and this ring worry ?	who should the plane worry and this ring ?
who should n't the toys and these bowls worry ?	who should n't the toys worry and these bowls ?
who wo n't the hats and those dolls help ?	who wo n't the hats help and those dolls ?
who did the shirts and these boxes talk to ?	who did the shirts talk to and these boxes ?
who could n't those boats and those rings answer ?	who could n't those boats answer and those rings ?
who could n't that couch and the button praise ?	who could n't that couch praise and the button ?
who could n't the shoes and those beds teach ?	who could n't the shoes teach and those beds ?
who wo n't that car and this toy understand ?	who wo n't that car understand and this toy ?
who could those dishes and those shirts work with ?	who could those dishes work with and those shirts ?
who can n't the rug and that fork teach ?	who can n't the rug teach and that fork ?
who can the dish and the candle help ?	who can the dish help and the candle ?
who did n't these dolls and these forks talk to ?	who did n't these dolls talk to and these forks ?
who could n't the dolls and the cups appreciate ?	who could n't the dolls appreciate and the cups ?
who would the dishes and the books answer ?	who would the dishes answer and the books ?
who should the shirts and the books answer ?	who should the shirts answer and the books ?
who would n't the crayons and those rings bother ?	who would n't the crayons bother and those rings ?
who would n't that hat and that book worry ?	who would n't that hat worry and that book ?
who wo n't that bowl and this car care for ?	who wo n't that bowl care for and this car ?
who should n't that book and the boat talk to ?	who should n't that book talk to and the boat ?
who would these hats and the boxes work with ?	who would these hats work with and the boxes ?
who could this car and this fork work with ?	who could this car work with and this fork ?
who would n't these shirts and the hats teach ?	who would n't these shirts teach and the hats ?
who would the candle and that hat work with ?	who would the candle work with and that hat ?
who will these shirts and the shoes talk to ?	who will these shirts talk to and the shoes ?
who did that shirt and that picture praise ?	who did that shirt praise and that picture ?
who could the cars and these forks work with ?	who could the cars work with and these forks ?
who wo n't these boats and these buttons appreciate ?	who wo n't these boats appreciate and these buttons ?
who should n't the books and these bowls bother ?	who should n't the books bother and these bowls ?
who could the rings and the books help ?	who could the rings help and the books ?
who should n't the pictures and these windows talk to ?	who should n't the pictures talk to and these windows ?
who could the fork and that bicycle scare ?	who could the fork scare and that bicycle ?
who should n't these pictures and the candles appreciate ?	who should n't these pictures appreciate and the candles ?
who can the shirts and the hats understand ?	who can the shirts understand and the hats ?
who can n't this picture and this mirror praise ?	who can n't this picture praise and this mirror ?
who could this book and the candle care for ?	who could this book care for and the candle ?
who would n't the buttons and those trucks appreciate ?	who would n't the buttons appreciate and those trucks ?
who can n't the bicycle and that ring teach ?	who can n't the bicycle teach and that ring ?
who could that mirror and this picture understand ?	who could that mirror understand and this picture ?
who could the shirts and these forks talk to ?	who could the shirts talk to and these forks ?
who can n't that shoe and that car work with ?	who can n't that shoe work with and that car ?
who could the hats and these plates appreciate ?	who could the hats appreciate and these plates ?
who could that rocket and this box listen to ?	who could that rocket listen to and this box ?
who should n't that candle and this crayon appreciate ?	who should n't that candle appreciate and this crayon ?
who would the spoon and the boat bother ?	who would the spoon bother and the boat ?
who did that doll and that shirt understand ?	who did that doll understand and that shirt ?
who wo n't the bottle and that plane visit ?	who wo n't the bottle visit and that plane ?
who did n't that rug and the spoon talk to ?	who did n't that rug talk to and the spoon ?
who can those books and these doors worry ?	who can those books worry and these doors ?
who did the forks and these cars work with ?	who did the forks work with and these cars ?
who should n't the glass and this couch work with ?	who should n't the glass work with and this couch ?
who would n't the plate and that candle teach ?	who would n't the plate teach and that candle ?
who would n't this bicycle and that shoe scare ?	who would n't this bicycle scare and that shoe ?
who did n't this book and that spoon worry ?	who did n't this book worry and that spoon ?
who should n't these shirts and those boxes care for ?	who should n't these shirts care for and those boxes ?
who did that dish and that bottle worry ?	who did that dish worry and that bottle ?
who would n't these boxes and those plates worry ?	who would n't these boxes worry and those plates ?
who did these cups and those pictures appreciate ?	who did these cups appreciate and those pictures ?
who will these buttons and these windows bother ?	who will these buttons bother and these windows ?
who could n't the trucks and those cups care for ?	who could n't the trucks care for and those cups ?
who could n't the chairs and these crayons teach ?	who could n't the chairs teach and these crayons ?
who could that mirror and the bottle scare ?	who could that mirror scare and the bottle ?
who did n't the spoon and that window appreciate ?	who did n't the spoon appreciate and that window ?
who wo n't those bottles and these buttons visit ?	who wo n't those bottles visit and these buttons ?
who wo n't those windows and those boats answer ?	who wo n't those windows answer and those boats ?
who can n't that couch and this ring help ?	who can n't that couch help and this ring ?
who did these rings and the books talk to ?	who did these rings talk to and the books ?
who can that picture and that car care for ?	who can that picture care for and that car ?
who could these books and those bottles bother ?	who could these books bother and those bottles ?
who should those bags and those rings praise ?	who should those bags praise and those rings ?
who would n't this dish and this bowl listen to ?	who would n't this dish listen to and this bowl ?
who should that crayon and the rug scare ?	who should that crayon scare and the rug ?
who would n't the bowl and the hat listen to ?	who would n't the bowl listen to and the hat ?
who would n't these rings and the dolls work with ?	who would n't these rings work with and the dolls ?
who did n't this chair and this bottle understand ?	who did n't this chair understand and this bottle ?
who could n't that bowl and that bed visit ?	who could n't that bowl visit and that bed ?
who can that spoon and that bowl visit ?	who can that spoon visit and that bowl ?
who can that ship and that door work with ?	who can that ship work with and that door ?
who wo n't those windows and these boats bother ?	who wo n't those windows bother and these boats ?
who would that shoe and that truck praise ?	who would that shoe praise and that truck ?
who will the bicycle and the plate appreciate ?	who will the bicycle appreciate and the plate ?
who could this rug and this fork talk to ?	who could this rug talk to and this fork ?
who should n't those forks and these cars care for ?	who should n't those forks care for and these cars ?
who could the bicycle and that crayon bother ?	who could the bicycle bother and that crayon ?
who will that hat and the box appreciate ?	who will that hat appreciate and the box ?
who wo n't that button and the bottle talk to ?	who wo n't that button talk to and the bottle ?
who can n't those bags and the boxes help ?	who can n't those bags help and the boxes ?
who will that hat and that bed teach ?	who will that hat teach and that bed ?
who will the buttons and those trucks listen to ?	who will the buttons listen to and those trucks ?
who should n't these doors and those beds teach ?	who should n't these doors teach and those beds ?
who could the bottles and these windows bother ?	who could the bottles bother and these windows ?
who can this toy and this book understand ?	who can this toy understand and this book ?
who could n't that picture and this shoe work with ?	who could n't that picture work with and this shoe ?
who could the book and this bottle scare ?	who could the book scare and this bottle ?
who can the shoes and the cars listen to ?	who can the shoes listen to and the cars ?
who should the book and that box understand ?	who should the book understand and that box ?
who should these rings and the windows bother ?	who should these rings bother and the windows ?
who could that window and the door praise ?	who could that window praise and the door ?
who can n't that picture and this couch care for ?	who can n't that picture care for and this couch ?
who should n't this doll and the box bother ?	who should n't this doll bother and the box ?
who can n't the bowls and the glasses bother ?	who can n't the bowls bother and the glasses ?
who would that rocket and that spoon work with ?	who would that rocket work with and that spoon ?
who can the dolls and those boxes scare ?	who can the dolls scare and those boxes ?
who should n't this couch and the shoe care for ?	who should n't this couch care for and the shoe ?
who should this rug and this picture worry ?	who should this rug worry and this picture ?
who can n't this couch and that bowl help ?	who can n't this couch help and that bowl ?
who should these hats and those windows appreciate ?	who should these hats appreciate and those windows ?
who could n't this button and the rug teach ?	who could n't this button teach and the rug ?
who could these bottles and those books scare ?	who could these bottles scare and those books ?
who would that box and that fork appreciate ?	who would that box appreciate and that fork ?
who wo n't that car and the bag teach ?	who wo n't that car teach and the bag ?
who should these cups and the dolls talk to ?	who should these cups talk to and the dolls ?
who did n't this bed and the candle appreciate ?	who did n't this bed appreciate and the candle ?
who should n't these buttons and the beds bother ?	who should n't these buttons bother and the beds ?
who will the plate and this rug answer ?	who will the plate answer and this rug ?
who did those cars and these cars listen to ?	who did those cars listen to and these cars ?
who will the glass and this fork visit ?	who will the glass visit and this fork ?
who would n't the box and that chair talk to ?	who would n't the box talk to and that chair ?
who could n't the shoes and those dolls work with ?	who could n't the shoes work with and those dolls ?
who can n't the shoe and this book appreciate ?	who can n't the shoe appreciate and this book ?
who did n't those pictures and these bottles work with ?	who did n't those pictures work with and these bottles ?
who would this rug and this bicycle appreciate ?	who would this rug appreciate and this bicycle ?
who should n't those shoes and those books talk to ?	who should n't those shoes talk to and those books ?
who wo n't that bed and that glass appreciate ?	who wo n't that bed appreciate and that glass ?
who would the dolls and those shirts answer ?	who would the dolls answer and those shirts ?
who did n't those trucks and the bowls answer ?	who did n't those trucks answer and the bowls ?
who should those dolls and these books praise ?	who should those dolls praise and these books ?
who can n't these cars and the cars appreciate ?	who can n't these cars appreciate and the cars ?
who can n't these spoons and those books understand ?	who can n't these spoons understand and those books ?
who could n't the hats and those windows teach ?	who could n't the hats teach and those windows ?
who could n't these shoes and the beds visit ?	who could n't these shoes visit and the beds ?
who could n't the cars and these toys bother ?	who could n't the cars bother and these toys ?
who would those doors and these shirts care for ?	who would those doors care for and these shirts ?
who could n't those doors and those buttons bother ?	who could n't those doors bother and those buttons ?
who wo n't that glass and this window understand ?	who wo n't that glass understand and this window ?
who did n't the couch and this box appreciate ?	who did n't the couch appreciate and this box ?
who wo n't the plane and this bed teach ?	who wo n't the plane teach and this bed ?
who would n't these shirts and those boats scare ?	who would n't these shirts scare and those boats ?
who will that rocket and the candle answer ?	who will that rocket answer and the candle ?
who can these cups and the boats worry ?	who can these cups worry and the boats ?
who could n't the cars and the hats scare ?	who could n't the cars scare and the hats ?
who should n't the rocket and the truck care for ?	who should n't the rocket care for and the truck ?
who could n't the bottle and this door help ?	who could n't the bottle help and this door ?
who could n't these beds and those plates praise ?	who could n't these beds praise and those plates ?
who could n't the plates and these crayons help ?	who could n't the plates help and these crayons ?
who did n't this picture and this rug answer ?	who did n't this picture answer and this rug ?
who should n't the pictures and these rings worry ?	who should n't the pictures worry and these rings ?
who did n't these boats and the rings work with ?	who did n't these boats work with and the rings ?
who should n't these candles and the trucks talk to ?	who should n't these candles talk to and the trucks ?
who would n't the bottles and the crayons visit ?	who would n't the bottles visit and the crayons ?
who did the chairs and the toys appreciate ?	who did the chairs appreciate and the toys ?
who did those crayons and the boats appreciate ?	who did those crayons appreciate and the boats ?
who wo n't that plane and this ring help ?	who wo n't that plane help and this ring ?
who should n't the boxes and these windows care for ?	who should n't the boxes care for and these windows ?
who can the bag and the candle listen to ?	who can the bag listen to and the candle ?
who can those buttons and those dolls listen to ?	who can those buttons listen to and those dolls ?
who did these cars and those crayons work with ?	who did these cars work with and those crayons ?
who should these glasses and the cars help ?	who should these glasses help and the cars ?
who should n't these hats and these shirts care for ?	who should n't these hats care for and these shirts ?
who would n't the plate and this dish bother ?	who would n't the plate bother and this dish ?
who should n't that button and this chair appreciate ?	who should n't that button appreciate and this chair ?
who did n't the candles and those dishes visit ?	who did n't the candles visit and those dishes ?
who could this plate and that toy answer ?	who could this plate answer and that toy ?
who will those crayons and those books help ?	who will those crayons help and those books ?
who can this spoon and this crayon visit ?	who can this spoon visit and this crayon ?
who would that truck and the bowl understand ?	who would that truck understand and the bowl ?
who could those beds and the boxes worry ?	who could those beds worry and the boxes ?
who should n't this button and the couch understand ?	who should n't this button understand and the couch ?
who would n't these glasses and those chairs scare ?	who would n't these glasses scare and those chairs ?
who should the rings and these dolls answer ?	who should the rings answer and these dolls ?
who should n't this cup and this bed scare ?	who should n't this cup scare and this bed ?
who will that picture and that book listen to ?	who will that picture listen to and that book ?
who could those forks and those spoons care for ?	who could those forks care for and those spoons ?
who can n't the hats and these hats care for ?	who can n't the hats care for and these hats ?
who could n't these toys and these dolls answer ?	who could n't these toys answer and these dolls ?
who should these toys and those shirts visit ?	who should these toys visit and those shirts ?
who will these cars and these pictures work with ?	who will these cars work with and these pictures ?
who did n't that dish and this ring care for ?	who did n't that dish care for and this ring ?
who would n't the mirror and the truck teach ?	who would n't the mirror teach and the truck ?
who should that picture and the rocket help ?	who should that picture help and the rocket ?
who will those buttons and the books visit ?	who will those buttons visit and the books ?
who could those cups and these windows help ?	who could those cups help and these windows ?
who did these candles and the shirts help ?	who did these candles help and the shirts ?
who wo n't this ring and the dish teach ?	who wo n't this ring teach and the dish ?
who can n't the rings and the dishes bother ?	who can n't the rings bother and the dishes ?
who would n't that bag and the shirt help ?	who would n't that bag help and the shirt ?
who wo n't that plate and this boat work with ?	who wo n't that plate work with and this boat ?
who should the book and this chair visit ?	who should the book visit and this chair ?
who should n't these bags and these shirts listen to ?	who should n't these bags listen to and these shirts ?
who can the rocket and this bicycle answer ?	who can the rocket answer and this bicycle ?
who will the boxes and those boxes understand ?	who will the boxes understand and those boxes ?
who did these doors and the crayons understand ?	who did these doors understand and the crayons ?
who can those dolls and those candles appreciate ?	who can those dolls appreciate and those candles ?
who would n't these toys and these books talk to ?	who would n't these toys talk to and these books ?
who should n't the picture and the ring listen to ?	who should n't the picture listen to and the ring ?
who did the dolls and the boats scare ?	who did the dolls scare and the boats ?
who can n't the cars and these bags appreciate ?	who can n't the cars appreciate and these bags ?
who wo n't that picture and this shoe bother ?	who wo n't that picture bother and this shoe ?
who can n't the rings and the doors worry ?	who can n't the rings worry and the doors ?
who did those bags and the plates appreciate ?	who did those bags appreciate and the plates ?
who wo n't that cup and this picture appreciate ?	who wo n't that cup appreciate and this picture ?
who did the truck and the chair talk to ?	who did the truck talk to and the chair ?
who would this door and this crayon teach ?	who would this door teach and this crayon ?
who wo n't this window and that cup worry ?	who wo n't this window worry and that cup ?
who wo n't that glass and this book work with ?	who wo n't that glass work with and this book ?
who would n't this ship and that bed care for ?	who would n't this ship care for and that bed ?
who did n't these forks and those books praise ?	who did n't these forks praise and those books ?
who would n't these windows and those toys visit ?	who would n't these windows visit and those toys ?
who wo n't this ring and the spoon visit ?	who wo n't this ring visit and the spoon ?
who would n't the mirror and this mirror talk to ?	who would n't the mirror talk to and this mirror ?
who could this shoe and the plate worry ?	who could this shoe worry and the plate ?
who did n't this shoe and this hat scare ?	who did n't this shoe scare and this hat ?
who should n't these bottles and the rings appreciate ?	who should n't these bottles appreciate and the rings ?
who should n't this ship and this window teach ?	who should n't this ship teach and this window ?
who did these books and those buttons scare ?	who did these books scare and those buttons ?
who should the windows and these doors teach ?	who should the windows teach and these doors ?
who will these dolls and those boxes answer ?	who will these dolls answer and those boxes ?
who would the crayons and the beds answer ?	who would the crayons answer and the beds ?
who did the picture and the bicycle work with ?	who did the picture work with and the bicycle ?
who did those boxes and these windows help ?	who did those boxes help and these windows ?
who wo n't the button and that bowl understand ?	who wo n't the button understand and that bowl ?
who would the toy and that bowl talk to ?	who would the toy talk to and that bowl ?
who can that rug and that shoe worry ?	who can that rug worry and that shoe ?
who can n't this ship and that car answer ?	who can n't this ship answer and that car ?
who would those dishes and those windows work with ?	who would those dishes work with and those windows ?
who can this picture and that boat understand ?	who can this picture understand and that boat ?
who did n't those crayons and those buttons work with ?	who did n't those crayons work with and those buttons ?
who will the couch and this picture talk to ?	who will the couch talk to and this picture ?
