the glass found that fork .	the glass found those fork .
the hat heard these boxes .	the hat heard this boxes .
the plate can know these dishes .	the plate can know this dishes .
the glasses clean these boys .	the glasses clean this boys .
the bottles had n't visited this bottle .	the bottles had n't visited these bottle .
the boats hear this couch .	the boats hear these couch .
the bag does n't find that teacher .	the bag does n't find those teacher .
the book answered that room .	the book answered those room .
the box was n't holding that driver .	the box was n't holding those driver .
the shoe holds that person .	the shoe holds those person .
the boat must hear these trucks .	the boat must hear this trucks .
the glasses understand that room .	the glasses understand those room .
the doll would throw that teacher .	the doll would throw those teacher .
the plane bothered those dolls .	the plane bothered that dolls .
the bank did n't hear that ring .	the bank did n't hear those ring .
the room can n't teach these dishes .	the room can n't teach this dishes .
the dish would n't lift that person .	the dish would n't lift those person .
the room heard that candle .	the room heard those candle .
the bottle moves that customer .	the bottle moves those customer .
the buttons are n't fixing this king .	the buttons are n't fixing these king .
the rocket holds those guys .	the rocket holds that guys .
the plate has lost these doctors .	the plate has lost this doctors .
the bowls were n't bringing that queen .	the bowls were n't bringing those queen .
the books can n't hear that kitchen .	the books can n't hear those kitchen .
the door throws this king .	the door throws these king .
the kitchen must steal these boys .	the kitchen must steal this boys .
the rings did n't make those boys .	the rings did n't make that boys .
the couch is shaking this person .	the couch is shaking these person .
the rocket stole this adult .	the rocket stole these adult .
the crayon holds that adult .	the crayon holds those adult .
the bags should listen to that plate .	the bags should listen to those plate .
the crayon was losing this dancer .	the crayon was losing these dancer .
the windows worked with that book .	the windows worked with those book .
the ship can n't make those ladies .	the ship can n't make that ladies .
the rooms could n't move that person .	the rooms could n't move those person .
the doors were throwing these doctors .	the doors were throwing this doctors .
the ship understands those boxes .	the ship understands that boxes .
the picture had n't moved that patient .	the picture had n't moved those patient .
the box was listening to these bowls .	the box was listening to this bowls .
the book is moving these girls .	the book is moving this girls .
the cars would n't hear that crayon .	the cars would n't hear those crayon .
the rocket does n't bring this dancer .	the rocket does n't bring these dancer .
the bed found these cars .	the bed found this cars .
the shoe kept that queen .	the shoe kept those queen .
the cup has n't confused those buttons .	the cup has n't confused that buttons .
the mirror must take these guys .	the mirror must take this guys .
the plate would have this woman .	the plate would have these woman .
the windows had n't thrown this king .	the windows had n't thrown these king .
the crayon was working with this hat .	the crayon was working with these hat .
the couch should n't lift this teacher .	the couch should n't lift these teacher .
the books teach that ring .	the books teach those ring .
the doll would n't throw this adult .	the doll would n't throw these adult .
the pictures confused these beds .	the pictures confused this beds .
the mall knows this crayon .	the mall knows these crayon .
the trucks hear these crayons .	the trucks hear this crayons .
the book helped these beds .	the book helped this beds .
the dishes have confused these rings .	the dishes have confused this rings .
the fork talked to those boxes .	the fork talked to that boxes .
the plane was n't fixing those doctors .	the plane was n't fixing that doctors .
the shirts move those girls .	the shirts move that girls .
the mirror taught those toys .	the mirror taught that toys .
the spoons worked with these cars .	the spoons worked with this cars .
the spoon must steal these guys .	the spoon must steal this guys .
the bag had dropped this girl .	the bag had dropped these girl .
the bottle bought this girl .	the bottle bought these girl .
the book had n't scared these buttons .	the book had n't scared this buttons .
the doll has n't helped this doll .	the doll has n't helped these doll .
the doors worried these shirts .	the doors worried this shirts .
the picture had held that teacher .	the picture had held those teacher .
the glasses clean that patient .	the glasses clean those patient .
the bag answered these crayons .	the bag answered this crayons .
the windows were bringing that guy .	the windows were bringing those guy .
the boat drops this girl .	the boat drops these girl .
the bags worry those doors .	the bags worry that doors .
the cars might find those women .	the cars might find that women .
the door scared those glasses .	the door scared that glasses .
the schools would n't keep this queen .	the schools would n't keep these queen .
the fork had n't visited this fork .	the fork had n't visited these fork .
the cup was n't shaking this guy .	the cup was n't shaking these guy .
the rooms should drop that driver .	the rooms should drop those driver .
the truck hears this glass .	the truck hears these glass .
the hats were n't bothering those pictures .	the hats were n't bothering that pictures .
the crayons had n't confused these candles .	the crayons had n't confused this candles .
the bag may steal that patient .	the bag may steal those patient .
the school has n't worried this shoe .	the school has n't worried these shoe .
the rings scared that bicycle .	the rings scared those bicycle .
the hat was n't taking that guy .	the hat was n't taking those guy .
the candle has bothered those forks .	the candle has bothered that forks .
the dish has n't scared those boxes .	the dish has n't scared that boxes .
the plate was n't finding this king .	the plate was n't finding these king .
the toy has fixed that girl .	the toy has fixed those girl .
the shirt would lose these girls .	the shirt would lose this girls .
the bottles lose those ladies .	the bottles lose that ladies .
the bags do n't have those boys .	the bags do n't have that boys .
the bags could find this guy .	the bags could find these guy .
the windows will hear that mirror .	the windows will hear those mirror .
the glass would teach that truck .	the glass would teach those truck .
the plates can n't lift this queen .	the plates can n't lift these queen .
the hat can hear this candle .	the hat can hear these candle .
the truck visited that toy .	the truck visited those toy .
the cup had n't found these cups .	the cup had n't found this cups .
the rings are bothering this couch .	the rings are bothering these couch .
the hospital kept that man .	the hospital kept those man .
the pictures did n't keep these teachers .	the pictures did n't keep this teachers .
the crayon would n't work with this plane .	the crayon would n't work with these plane .
the hospital makes that patient .	the hospital makes those patient .
the chairs scare this room .	the chairs scare these room .
the book should teach those plates .	the book should teach that plates .
the restaurant has worried this picture .	the restaurant has worried these picture .
the chair moves this queen .	the chair moves these queen .
the shoes should n't worry these windows .	the shoes should n't worry this windows .
the plates listen to these pictures .	the plates listen to this pictures .
the rooms visited these rings .	the rooms visited this rings .
the rings work with this school .	the rings work with these school .
the truck was n't taking this queen .	the truck was n't taking these queen .
the car had scared those books .	the car had scared that books .
the boxes heard this cup .	the boxes heard these cup .
the schools stole those doctors .	the schools stole that doctors .
the bags would n't hear this hospital .	the bags would n't hear these hospital .
the toys should n't hear this library .	the toys should n't hear these library .
the room could n't care for those shirts .	the room could n't care for that shirts .
the candles sell that woman .	the candles sell those woman .
the book has n't helped this candle .	the book has n't helped these candle .
the rooms must teach that shirt .	the rooms must teach those shirt .
the plane visited that couch .	the plane visited those couch .
the forks visited this rug .	the forks visited these rug .
the park is throwing these children .	the park is throwing this children .
the kitchen had brought this king .	the kitchen had brought these king .
the bowls can n't visit that park .	the bowls can n't visit those park .
the dish heard that window .	the dish heard those window .
the truck could n't clean those girls .	the truck could n't clean that girls .
the fork has talked to that picture .	the fork has talked to those picture .
the school helps these bags .	the school helps this bags .
the hospital had worked with these trucks .	the hospital had worked with this trucks .
the hat heard those books .	the hat heard that books .
the schools answer these toys .	the schools answer this toys .
the rug brought those men .	the rug brought that men .
the hat threw these people .	the hat threw this people .
the hat has n't worked with those bowls .	the hat has n't worked with that bowls .
the spoon hears this bed .	the spoon hears these bed .
the glass taught that park .	the glass taught those park .
the doll scares those schools .	the doll scares that schools .
the pictures should sell this child .	the pictures should sell these child .
the ship did n't know this bicycle .	the ship did n't know these bicycle .
the bottle brings this person .	the bottle brings these person .
the school had n't held this queen .	the school had n't held these queen .
the spoon has taken these people .	the spoon has taken this people .
the dishes scared this school .	the dishes scared these school .
the dolls can listen to that dish .	the dolls can listen to those dish .
the books are n't bringing those guys .	the books are n't bringing that guys .
the mall visited that library .	the mall visited those library .
the doors had n't dropped those guys .	the doors had n't dropped that guys .
the book is listening to that ring .	the book is listening to those ring .
the rings heard this bed .	the rings heard these bed .
the toy was shaking that teacher .	the toy was shaking those teacher .
the book can n't buy this queen .	the book can n't buy these queen .
the bottle was n't bothering this plane .	the bottle was n't bothering these plane .
the forks may know that ship .	the forks may know those ship .
the boats listen to this box .	the boats listen to these box .
the book will talk to that rocket .	the book will talk to those rocket .
the truck would help this plate .	the truck would help these plate .
the door hears this crayon .	the door hears these crayon .
the kitchen could n't lift that woman .	the kitchen could n't lift those woman .
the pictures would n't know these glasses .	the pictures would n't know this glasses .
the plates might lose that person .	the plates might lose those person .
the windows helped this mirror .	the windows helped these mirror .
the cups drop this adult .	the cups drop these adult .
the dish hears these boxes .	the dish hears this boxes .
the toy has n't scared that rug .	the toy has n't scared those rug .
the books had helped that museum .	the books had helped those museum .
the boats had thrown those teachers .	the boats had thrown that teachers .
the chair had n't heard those buttons .	the chair had n't heard that buttons .
the rocket must answer these bowls .	the rocket must answer this bowls .
the doll would know this mirror .	the doll would know these mirror .
the books were n't making those ladies .	the books were n't making that ladies .
the bed has n't visited these rooms .	the bed has n't visited this rooms .
the spoons have taught these windows .	the spoons have taught this windows .
the candles can n't make these women .	the candles can n't make this women .
the crayon was n't working with those cars .	the crayon was n't working with that cars .
the trucks visited this window .	the trucks visited these window .
the school should appreciate that couch .	the school should appreciate those couch .
the plates had found those hats .	the plates had found that hats .
the pictures are moving these teachers .	the pictures are moving this teachers .
the window threw this lady .	the window threw these lady .
the glasses had n't taken this guy .	the glasses had n't taken these guy .
the bicycle does n't clean those girls .	the bicycle does n't clean that girls .
the bowls are n't teaching those pictures .	the bowls are n't teaching that pictures .
the bottles had n't lost these boats .	the bottles had n't lost this boats .
the books would n't help that chair .	the books would n't help those chair .
the museum has made this dancer .	the museum has made these dancer .
the chair might know those trucks .	the chair might know that trucks .
the shoes bothered those boxes .	the shoes bothered that boxes .
the mall has n't taken this customer .	the mall has n't taken these customer .
the ship had n't helped those hats .	the ship had n't helped that hats .
the glasses heard those plates .	the glasses heard that plates .
the book may scare this boat .	the book may scare these boat .
the glass moved those teachers .	the glass moved that teachers .
the bowl had kept those women .	the bowl had kept that women .
the fork understands those candles .	the fork understands that candles .
the rings are n't listening to this room .	the rings are n't listening to these room .
the toy worked with those toys .	the toy worked with that toys .
the bowl brought these doctors .	the bowl brought this doctors .
the books were visiting that school .	the books were visiting those school .
the box does n't scare this book .	the box does n't scare these book .
the bowl knew this book .	the bowl knew these book .
the spoons bothered that hat .	the spoons bothered those hat .
the shoe scares those candles .	the shoe scares that candles .
the ring is n't working with these dolls .	the ring is n't working with this dolls .
the dolls are n't holding this patient .	the dolls are n't holding these patient .
the bottles shake these boys .	the bottles shake this boys .
the rings have answered these chairs .	the rings have answered this chairs .
the book did n't fix this dentist .	the book did n't fix these dentist .
the bed had taught these hats .	the bed had taught this hats .
the ship had visited these bowls .	the ship had visited this bowls .
the cars can n't teach that museum .	the cars can n't teach those museum .
the forks are n't cleaning this dancer .	the forks are n't cleaning these dancer .
the hospital should know this toy .	the hospital should know these toy .
the hats could drop this adult .	the hats could drop these adult .
the beds dropped that driver .	the beds dropped those driver .
the dish works with these dolls .	the dish works with this dolls .
the bed scares that hat .	the bed scares those hat .
the glass has heard that shirt .	the glass has heard those shirt .
the car should hear this door .	the car should hear these door .
the rug did n't understand this crayon .	the rug did n't understand these crayon .
the shirts knew these books .	the shirts knew this books .
the candles are n't bothering those bags .	the candles are n't bothering that bags .
the book was taking this child .	the book was taking these child .
the candles shake those doctors .	the candles shake that doctors .
the rings can n't hold these girls .	the rings can n't hold this girls .
the rooms visit this dish .	the rooms visit these dish .
the bag threw that doctor .	the bag threw those doctor .
the trucks could n't drop this driver .	the trucks could n't drop these driver .
the spoons were n't buying that guy .	the spoons were n't buying those guy .
the fork wo n't throw these girls .	the fork wo n't throw this girls .
the dishes taught this chair .	the dishes taught these chair .
the doll hears that fork .	the doll hears those fork .
the door has n't answered this couch .	the door has n't answered these couch .
the chairs have n't bothered these doors .	the chairs have n't bothered this doors .
the candles had n't visited those trucks .	the candles had n't visited that trucks .
the forks can worry that picture .	the forks can worry those picture .
the books shook those ladies .	the books shook that ladies .
the bowl fixed that guy .	the bowl fixed those guy .
the rug talks to those bowls .	the rug talks to that bowls .
the restaurant could talk to this boat .	the restaurant could talk to these boat .
the books have dropped that customer .	the books have dropped those customer .
the rooms are teaching this rug .	the rooms are teaching these rug .
the trucks should make these women .	the trucks should make this women .
the windows were helping that rug .	the windows were helping those rug .
the hats drop this lady .	the hats drop these lady .
the bottles had scared this ship .	the bottles had scared these ship .
the dolls are n't losing that woman .	the dolls are n't losing those woman .
the books should n't understand these glasses .	the books should n't understand this glasses .
the boxes steal those people .	the boxes steal that people .
the cars visited these dishes .	the cars visited this dishes .
the cup is bringing that doctor .	the cup is bringing those doctor .
the bag might worry that car .	the bag might worry those car .
the dish shook these children .	the dish shook this children .
the school was buying this lady .	the school was buying these lady .
the car made these ladies .	the car made this ladies .
the glass should n't keep this guy .	the glass should n't keep these guy .
the crayon heard these cars .	the crayon heard this cars .
the dish had n't kept this girl .	the dish had n't kept these girl .
the pictures visit this truck .	the pictures visit these truck .
the car confused this dish .	the car confused these dish .
the bank should shake this lady .	the bank should shake these lady .
the plane will know these candles .	the plane will know this candles .
the chairs did n't listen to that button .	the chairs did n't listen to those button .
the rocket had n't brought these women .	the rocket had n't brought this women .
the shirt found those boys .	the shirt found that boys .
the cup is dropping those ladies .	the cup is dropping that ladies .
the box must hear that bed .	the box must hear those bed .
the hats understand those shoes .	the hats understand that shoes .
the bicycle has n't heard that hospital .	the bicycle has n't heard those hospital .
the boats listen to this rug .	the boats listen to these rug .
the forks hear this restaurant .	the forks hear these restaurant .
the car could answer this park .	the car could answer these park .
the glasses did n't worry these plates .	the glasses did n't worry this plates .
the door has found this king .	the door has found these king .
the pictures may bring this child .	the pictures may bring these child .
the doors might bring that teacher .	the doors might bring those teacher .
the bowl could sell this person .	the bowl could sell these person .
the doll must fix that driver .	the doll must fix those driver .
the boat wo n't buy this dancer .	the boat wo n't buy these dancer .
the schools buy these ladies .	the schools buy this ladies .
the bed has n't kept that boy .	the bed has n't kept those boy .
the toy might know this rug .	the toy might know these rug .
the candles bought those men .	the candles bought that men .
the crayon is n't listening to these buttons .	the crayon is n't listening to this buttons .
the dolls kept that boy .	the dolls kept those boy .
the dish talks to these schools .	the dish talks to this schools .
the mall has lost those beds .	the mall has lost that beds .
the spoons were n't helping these cars .	the spoons were n't helping this cars .
the buttons did n't care for that book .	the buttons did n't care for those book .
the doll has n't lost these women .	the doll has n't lost this women .
the windows can n't hear that car .	the windows can n't hear those car .
the school might work with this truck .	the school might work with these truck .
the car heard this hospital .	the car heard these hospital .
the bowls kept that lady .	the bowls kept those lady .
the room had n't lost these cars .	the room had n't lost this cars .
the spoon worked with this school .	the spoon worked with these school .
the bottles had taught these cars .	the bottles had taught this cars .
the bicycle will appreciate this school .	the bicycle will appreciate these school .
the rug would care for this plane .	the rug would care for these plane .
the dish is visiting this shirt .	the dish is visiting these shirt .
the dishes hear those spoons .	the dishes hear that spoons .
the park holds this driver .	the park holds these driver .
the beds are n't cleaning this queen .	the beds are n't cleaning these queen .
the ring taught this park .	the ring taught these park .
the cars stole that guy .	the cars stole those guy .
the button threw that dancer .	the button threw those dancer .
the ship has that dentist .	the ship has those dentist .
the hat brings those ladies .	the hat brings that ladies .
the book bought those children .	the book bought that children .
the bags should n't understand these crayons .	the bags should n't understand this crayons .
the buttons answer that bag .	the buttons answer those bag .
the cups have n't dropped that person .	the cups have n't dropped those person .
the couch hears that glass .	the couch hears those glass .
the book had n't scared those hats .	the book had n't scared that hats .
the library has n't helped that ring .	the library has n't helped those ring .
the cups could answer those cars .	the cups could answer that cars .
the dishes did n't worry these spoons .	the dishes did n't worry this spoons .
the crayons will help that crayon .	the crayons will help those crayon .
the hospital moved these men .	the hospital moved this men .
the bottles wo n't listen to these beds .	the bottles wo n't listen to this beds .
the crayons had n't worked with that candle .	the crayons had n't worked with those candle .
the beds visit those bags .	the beds visit that bags .
the boat is n't working with that boat .	the boat is n't working with those boat .
the restaurant lost these people .	the restaurant lost this people .
the bottle talked to these chairs .	the bottle talked to this chairs .
the rocket talks to these spoons .	the rocket talks to this spoons .
the fork would n't hold that child .	the fork would n't hold those child .
the spoon has n't kept these girls .	the spoon has n't kept this girls .
the dolls do n't scare that bicycle .	the dolls do n't scare those bicycle .
the candles have moved those men .	the candles have moved that men .
the room may know this cup .	the room may know these cup .
the mirror is n't bothering these forks .	the mirror is n't bothering this forks .
the trucks moved those boys .	the trucks moved that boys .
the spoons find those girls .	the spoons find that girls .
the chair worked with this bottle .	the chair worked with these bottle .
the toys have lost those children .	the toys have lost that children .
the boxes had moved that teacher .	the boxes had moved those teacher .
the toy stole this driver .	the toy stole these driver .
the cup talks to those bags .	the cup talks to that bags .
the room has helped that doll .	the room has helped those doll .
the chair was throwing these ladies .	the chair was throwing this ladies .
the cups might make that patient .	the cups might make those patient .
the book had n't heard that mall .	the book had n't heard those mall .
the plane had n't cleaned that king .	the plane had n't cleaned those king .
the bottles answered these beds .	the bottles answered this beds .
the cups should care for those schools .	the cups should care for that schools .
the box has helped that library .	the box has helped those library .
the plane could n't talk to those beds .	the plane could n't talk to that beds .
the buttons heard those rings .	the buttons heard that rings .
the doll throws these ladies .	the doll throws this ladies .
the school has confused those rings .	the school has confused that rings .
the rocket hears this mall .	the rocket hears these mall .
the couch talks to this car .	the couch talks to these car .
the rooms had made this lady .	the rooms had made these lady .
the door lost that woman .	the door lost those woman .
the boxes can n't throw those people .	the boxes can n't throw that people .
the shoes should n't listen to this room .	the shoes should n't listen to these room .
the books could understand that museum .	the books could understand those museum .
the doors could n't appreciate that spoon .	the doors could n't appreciate those spoon .
the school scares these schools .	the school scares this schools .
the ship must work with those beds .	the ship must work with that beds .
the library heard that hat .	the library heard those hat .
the book will throw this man .	the book will throw these man .
the candle could drop that lady .	the candle could drop those lady .
the dolls wo n't scare those dishes .	the dolls wo n't scare that dishes .
the couch had this lady .	the couch had these lady .
the rug keeps these boys .	the rug keeps this boys .
the park was n't finding these girls .	the park was n't finding this girls .
the glass fixed those doctors .	the glass fixed that doctors .
the bottle had dropped this driver .	the bottle had dropped these driver .
the schools listen to these chairs .	the schools listen to this chairs .
the candle stole this guy .	the candle stole these guy .
the rocket hears those rings .	the rocket hears that rings .
the hats help this restaurant .	the hats help these restaurant .
the hospital had brought those teachers .	the hospital had brought that teachers .
the hospital has lost that rocket .	the hospital has lost those rocket .
the candle bought that adult .	the candle bought those adult .
the rug is n't losing these teachers .	the rug is n't losing this teachers .
the fork must answer this dish .	the fork must answer these dish .
the spoon wo n't work with this boat .	the spoon wo n't work with these boat .
the couch was fixing that doctor .	the couch was fixing those doctor .
the bank has talked to those rings .	the bank has talked to that rings .
the bed has n't lost that dancer .	the bed has n't lost those dancer .
the fork found these teachers .	the fork found this teachers .
the museum understands those toys .	the museum understands that toys .
the hospital had dropped these women .	the hospital had dropped this women .
the restaurant throws this person .	the restaurant throws these person .
the cup should answer these crayons .	the cup should answer this crayons .
the crayon hears those crayons .	the crayon hears that crayons .
the box had lost that person .	the box had lost those person .
the doors lost this bottle .	the doors lost these bottle .
the buttons have n't held these men .	the buttons have n't held this men .
the bowls could n't keep that doctor .	the bowls could n't keep those doctor .
the kitchen understands that glass .	the kitchen understands those glass .
the book can praise that door .	the book can praise those door .
the cups threw that adult .	the cups threw those adult .
the rooms worry these toys .	the rooms worry this toys .
the museum has this dentist .	the museum has these dentist .
the crayon could n't work with that dish .	the crayon could n't work with those dish .
the ring has n't heard this book .	the ring has n't heard these book .
the bicycle will listen to that boat .	the bicycle will listen to those boat .
the dolls heard this bottle .	the dolls heard these bottle .
the hats answer that glass .	the hats answer those glass .
the doors were n't visiting this shoe .	the doors were n't visiting these shoe .
the kitchen lost these ladies .	the kitchen lost this ladies .
the pictures should n't listen to these doors .	the pictures should n't listen to this doors .
the bicycle hears these cups .	the bicycle hears this cups .
the shirt moves those people .	the shirt moves that people .
the bowl is talking to that glass .	the bowl is talking to those glass .
the bed must hold that child .	the bed must hold those child .
the dish threw those people .	the dish threw that people .
the rooms bothered those boats .	the rooms bothered that boats .
the rug was holding those doctors .	the rug was holding that doctors .
the trucks are n't fixing these men .	the trucks are n't fixing this men .
the door is working with these bowls .	the door is working with this bowls .
the box had bothered that shoe .	the box had bothered those shoe .
the glass knew that bicycle .	the glass knew those bicycle .
the restaurant would take that lady .	the restaurant would take those lady .
the bags understand these toys .	the bags understand this toys .
the toys knew that truck .	the toys knew those truck .
the mall can n't listen to these dishes .	the mall can n't listen to this dishes .
the school talked to these hats .	the school talked to this hats .
the book has visited that couch .	the book has visited those couch .
the window can work with these buttons .	the window can work with this buttons .
the car took this queen .	the car took these queen .
the boat was n't buying this woman .	the boat was n't buying these woman .
the crayons confused that school .	the crayons confused those school .
the plane cleaned these doctors .	the plane cleaned this doctors .
the shoe would bother this doll .	the shoe would bother these doll .
the boat scared this picture .	the boat scared these picture .
the plates had heard that picture .	the plates had heard those picture .
the hat is working with these trucks .	the hat is working with this trucks .
the buttons were talking to that bottle .	the buttons were talking to those bottle .
the cup has n't visited those crayons .	the cup has n't visited that crayons .
the forks visited those boats .	the forks visited that boats .
the cup could sell this patient .	the cup could sell these patient .
the cup had heard that button .	the cup had heard those button .
the shoes worry those hats .	the shoes worry that hats .
the boxes do n't throw this patient .	the boxes do n't throw these patient .
the rings know that bag .	the rings know those bag .
the restaurant would n't visit that bicycle .	the restaurant would n't visit those bicycle .
the box is n't bothering these rings .	the box is n't bothering this rings .
the boat would help that restaurant .	the boat would help those restaurant .
the plate has this man .	the plate has these man .
the mirror had n't helped this doll .	the mirror had n't helped these doll .
the button took that man .	the button took those man .
the beds understand this window .	the beds understand these window .
the hats should hear that kitchen .	the hats should hear those kitchen .
the book has n't helped that ship .	the book has n't helped those ship .
the books were n't bothering this dish .	the books were n't bothering these dish .
the couch brings these guys .	the couch brings this guys .
the boats can n't move those girls .	the boats can n't move that girls .
the candle had helped that button .	the candle had helped those button .
the shoe hears this dish .	the shoe hears these dish .
the shirts sell this man .	the shirts sell these man .
the bicycle had bothered those rings .	the bicycle had bothered that rings .
the door throws those children .	the door throws that children .
the glass had those people .	the glass had that people .
the bank had taught that bowl .	the bank had taught those bowl .
the couch had bought this man .	the couch had bought these man .
the door was holding those people .	the door was holding that people .
the hats bother this bowl .	the hats bother these bowl .
the rings worried that door .	the rings worried those door .
the trucks can n't care for these bottles .	the trucks can n't care for this bottles .
the bank will buy this teacher .	the bank will buy these teacher .
the fork had found those books .	the fork had found that books .
the bed could make this woman .	the bed could make these woman .
the shirt had n't worried this bowl .	the shirt had n't worried these bowl .
the shoe should answer this window .	the shoe should answer these window .
the candles talked to those chairs .	the candles talked to that chairs .
the toys wo n't clean that guy .	the toys wo n't clean those guy .
the boats had n't cleaned this man .	the boats had n't cleaned these man .
the boat should n't care for those schools .	the boat should n't care for that schools .
the boats answered that rug .	the boats answered those rug .
the beds had n't talked to those bags .	the beds had n't talked to that bags .
the bottles did n't hear these pictures .	the bottles did n't hear this pictures .
the picture has n't made this woman .	the picture has n't made these woman .
the forks worried that mall .	the forks worried those mall .
the glass has taught this boat .	the glass has taught these boat .
the doors bring these men .	the doors bring this men .
the crayons have n't made that teacher .	the crayons have n't made those teacher .
the school is n't listening to this doll .	the school is n't listening to these doll .
the bags are n't bothering this button .	the bags are n't bothering these button .
the plane must praise that book .	the plane must praise those book .
the spoon scared this shirt .	the spoon scared these shirt .
the restaurant confused that shirt .	the restaurant confused those shirt .
the school had n't found this girl .	the school had n't found these girl .
the plate had n't lost that picture .	the plate had n't lost those picture .
the car has heard these chairs .	the car has heard this chairs .
the candles knew these shirts .	the candles knew this shirts .
the rooms had confused these trucks .	the rooms had confused this trucks .
the windows would fix that teacher .	the windows would fix those teacher .
the bicycle fixed that customer .	the bicycle fixed those customer .
the car had n't lost this hospital .	the car had n't lost these hospital .
the boats are n't bothering those rooms .	the boats are n't bothering that rooms .
the school can n't answer this park .	the school can n't answer these park .
the button should n't make those teachers .	the button should n't make that teachers .
the room can n't hear that cup .	the room can n't hear those cup .
the shoe might make that girl .	the shoe might make those girl .
the button heard those doors .	the button heard that doors .
the kitchen wo n't visit this mirror .	the kitchen wo n't visit these mirror .
the hospital had that lady .	the hospital had those lady .
the mall takes this driver .	the mall takes these driver .
the school took this boy .	the school took these boy .
the box can n't bother those glasses .	the box can n't bother that glasses .
the chair helps this school .	the chair helps these school .
the doors wo n't hear those forks .	the doors wo n't hear that forks .
the hat can talk to those shoes .	the hat can talk to that shoes .
the ring is finding that boy .	the ring is finding those boy .
the bicycle will hear these dishes .	the bicycle will hear this dishes .
the dolls had n't answered these chairs .	the dolls had n't answered this chairs .
the plane kept this woman .	the plane kept these woman .
the cups did n't know this ship .	the cups did n't know these ship .
the school might hear these candles .	the school might hear this candles .
the bed is n't teaching this bag .	the bed is n't teaching these bag .
the dolls helped these candles .	the dolls helped this candles .
the shoe is n't working with those doors .	the shoe is n't working with that doors .
the hat had n't bothered this bank .	the hat had n't bothered these bank .
the bottles appreciate this cup .	the bottles appreciate these cup .
the ship had n't visited this ring .	the ship had n't visited these ring .
the mirror has that dancer .	the mirror has those dancer .
the chairs shake these teachers .	the chairs shake this teachers .
the trucks scared those cars .	the trucks scared that cars .
the restaurant hears these boxes .	the restaurant hears this boxes .
the hospital has heard those books .	the hospital has heard that books .
the dolls took that driver .	the dolls took those driver .
the shoe is shaking those boys .	the shoe is shaking that boys .
the cup was n't cleaning those children .	the cup was n't cleaning that children .
the mirror shook this man .	the mirror shook these man .
the car heard that rug .	the car heard those rug .
the rings bother that shoe .	the rings bother those shoe .
the car must teach this door .	the car must teach these door .
the button talked to those pictures .	the button talked to that pictures .
the plane was bothering these bowls .	the plane was bothering this bowls .
the plate must clean this boy .	the plate must clean these boy .
the dish should shake this lady .	the dish should shake these lady .
the book knows this button .	the book knows these button .
the rooms steal that patient .	the rooms steal those patient .
the bottles moved this person .	the bottles moved these person .
the bottle was n't helping these books .	the bottle was n't helping this books .
the books knew those trucks .	the books knew that trucks .
the chair bothered this bed .	the chair bothered these bed .
the boats had taught those toys .	the boats had taught that toys .
the schools held those children .	the schools held that children .
the candle had found this library .	the candle had found these library .
the mirror scares that mirror .	the mirror scares those mirror .
the bank is listening to those rings .	the bank is listening to that rings .
the shirt had taught this candle .	the shirt had taught these candle .
the books might fix that king .	the books might fix those king .
the window moved these guys .	the window moved this guys .
the hats can bring those men .	the hats can bring that men .
the restaurant found these men .	the restaurant found this men .
the chairs would n't talk to that bank .	the chairs would n't talk to those bank .
the rocket has thrown that adult .	the rocket has thrown those adult .
the bowl knew this bag .	the bowl knew these bag .
the crayons have n't found those boys .	the crayons have n't found that boys .
the chair could know these cars .	the chair could know this cars .
the dish had made that guy .	the dish had made those guy .
the fork kept this customer .	the fork kept these customer .
the room had taught these bottles .	the room had taught this bottles .
the candles might listen to that car .	the candles might listen to those car .
the schools were n't taking that doctor .	the schools were n't taking those doctor .
the mall hears those glasses .	the mall hears that glasses .
the boat is n't talking to that shirt .	the boat is n't talking to those shirt .
the hospital is keeping that woman .	the hospital is keeping those woman .
the rocket is n't keeping those children .	the rocket is n't keeping that children .
the schools are n't listening to that school .	the schools are n't listening to those school .
the shoes might visit that plate .	the shoes might visit those plate .
the trucks stole this person .	the trucks stole these person .
the toys hear that rug .	the toys hear those rug .
the car has helped those doors .	the car has helped that doors .
the dishes listen to that hospital .	the dishes listen to those hospital .
the chairs have n't bothered that boat .	the chairs have n't bothered those boat .
the rocket knows this crayon .	the rocket knows these crayon .
the beds bring those girls .	the beds bring that girls .
the window was n't bothering this school .	the window was n't bothering these school .
the car knew these bottles .	the car knew this bottles .
the chairs would understand these doors .	the chairs would understand this doors .
the plate stole those girls .	the plate stole that girls .
the bags bought this adult .	the bags bought these adult .
the windows are n't visiting this bed .	the windows are n't visiting these bed .
the bottle confused this door .	the bottle confused these door .
the shoes knew that bicycle .	the shoes knew those bicycle .
the schools wo n't steal those boys .	the schools wo n't steal that boys .
the candle had heard that doll .	the candle had heard those doll .
the truck should bother that kitchen .	the truck should bother those kitchen .
the books could n't hear that restaurant .	the books could n't hear those restaurant .
the bowls might understand these candles .	the bowls might understand this candles .
the window could know this fork .	the window could know these fork .
the rug has scared these dishes .	the rug has scared this dishes .
the bank was n't listening to those rings .	the bank was n't listening to that rings .
the cup holds these children .	the cup holds this children .
the chairs must hear those hats .	the chairs must hear that hats .
the doll had heard that rocket .	the doll had heard those rocket .
the crayon has n't found that teacher .	the crayon has n't found those teacher .
the bags should n't take those women .	the bags should n't take that women .
the doll is n't teaching those dishes .	the doll is n't teaching that dishes .
the library had n't lost this kitchen .	the library had n't lost these kitchen .
the bank heard these trucks .	the bank heard this trucks .
the shirt understands those chairs .	the shirt understands that chairs .
the rings were listening to that couch .	the rings were listening to those couch .
the plane talks to that toy .	the plane talks to those toy .
the library is n't finding these ladies .	the library is n't finding this ladies .
the candles had n't found that person .	the candles had n't found those person .
the mirror must have this boy .	the mirror must have these boy .
the dishes worry these cups .	the dishes worry this cups .
the schools taught those shoes .	the schools taught that shoes .
the schools have taught that school .	the schools have taught those school .
the ship had moved those women .	the ship had moved that women .
the spoon heard this couch .	the spoon heard these couch .
the schools might clean this boy .	the schools might clean these boy .
the rug fixed that adult .	the rug fixed those adult .
the book works with those dolls .	the book works with that dolls .
the box has lost those glasses .	the box has lost that glasses .
the kitchen is n't working with these crayons .	the kitchen is n't working with this crayons .
the chairs were holding that driver .	the chairs were holding those driver .
the bowl may appreciate this bicycle .	the bowl may appreciate these bicycle .
the museum should n't answer this window .	the museum should n't answer these window .
the schools can n't make this adult .	the schools can n't make these adult .
the dishes had lost this person .	the dishes had lost these person .
the book talked to those boxes .	the book talked to that boxes .
the crayons are shaking this dentist .	the crayons are shaking these dentist .
the books may worry those hats .	the books may worry that hats .
the cars can worry these buttons .	the cars can worry this buttons .
the fork does n't listen to that bottle .	the fork does n't listen to those bottle .
the box had n't heard this rug .	the box had n't heard these rug .
the hats held those girls .	the hats held that girls .
the bowl would n't hear those crayons .	the bowl would n't hear that crayons .
the bowls care for these bottles .	the bowls care for this bottles .
the toy talked to these chairs .	the toy talked to this chairs .
the candle lost those dishes .	the candle lost that dishes .
the crayon had n't heard this bottle .	the crayon had n't heard these bottle .
the trucks could steal that child .	the trucks could steal those child .
the dishes threw those people .	the dishes threw that people .
the toys know this chair .	the toys know these chair .
the museum was helping this spoon .	the museum was helping these spoon .
the crayons have n't lost those schools .	the crayons have n't lost that schools .
the glasses visited these trucks .	the glasses visited this trucks .
the glass scares that bag .	the glass scares those bag .
the dish knew that mall .	the dish knew those mall .
the candle will hear that fork .	the candle will hear those fork .
the cars had n't held those ladies .	the cars had n't held that ladies .
the library has taught that couch .	the library has taught those couch .
the forks might visit this bowl .	the forks might visit these bowl .
the room worried this museum .	the room worried these museum .
the truck knows these cars .	the truck knows this cars .
the book could n't find those children .	the book could n't find that children .
the schools had scared that car .	the schools had scared those car .
the bed had scared those boats .	the bed had scared that boats .
the crayons could n't work with those rooms .	the crayons could n't work with that rooms .
the dish is teaching these cars .	the dish is teaching this cars .
the candles take these men .	the candles take this men .
the window holds that guy .	the window holds those guy .
the dish keeps that adult .	the dish keeps those adult .
the shirt brings that woman .	the shirt brings those woman .
the bowls wo n't hear this bicycle .	the bowls wo n't hear these bicycle .
the book scared that rocket .	the book scared those rocket .
the bags worry those books .	the bags worry that books .
the spoons cleaned this teacher .	the spoons cleaned these teacher .
the candles have n't dropped these women .	the candles have n't dropped this women .
the car heard that restaurant .	the car heard those restaurant .
the boats could n't throw that king .	the boats could n't throw those king .
the shirts helped that ring .	the shirts helped those ring .
the boxes hold those doctors .	the boxes hold that doctors .
the doors hold this person .	the doors hold these person .
the library fixed this child .	the library fixed these child .
the doors knew these rings .	the doors knew this rings .
the bag is n't cleaning these teachers .	the bag is n't cleaning this teachers .
the candles should understand these toys .	the candles should understand this toys .
the bicycle would n't take this man .	the bicycle would n't take these man .
the bicycle did n't listen to these shirts .	the bicycle did n't listen to this shirts .
the restaurant had fixed that woman .	the restaurant had fixed those woman .
the rings lost these shirts .	the rings lost this shirts .
the school was keeping this king .	the school was keeping these king .
the library had bought that man .	the library had bought those man .
the rug knows that hospital .	the rug knows those hospital .
the glass may find this king .	the glass may find these king .
the door had n't kept these people .	the door had n't kept this people .
the schools visited these cars .	the schools visited this cars .
the bags sell those doctors .	the bags sell that doctors .
the doll had lost that spoon .	the doll had lost those spoon .
the shoes should n't answer those buttons .	the shoes should n't answer that buttons .
the cars confused that box .	the cars confused those box .
the books had n't visited that window .	the books had n't visited those window .
the toys help this candle .	the toys help these candle .
the beds can n't hear that book .	the beds can n't hear those book .
the rocket hears that car .	the rocket hears those car .
the bed knows these dishes .	the bed knows this dishes .
the buttons kept this dentist .	the buttons kept these dentist .
the boats made that patient .	the boats made those patient .
the dolls visit that school .	the dolls visit those school .
the door helps that shirt .	the door helps those shirt .
the schools can n't know that car .	the schools can n't know those car .
the beds have these guys .	the beds have this guys .
the restaurant can talk to these doors .	the restaurant can talk to this doors .
the book is helping these forks .	the book is helping this forks .
the books would n't fix that dancer .	the books would n't fix those dancer .
the school knows that cup .	the school knows those cup .
the bag took these girls .	the bag took this girls .
the toys knew those crayons .	the toys knew that crayons .
the plane must hear those bags .	the plane must hear that bags .
the rug can answer this bottle .	the rug can answer these bottle .
the glass can n't teach these dishes .	the glass can n't teach this dishes .
the boxes drop that king .	the boxes drop those king .
the couch helped that ring .	the couch helped those ring .
the beds could praise these rings .	the beds could praise this rings .
the hats scared this candle .	the hats scared these candle .
the book might find these doctors .	the book might find this doctors .
the windows will talk to those bags .	the windows will talk to that bags .
the bicycle held this boy .	the bicycle held these boy .
the fork understands those plates .	the fork understands that plates .
the dish stole that queen .	the dish stole those queen .
the trucks hear this button .	the trucks hear these button .
the spoons found this guy .	the spoons found these guy .
the books had n't taught this book .	the books had n't taught these book .
the spoons lift these ladies .	the spoons lift this ladies .
the cars must hold that dentist .	the cars must hold those dentist .
the windows had found those plates .	the windows had found that plates .
the cars were visiting this doll .	the cars were visiting these doll .
the bowl has bothered those bowls .	the bowl has bothered that bowls .
the candles worry those spoons .	the candles worry that spoons .
the picture talked to that toy .	the picture talked to those toy .
the dishes were n't visiting that hospital .	the dishes were n't visiting those hospital .
the schools were n't throwing these women .	the schools were n't throwing this women .
the room has n't confused this fork .	the room has n't confused these fork .
the buttons could n't worry that window .	the buttons could n't worry those window .
the truck could n't care for these plates .	the truck could n't care for this plates .
the window might hold that guy .	the window might hold those guy .
the box did n't have this woman .	the box did n't have these woman .
the bed would keep this lady .	the bed would keep these lady .
the forks found those beds .	the forks found that beds .
the pictures could n't appreciate these boats .	the pictures could n't appreciate this boats .
the doors were helping that ship .	the doors were helping those ship .
the plates work with this dish .	the plates work with these dish .
the plate wo n't hear this fork .	the plate wo n't hear these fork .
the bags had n't found this teacher .	the bags had n't found these teacher .
the spoon worried those dolls .	the spoon worried that dolls .
the shirts can steal these children .	the shirts can steal this children .
the forks are visiting this glass .	the forks are visiting these glass .
the doll visited those crayons .	the doll visited that crayons .
the bottles would n't know those pictures .	the bottles would n't know that pictures .
the books were taking that child .	the books were taking those child .
the button had n't made these women .	the button had n't made this women .
the crayons were losing these guys .	the crayons were losing this guys .
the toys had n't bothered those dolls .	the toys had n't bothered that dolls .
the crayons are n't taking that dancer .	the crayons are n't taking those dancer .
the books do n't visit that toy .	the books do n't visit those toy .
the cars would n't lose those men .	the cars would n't lose that men .
the toy bothered these hats .	the toy bothered this hats .
the dolls cleaned that person .	the dolls cleaned those person .
the plates heard those buttons .	the plates heard that buttons .
the plates steal this dancer .	the plates steal these dancer .
the dishes held that driver .	the dishes held those driver .
the schools knew those beds .	the schools knew that beds .
the spoons must visit this fork .	the spoons must visit these fork .
the doll bought that patient .	the doll bought those patient .
the rooms helped that bag .	the rooms helped those bag .
the box could n't lift this teacher .	the box could n't lift these teacher .
the forks made these teachers .	the forks made this teachers .
the buttons help those dishes .	the buttons help that dishes .
the crayons know those boxes .	the crayons know that boxes .
the bottles fixed these women .	the bottles fixed this women .
the buttons were n't visiting this shirt .	the buttons were n't visiting these shirt .
the couch was talking to this window .	the couch was talking to these window .
the spoons buy that lady .	the spoons buy those lady .
the restaurant is helping those dolls .	the restaurant is helping that dolls .
the bottles find those ladies .	the bottles find that ladies .
the forks had thrown that teacher .	the forks had thrown those teacher .
the glasses have cleaned that adult .	the glasses have cleaned those adult .
the school must talk to that chair .	the school must talk to those chair .
the books can lose these women .	the books can lose this women .
the chairs should n't shake that teacher .	the chairs should n't shake those teacher .
the museum did n't shake this boy .	the museum did n't shake these boy .
the hats would n't praise these boxes .	the hats would n't praise this boxes .
the windows are n't working with that plane .	the windows are n't working with those plane .
the rooms have helped that school .	the rooms have helped those school .
the rocket could scare that museum .	the rocket could scare those museum .
the school is bothering that bag .	the school is bothering those bag .
the window might listen to these books .	the window might listen to this books .
the doors hold that teacher .	the doors hold those teacher .
the mall understands this mirror .	the mall understands these mirror .
the park had bothered these spoons .	the park had bothered this spoons .
the hat is n't moving that patient .	the hat is n't moving those patient .
the rooms answered those spoons .	the rooms answered that spoons .
the cars are teaching these trucks .	the cars are teaching this trucks .
the glasses could n't praise this shirt .	the glasses could n't praise these shirt .
the shoe threw these boys .	the shoe threw this boys .
the book has kept these teachers .	the book has kept this teachers .
the bank had held this teacher .	the bank had held these teacher .
the school could n't steal those women .	the school could n't steal that women .
the forks talked to those toys .	the forks talked to that toys .
the bowls have visited this picture .	the bowls have visited these picture .
the hospital knew this toy .	the hospital knew these toy .
the hat could bother those pictures .	the hat could bother that pictures .
the shoe wo n't know this boat .	the shoe wo n't know these boat .
the boats are visiting that plate .	the boats are visiting those plate .
the plane helps that bicycle .	the plane helps those bicycle .
the toy moves those men .	the toy moves that men .
the plates answer those plates .	the plates answer that plates .
the schools had heard those boxes .	the schools had heard that boxes .
the plane could lift these boys .	the plane could lift this boys .
the plane had n't helped those dishes .	the plane had n't helped that dishes .
the hospital moves those guys .	the hospital moves that guys .
the beds are n't talking to these dishes .	the beds are n't talking to this dishes .
the cups do n't know those bottles .	the cups do n't know that bottles .
the book had worried this mirror .	the book had worried these mirror .
the hats listen to this school .	the hats listen to these school .
the mall is n't talking to this car .	the mall is n't talking to these car .
the trucks lost that glass .	the trucks lost those glass .
the rug fixed this boy .	the rug fixed these boy .
the room was n't talking to these glasses .	the room was n't talking to this glasses .
the chairs would n't help that spoon .	the chairs would n't help those spoon .
the boats are working with this bowl .	the boats are working with these bowl .
the doors had n't taught this glass .	the doors had n't taught these glass .
the cups fixed these ladies .	the cups fixed this ladies .
the doors could have that person .	the doors could have those person .
the plates wo n't hear that book .	the plates wo n't hear those book .
the window might understand that school .	the window might understand those school .
the car can teach these boats .	the car can teach this boats .
the bank would n't sell this boy .	the bank would n't sell these boy .
the hats bother this cup .	the hats bother these cup .
the hat will sell these men .	the hat will sell this men .
the toys can n't have these boys .	the toys can n't have this boys .
the bowl is helping those windows .	the bowl is helping that windows .
the candles may steal this teacher .	the candles may steal these teacher .
the kitchen can n't clean that woman .	the kitchen can n't clean those woman .
the restaurant should n't praise that hat .	the restaurant should n't praise those hat .
the book could fix that customer .	the book could fix those customer .
the crayon should hear that dish .	the crayon should hear those dish .
the candles are n't visiting these rooms .	the candles are n't visiting this rooms .
the rocket has n't fixed these ladies .	the rocket has n't fixed this ladies .
the restaurant can work with this bank .	the restaurant can work with these bank .
the box works with those dishes .	the box works with that dishes .
the bowl had n't visited that book .	the bowl had n't visited those book .
the car does n't help these beds .	the car does n't help this beds .
the bowl kept that dentist .	the bowl kept those dentist .
the boxes could worry that box .	the boxes could worry those box .
the plate had worried these schools .	the plate had worried this schools .
the rocket would n't answer that book .	the rocket would n't answer those book .
the bottles would n't help this bicycle .	the bottles would n't help these bicycle .
the bowl kept these men .	the bowl kept this men .
the books had found these people .	the books had found this people .
the schools were shaking those children .	the schools were shaking that children .
the doll brought these guys .	the doll brought this guys .
the bags bothered these rings .	the bags bothered this rings .
the couch worked with this bed .	the couch worked with these bed .
the rings are n't keeping that girl .	the rings are n't keeping those girl .
the car should n't make these women .	the car should n't make this women .
the boxes have lost these teachers .	the boxes have lost this teachers .
the plates would worry this bowl .	the plates would worry these bowl .
the shirts had heard this ring .	the shirts had heard these ring .
the bag throws that man .	the bag throws those man .
the shirt must appreciate those forks .	the shirt must appreciate that forks .
the bag could answer this car .	the bag could answer these car .
the truck wo n't answer that picture .	the truck wo n't answer those picture .
the bag talks to that book .	the bag talks to those book .
the school must bother these chairs .	the school must bother this chairs .
the rocket shakes this doctor .	the rocket shakes these doctor .
the box is buying that person .	the box is buying those person .
the shirts were shaking these girls .	the shirts were shaking this girls .
the cars lift these people .	the cars lift this people .
the toys could move that adult .	the toys could move those adult .
the restaurant is n't making those girls .	the restaurant is n't making that girls .
the bottles drop this lady .	the bottles drop these lady .
the shoe could n't care for that car .	the shoe could n't care for those car .
the candle was working with this car .	the candle was working with these car .
the school has n't cleaned this customer .	the school has n't cleaned these customer .
the ring moves this man .	the ring moves these man .
the plates are n't shaking that guy .	the plates are n't shaking those guy .
the cars have n't found this doctor .	the cars have n't found these doctor .
the dishes confused that bicycle .	the dishes confused those bicycle .
the books have n't held this dancer .	the books have n't held these dancer .
the crayon was listening to these chairs .	the crayon was listening to this chairs .
the toys may find these boys .	the toys may find this boys .
the spoon is listening to that bicycle .	the spoon is listening to those bicycle .
the rooms are n't fixing those ladies .	the rooms are n't fixing that ladies .
the books should shake that doctor .	the books should shake those doctor .
the mall found that truck .	the mall found those truck .
the windows praise those toys .	the windows praise that toys .
the hats would find this king .	the hats would find these king .
the hats lose those doctors .	the hats lose that doctors .
the kitchen will have that lady .	the kitchen will have those lady .
the trucks are n't taking those people .	the trucks are n't taking that people .
the shirts do n't praise this rug .	the shirts do n't praise these rug .
the ring is losing these boys .	the ring is losing this boys .
the cup had held that teacher .	the cup had held those teacher .
the spoon was n't buying these guys .	the spoon was n't buying this guys .
the restaurant had n't heard this library .	the restaurant had n't heard these library .
the bowl knew that library .	the bowl knew those library .
the bank made that girl .	the bank made those girl .
the hat can scare this room .	the hat can scare these room .
the bed had found these children .	the bed had found this children .
the bottle held those teachers .	the bottle held that teachers .
the restaurant did n't buy that driver .	the restaurant did n't buy those driver .
the ship is n't teaching this plane .	the ship is n't teaching these plane .
the bank has heard this ship .	the bank has heard these ship .
the plates are buying these men .	the plates are buying this men .
the trucks throw that person .	the trucks throw those person .
the restaurant would n't answer that hospital .	the restaurant would n't answer those hospital .
the truck talked to that hospital .	the truck talked to those hospital .
the beds work with that crayon .	the beds work with those crayon .
the plates are n't listening to that rug .	the plates are n't listening to those rug .
the rug keeps that teacher .	the rug keeps those teacher .
the dishes knew this kitchen .	the dishes knew these kitchen .
the bank answered that toy .	the bank answered those toy .
the couch had dropped this patient .	the couch had dropped these patient .
the ship has heard these schools .	the ship has heard this schools .
the dish moved those women .	the dish moved that women .
the bed found those crayons .	the bed found that crayons .
the buttons can n't bother that bed .	the buttons can n't bother those bed .
the toys had n't dropped those teachers .	the toys had n't dropped that teachers .
the shirt may know those crayons .	the shirt may know that crayons .
the hats lost this rocket .	the hats lost these rocket .
the dish is n't cleaning those women .	the dish is n't cleaning that women .
the doors could n't throw that woman .	the doors could n't throw those woman .
the toy shakes this lady .	the toy shakes these lady .
the bed talks to those forks .	the bed talks to that forks .
the toys make that king .	the toys make those king .
the plates were n't teaching these bottles .	the plates were n't teaching this bottles .
the schools dropped those men .	the schools dropped that men .
the bed might appreciate these toys .	the bed might appreciate this toys .
the windows move these ladies .	the windows move this ladies .
the plate is n't helping that museum .	the plate is n't helping those museum .
the cup moved this woman .	the cup moved these woman .
the plates are talking to this hat .	the plates are talking to these hat .
the shirts took these people .	the shirts took this people .
the museum was n't holding this driver .	the museum was n't holding these driver .
the glasses were visiting these windows .	the glasses were visiting this windows .
the book does n't hear these windows .	the book does n't hear this windows .
the pictures visited this couch .	the pictures visited these couch .
the bank could hear this plane .	the bank could hear these plane .
the candle is n't bringing these boys .	the candle is n't bringing this boys .
the doors had moved that boy .	the doors had moved those boy .
the boats work with those cups .	the boats work with that cups .
the crayon heard that crayon .	the crayon heard those crayon .
the museum has heard this car .	the museum has heard these car .
the hospital understands those plates .	the hospital understands that plates .
the book can talk to those bottles .	the book can talk to that bottles .
the books steal that customer .	the books steal those customer .
the box has n't talked to those cups .	the box has n't talked to that cups .
the chair is teaching this school .	the chair is teaching these school .
the car lost that bank .	the car lost those bank .
the spoon knows these bags .	the spoon knows this bags .
the school is n't talking to those dolls .	the school is n't talking to that dolls .
the hats were n't listening to that book .	the hats were n't listening to those book .
the fork can help that restaurant .	the fork can help those restaurant .
the box was moving this doctor .	the box was moving these doctor .
the forks should clean these teachers .	the forks should clean this teachers .
the books wo n't worry that bag .	the books wo n't worry those bag .
the doors were n't bringing this man .	the doors were n't bringing these man .
the dishes do n't worry that mirror .	the dishes do n't worry those mirror .
the book was n't making these doctors .	the book was n't making this doctors .
the bag fixed this dentist .	the bag fixed these dentist .
the bicycle can bother these doors .	the bicycle can bother this doors .
the couch has moved these men .	the couch has moved this men .
the glass is making this dancer .	the glass is making these dancer .
the bed had those children .	the bed had that children .
the hat takes these guys .	the hat takes this guys .
the boats bothered these cars .	the boats bothered this cars .
the plane knows this book .	the plane knows these book .
the bottle talks to this library .	the bottle talks to these library .
the book bought these women .	the book bought this women .
the car was n't throwing those women .	the car was n't throwing that women .
the rings can n't shake these teachers .	the rings can n't shake this teachers .
the box visited this ring .	the box visited these ring .
the fork lost this crayon .	the fork lost these crayon .
the ring had n't taken this customer .	the ring had n't taken these customer .
the boat dropped that lady .	the boat dropped those lady .
the rocket scares these rooms .	the rocket scares this rooms .
the books wo n't bring this driver .	the books wo n't bring these driver .
the crayon had n't talked to this picture .	the crayon had n't talked to these picture .
the bottle might lose that patient .	the bottle might lose those patient .
the hat has dropped those boys .	the hat has dropped that boys .
the doll was n't finding this child .	the doll was n't finding these child .
the pictures should n't know that book .	the pictures should n't know those book .
the bowl can talk to these crayons .	the bowl can talk to this crayons .
the books wo n't make these people .	the books wo n't make this people .
the dish had cleaned this doctor .	the dish had cleaned these doctor .
the ship has n't heard those books .	the ship has n't heard that books .
the museum shook this dentist .	the museum shook these dentist .
the spoon keeps this doctor .	the spoon keeps these doctor .
the school lost this bicycle .	the school lost these bicycle .
the shoe moves that king .	the shoe moves those king .
the crayons scared this crayon .	the crayons scared these crayon .
the crayons may help those bags .	the crayons may help that bags .
the candles have heard this boat .	the candles have heard these boat .
the doll will know that shirt .	the doll will know those shirt .
the school will clean this boy .	the school will clean these boy .
the crayons had n't worked with that dish .	the crayons had n't worked with those dish .
the glass has dropped these guys .	the glass has dropped this guys .
the spoon has n't heard these windows .	the spoon has n't heard this windows .
the forks can help this couch .	the forks can help these couch .
the plates do n't take that patient .	the plates do n't take those patient .
the dish would n't drop that person .	the dish would n't drop those person .
the buttons have n't heard those schools .	the buttons have n't heard that schools .
the button could n't talk to that mall .	the button could n't talk to those mall .
