those books smile .	those books hate .
these shirts had yelled .	these shirts had bothered .
this spoon will whisper .	this spoon will scare .
these hats had talked .	these hats had confused .
those books could talk .	those books could like .
those glasses lie .	those glasses praise .
the toy should n't lie .	the toy should n't hate .
the boat is yelling .	the boat is bothering .
the cup does n't smile .	the cup does n't appreciate .
those plates yell .	those plates like .
these books can n't scream .	these books can n't praise .
this rocket had laughed .	this rocket had confused .
this button must whisper .	this button must like .
these beds laughed .	these beds liked .
this rug is whispering .	this rug is bothering .
that bag has talked .	that bag has liked .
that doll must laugh .	that doll must appreciate .
the cars yelled .	the cars bothered .
these windows cough .	these windows scare .
those doors laughed .	those doors confused .
the hats may smile .	the hats may like .
the dolls cough .	the dolls appreciate .
the glass did n't talk .	the glass did n't scare .
the toys cough .	the toys praise .
those shirts will cough .	those shirts will like .
the hats will whisper .	the hats will hate .
this mirror talked .	this mirror bothered .
those dolls could n't yell .	those dolls could n't scare .
this rocket does n't yell .	this rocket does n't bother .
those cars had n't talked .	those cars had n't scared .
the bottle yelled .	the bottle scared .
these crayons had n't talked .	these crayons had n't bothered .
the book talks .	the book scares .
this truck laughed .	this truck confused .
the bottle does n't laugh .	the bottle does n't bother .
the spoon was smiling .	the spoon was bothering .
those crayons would yell .	those crayons would bother .
this hat could n't lie .	this hat could n't praise .
the plates laugh .	the plates hate .
this book must talk .	this book must bother .
those glasses had n't laughed .	those glasses had n't liked .
those candles whisper .	those candles scare .
that book must lie .	that book must bother .
the chairs yell .	the chairs like .
the hat will yell .	the hat will praise .
these bottles lie .	these bottles appreciate .
those boats scream .	those boats praise .
the doors can laugh .	the doors can praise .
this book might whisper .	this book might hate .
that shoe wo n't lie .	that shoe wo n't appreciate .
those bags sneeze .	those bags praise .
that book would n't whisper .	that book would n't praise .
those crayons can scream .	those crayons can like .
the chairs lie .	the chairs appreciate .
the shirts will sneeze .	the shirts will scare .
those beds were whispering .	those beds were bothering .
the book was n't whispering .	the book was n't bothering .
these shoes could cough .	these shoes could scare .
this picture may lie .	this picture may like .
the shoes can n't talk .	the shoes can n't scare .
this car would sneeze .	this car would praise .
the beds should talk .	the beds should bother .
these bowls might scream .	these bowls might bother .
those bowls cough .	those bowls appreciate .
this shoe can n't talk .	this shoe can n't bother .
these boats can n't whisper .	these boats can n't bother .
those candles lie .	those candles praise .
those windows would whisper .	those windows would praise .
this fork did n't smile .	this fork did n't like .
these dolls sneeze .	these dolls appreciate .
those pictures yell .	those pictures praise .
those candles could n't yell .	those candles could n't praise .
this spoon can n't laugh .	this spoon can n't like .
the spoon talked .	the spoon scared .
those cars have n't laughed .	those cars have n't scared .
that plane might talk .	that plane might like .
the bed will talk .	the bed will scare .
those glasses may whisper .	those glasses may hate .
these hats scream .	these hats scare .
this shoe might scream .	this shoe might like .
those dolls sneeze .	those dolls appreciate .
these dolls laugh .	these dolls praise .
these toys laugh .	these toys bother .
the books cough .	the books appreciate .
that chair can n't sneeze .	that chair can n't appreciate .
those dishes scream .	those dishes like .
that door had n't laughed .	that door had n't liked .
the bags yell .	the bags hate .
that plane must cough .	that plane must praise .
the couch yelled .	the couch liked .
those buttons laugh .	those buttons scare .
those bottles laughed .	those bottles scared .
those bowls are n't whispering .	those bowls are n't bothering .
the rug had laughed .	the rug had confused .
those forks could laugh .	those forks could bother .
the cups would smile .	the cups would appreciate .
those cars would sneeze .	those cars would bother .
the cup is n't whispering .	the cup is n't bothering .
this button talks .	this button likes .
these crayons talk .	these crayons bother .
this glass yelled .	this glass liked .
these beds must talk .	these beds must appreciate .
these shirts can lie .	these shirts can praise .
this ring talked .	this ring liked .
the plates have n't laughed .	the plates have n't confused .
the hat had talked .	the hat had scared .
those candles smile .	those candles bother .
the plates must talk .	the plates must bother .
those hats yell .	those hats like .
this boat has talked .	this boat has liked .
those doors would n't smile .	those doors would n't hate .
these bags were yelling .	these bags were bothering .
those boats talked .	those boats liked .
those rings have talked .	those rings have liked .
the toy has n't talked .	the toy has n't bothered .
these doors may scream .	these doors may praise .
those glasses sneeze .	those glasses like .
these cars cough .	these cars like .
that ship has talked .	that ship has confused .
this hat should n't whisper .	this hat should n't praise .
this plate was smiling .	this plate was bothering .
the buttons do n't whisper .	the buttons do n't scare .
those boats talk .	those boats appreciate .
the spoon talks .	the spoon scares .
the dolls lie .	the dolls like .
the bag yelled .	the bag confused .
those cups had yelled .	those cups had liked .
these rings should n't lie .	these rings should n't like .
these doors would n't sneeze .	these doors would n't hate .
the glass is n't talking .	the glass is n't bothering .
these cars talk .	these cars scare .
these bags have n't talked .	these bags have n't scared .
this box did n't scream .	this box did n't bother .
that bed does n't talk .	that bed does n't like .
those trucks laugh .	those trucks scare .
that bed yelled .	that bed confused .
those bags yell .	those bags bother .
the buttons have yelled .	the buttons have bothered .
the chair has laughed .	the chair has liked .
the rug was whispering .	the rug was bothering .
the car laughed .	the car liked .
these books will smile .	these books will praise .
these hats lie .	these hats praise .
those buttons had n't talked .	those buttons had n't confused .
the crayons can smile .	the crayons can appreciate .
the boat is smiling .	the boat is bothering .
the forks laughed .	the forks confused .
those books laugh .	those books bother .
the crayon had laughed .	the crayon had confused .
those glasses cough .	those glasses like .
these rings could n't whisper .	these rings could n't bother .
the bowl might yell .	the bowl might like .
this car must yell .	this car must scare .
those boats should n't scream .	those boats should n't praise .
this crayon may laugh .	this crayon may hate .
those cars sneeze .	those cars hate .
this mirror must scream .	this mirror must appreciate .
that book can scream .	that book can appreciate .
the shoe is n't screaming .	the shoe is n't bothering .
these plates can whisper .	these plates can hate .
those forks laugh .	those forks bother .
this toy must talk .	this toy must hate .
these boats talked .	these boats liked .
the chair is n't talking .	the chair is n't bothering .
the doll must scream .	the doll must hate .
that picture did n't lie .	that picture did n't hate .
the rings were whispering .	the rings were bothering .
the plane talked .	the plane liked .
the car might scream .	the car might bother .
this rug talked .	this rug bothered .
the plates could n't sneeze .	the plates could n't scare .
the boxes can scream .	the boxes can like .
that book should whisper .	that book should scare .
this glass has n't talked .	this glass has n't liked .
these hats had yelled .	these hats had scared .
this bed will laugh .	this bed will appreciate .
this rocket had n't laughed .	this rocket had n't bothered .
those cars should n't smile .	those cars should n't appreciate .
those beds laugh .	those beds hate .
those beds whisper .	those beds like .
those dolls would n't scream .	those dolls would n't scare .
the bottles laugh .	the bottles appreciate .
those pictures whisper .	those pictures appreciate .
the toy talked .	the toy bothered .
that ship could cough .	that ship could appreciate .
those boxes sneeze .	those boxes scare .
the bowl should smile .	the bowl should scare .
this candle should n't smile .	this candle should n't appreciate .
the fork must lie .	the fork must hate .
those bags can n't whisper .	those bags can n't bother .
the plate talked .	the plate confused .
those dishes might talk .	those dishes might hate .
the bags would sneeze .	the bags would hate .
the bed can n't scream .	the bed can n't hate .
the rings must whisper .	the rings must like .
this ship yelled .	this ship liked .
the shirts smile .	the shirts scare .
those glasses talk .	those glasses appreciate .
those dolls may smile .	those dolls may like .
this ring talks .	this ring likes .
that glass will lie .	that glass will scare .
that boat had talked .	that boat had bothered .
that truck laughed .	that truck scared .
the plate is n't screaming .	the plate is n't bothering .
that ring might smile .	that ring might bother .
these cars laughed .	these cars scared .
the boats yell .	the boats like .
the doors may laugh .	the doors may like .
these boxes talk .	these boxes scare .
that spoon had laughed .	that spoon had bothered .
the box had n't laughed .	the box had n't bothered .
the forks may whisper .	the forks may like .
those dishes cough .	those dishes like .
that chair had n't laughed .	that chair had n't bothered .
these trucks yelled .	these trucks confused .
that car can lie .	that car can like .
the candles laugh .	the candles appreciate .
that spoon must talk .	that spoon must like .
those shirts talked .	those shirts scared .
the dish would n't cough .	the dish would n't scare .
that plane would n't lie .	that plane would n't praise .
the rocket has n't talked .	the rocket has n't liked .
those toys should n't talk .	those toys should n't hate .
the pictures smile .	the pictures appreciate .
that door was lying .	that door was bothering .
the couch yelled .	the couch bothered .
the ring did n't whisper .	the ring did n't scare .
these boats yelled .	these boats scared .
that chair is n't whispering .	that chair is n't bothering .
the truck could scream .	the truck could praise .
those toys laugh .	those toys praise .
the chairs cough .	the chairs praise .
those forks can n't talk .	those forks can n't like .
that doll was n't smiling .	that doll was n't bothering .
the windows had n't yelled .	the windows had n't confused .
the dish could n't yell .	the dish could n't appreciate .
the ship must talk .	the ship must appreciate .
these toys smile .	these toys appreciate .
the rug laughed .	the rug liked .
these trucks should n't laugh .	these trucks should n't praise .
these dishes lie .	these dishes bother .
those chairs talked .	those chairs liked .
this dish was n't smiling .	this dish was n't bothering .
this fork may sneeze .	this fork may praise .
this shirt laughed .	this shirt liked .
the box had n't laughed .	the box had n't confused .
these boats should laugh .	these boats should hate .
this cup may talk .	this cup may praise .
the cups might scream .	the cups might scare .
that button did n't lie .	that button did n't like .
the ring wo n't scream .	the ring wo n't praise .
those bottles should n't yell .	those bottles should n't like .
the bottles scream .	the bottles appreciate .
these crayons can n't scream .	these crayons can n't scare .
the books laughed .	the books bothered .
the plates yell .	the plates appreciate .
the hat laughed .	the hat confused .
that ring talks .	that ring likes .
this box talks .	this box scares .
these buttons yell .	these buttons bother .
this boat must talk .	this boat must like .
the rug could n't laugh .	the rug could n't like .
those cars might sneeze .	those cars might like .
this plate would cough .	this plate would scare .
that fork was talking .	that fork was bothering .
these beds talk .	these beds scare .
that bowl does n't lie .	that bowl does n't praise .
that ring should whisper .	that ring should scare .
these candles do n't yell .	these candles do n't praise .
the couch could n't smile .	the couch could n't praise .
this crayon talks .	this crayon scares .
the couch must smile .	the couch must appreciate .
these beds should laugh .	these beds should bother .
those toys had talked .	those toys had bothered .
the forks will sneeze .	the forks will appreciate .
these doors are smiling .	these doors are bothering .
those hats scream .	those hats hate .
those trucks will talk .	those trucks will like .
this truck has talked .	this truck has confused .
this truck might whisper .	this truck might bother .
this dish is n't smiling .	this dish is n't bothering .
those buttons could scream .	those buttons could hate .
the bottle is whispering .	the bottle is bothering .
the fork can whisper .	the fork can like .
the mirror will cough .	the mirror will appreciate .
this truck can laugh .	this truck can appreciate .
this plane should smile .	this plane should hate .
these shoes scream .	these shoes scare .
those pictures talk .	those pictures appreciate .
the shirts were lying .	the shirts were bothering .
the plate will sneeze .	the plate will like .
the shirt yelled .	the shirt confused .
the bowl talks .	the bowl likes .
these cars must scream .	these cars must like .
this window could yell .	this window could scare .
the beds talked .	the beds liked .
this cup may sneeze .	this cup may hate .
the button was n't talking .	the button was n't bothering .
this plane does n't whisper .	this plane does n't praise .
these beds talked .	these beds bothered .
those cars lie .	those cars hate .
the shoes should n't whisper .	the shoes should n't praise .
the plate yelled .	the plate confused .
that window must cough .	that window must hate .
these crayons scream .	these crayons like .
that box has n't yelled .	that box has n't bothered .
this doll had laughed .	this doll had scared .
these rings smile .	these rings appreciate .
these rings would talk .	these rings would appreciate .
those pictures yell .	those pictures appreciate .
those windows can n't smile .	those windows can n't like .
this spoon may scream .	this spoon may praise .
the forks smile .	the forks hate .
these crayons might lie .	these crayons might appreciate .
those dishes sneeze .	those dishes hate .
those rings laughed .	those rings liked .
the bags had n't yelled .	the bags had n't bothered .
those windows talked .	those windows liked .
this car is talking .	this car is bothering .
the shoes yell .	the shoes praise .
the boats could n't smile .	the boats could n't appreciate .
this doll can yell .	this doll can scare .
those crayons can sneeze .	those crayons can appreciate .
those boxes talk .	those boxes appreciate .
this car would n't whisper .	this car would n't scare .
that button will laugh .	that button will scare .
those boxes cough .	those boxes appreciate .
the door could cough .	the door could scare .
that rug will yell .	that rug will like .
these trucks talked .	these trucks confused .
these cars scream .	these cars praise .
those bowls can n't lie .	those bowls can n't scare .
that button has n't talked .	that button has n't confused .
those bottles cough .	those bottles scare .
that dish is n't yelling .	that dish is n't bothering .
those crayons scream .	those crayons appreciate .
those dishes laugh .	those dishes hate .
the doors laughed .	the doors bothered .
those toys laughed .	those toys bothered .
that hat may cough .	that hat may appreciate .
these dishes whisper .	these dishes appreciate .
these glasses can n't lie .	these glasses can n't bother .
the bowl laughed .	the bowl bothered .
this mirror has n't talked .	this mirror has n't liked .
the pictures were n't laughing .	the pictures were n't bothering .
the doll might scream .	the doll might appreciate .
these shoes are smiling .	these shoes are bothering .
the chairs might smile .	the chairs might hate .
these spoons would cough .	these spoons would like .
these windows lie .	these windows like .
the glasses sneeze .	the glasses like .
these spoons might talk .	these spoons might like .
that rocket would n't cough .	that rocket would n't scare .
the book does n't talk .	the book does n't like .
the dish laughed .	the dish scared .
that hat will laugh .	that hat will hate .
that dish yelled .	that dish liked .
those bowls yell .	those bowls like .
those candles would talk .	those candles would like .
the spoon has laughed .	the spoon has bothered .
those plates smile .	those plates like .
the buttons talked .	the buttons bothered .
the book is n't laughing .	the book is n't bothering .
these dishes talk .	these dishes bother .
these bowls had n't yelled .	these bowls had n't liked .
the bags smile .	the bags hate .
that toy yelled .	that toy bothered .
this ring has yelled .	this ring has liked .
the box would yell .	the box would hate .
that bowl did n't laugh .	that bowl did n't scare .
these candles have n't talked .	these candles have n't confused .
those trucks yell .	those trucks like .
the dolls lie .	the dolls hate .
those candles wo n't smile .	those candles wo n't appreciate .
that bag did n't cough .	that bag did n't scare .
the bicycle can cough .	the bicycle can praise .
these shirts had n't talked .	these shirts had n't liked .
the couch would scream .	the couch would hate .
those chairs whisper .	those chairs like .
the candle should laugh .	the candle should like .
that car talked .	that car bothered .
the chairs would n't talk .	the chairs would n't hate .
those doors should yell .	those doors should appreciate .
these doors will lie .	these doors will hate .
these dishes did n't cough .	these dishes did n't hate .
the car would sneeze .	the car would hate .
that door does n't yell .	that door does n't like .
that truck can n't cough .	that truck can n't scare .
those trucks may laugh .	those trucks may hate .
that glass might talk .	that glass might bother .
these chairs will smile .	these chairs will like .
this rug could n't cough .	this rug could n't hate .
those trucks whisper .	those trucks bother .
these pictures sneeze .	these pictures praise .
the glasses yell .	the glasses praise .
these bottles should n't laugh .	these bottles should n't appreciate .
the glasses laugh .	the glasses scare .
the rings were n't smiling .	the rings were n't bothering .
these glasses can smile .	these glasses can scare .
the bottles yell .	the bottles scare .
the glasses yell .	the glasses like .
the shoes should n't talk .	the shoes should n't praise .
the plane could sneeze .	the plane could like .
this bowl is n't talking .	this bowl is n't bothering .
the bags wo n't laugh .	the bags wo n't scare .
the car talked .	the car scared .
those plates can yell .	those plates can praise .
those hats can n't talk .	those hats can n't hate .
the buttons sneeze .	the buttons appreciate .
that chair will whisper .	that chair will scare .
the hats had n't yelled .	the hats had n't liked .
these boxes will yell .	these boxes will praise .
that ring will yell .	that ring will bother .
the ring does n't lie .	the ring does n't bother .
these dishes yelled .	these dishes liked .
those chairs sneeze .	those chairs appreciate .
this crayon talked .	this crayon scared .
these books scream .	these books praise .
those candles do n't sneeze .	those candles do n't scare .
that fork should n't smile .	that fork should n't like .
that shoe could scream .	that shoe could hate .
the ring talked .	the ring liked .
the boats would talk .	the boats would hate .
the picture is n't screaming .	the picture is n't bothering .
the chairs could talk .	the chairs could hate .
that rocket laughed .	that rocket liked .
these beds had n't talked .	these beds had n't bothered .
the beds could n't laugh .	the beds could n't praise .
the dishes should n't scream .	the dishes should n't hate .
these forks should n't whisper .	these forks should n't praise .
this picture yelled .	this picture scared .
these books would n't cough .	these books would n't bother .
the crayons sneeze .	the crayons scare .
these buttons have n't laughed .	these buttons have n't scared .
these shirts whisper .	these shirts like .
the box has n't laughed .	the box has n't scared .
those rings yell .	those rings hate .
this picture will laugh .	this picture will scare .
that bowl was lying .	that bowl was bothering .
these buttons yell .	these buttons scare .
that mirror should n't smile .	that mirror should n't bother .
those plates would n't lie .	those plates would n't scare .
the boats should n't scream .	the boats should n't hate .
that glass can n't talk .	that glass can n't praise .
that box wo n't lie .	that box wo n't like .
this box could n't scream .	this box could n't like .
those glasses are laughing .	those glasses are bothering .
that couch would n't lie .	that couch would n't appreciate .
the spoon would talk .	the spoon would scare .
the shoes do n't sneeze .	the shoes do n't hate .
the couch can lie .	the couch can scare .
the car should lie .	the car should hate .
those books scream .	those books appreciate .
the forks could n't talk .	the forks could n't scare .
the spoons talk .	the spoons appreciate .
the chair did n't sneeze .	the chair did n't bother .
those boats sneeze .	those boats scare .
the book can scream .	the book can bother .
these dishes talked .	these dishes liked .
these candles smile .	these candles appreciate .
those cups have talked .	those cups have liked .
the truck should n't smile .	the truck should n't appreciate .
the rings smile .	the rings praise .
the doors must laugh .	the doors must hate .
these bowls were n't lying .	these bowls were n't bothering .
those chairs would n't lie .	those chairs would n't praise .
this rocket may scream .	this rocket may hate .
that crayon would n't cough .	that crayon would n't scare .
that bicycle would sneeze .	that bicycle would bother .
the cup wo n't yell .	the cup wo n't bother .
these buttons whisper .	these buttons praise .
this bag wo n't lie .	this bag wo n't like .
these crayons would n't talk .	these crayons would n't appreciate .
the hat does n't yell .	the hat does n't scare .
those dishes can scream .	those dishes can hate .
that rug was n't smiling .	that rug was n't bothering .
that truck talked .	that truck scared .
the bowl wo n't yell .	the bowl wo n't scare .
that bicycle should yell .	that bicycle should scare .
this bed could n't talk .	this bed could n't bother .
those shirts would n't talk .	those shirts would n't appreciate .
the car is whispering .	the car is bothering .
these boxes laughed .	these boxes liked .
the fork was n't whispering .	the fork was n't bothering .
those cars will laugh .	those cars will praise .
the windows have n't yelled .	the windows have n't confused .
the cars yell .	the cars appreciate .
those toys smile .	those toys bother .
that mirror is yelling .	that mirror is bothering .
the bowl had n't laughed .	the bowl had n't bothered .
those toys were n't lying .	those toys were n't bothering .
the bag could n't smile .	the bag could n't praise .
the spoons wo n't laugh .	the spoons wo n't scare .
those chairs do n't smile .	those chairs do n't bother .
those pictures would lie .	those pictures would hate .
that truck does n't smile .	that truck does n't hate .
that doll is talking .	that doll is bothering .
these beds yelled .	these beds confused .
this bottle does n't smile .	this bottle does n't like .
these doors lie .	these doors hate .
the hats laughed .	the hats liked .
the spoons do n't sneeze .	the spoons do n't bother .
these toys smile .	these toys like .
this crayon will lie .	this crayon will like .
these bowls cough .	these bowls hate .
that toy did n't whisper .	that toy did n't scare .
the dolls laugh .	the dolls praise .
that bicycle may whisper .	that bicycle may scare .
the shirts may smile .	the shirts may hate .
those books were n't screaming .	those books were n't bothering .
the fork would n't lie .	the fork would n't praise .
this button does n't scream .	this button does n't bother .
that fork can n't whisper .	that fork can n't scare .
that ship was n't yelling .	that ship was n't bothering .
those forks smile .	those forks scare .
this boat talked .	this boat confused .
this bottle has talked .	this bottle has confused .
the mirror wo n't lie .	the mirror wo n't like .
those buttons talk .	those buttons scare .
those spoons laugh .	those spoons scare .
this mirror might sneeze .	this mirror might hate .
this picture might yell .	this picture might appreciate .
that fork should lie .	that fork should scare .
the cups laugh .	the cups appreciate .
the windows have laughed .	the windows have scared .
this button was n't yelling .	this button was n't bothering .
the boats had talked .	the boats had bothered .
the shirts should cough .	the shirts should bother .
those beds are n't whispering .	those beds are n't bothering .
that crayon may lie .	that crayon may hate .
the boats sneeze .	the boats scare .
those cars may talk .	those cars may hate .
that cup had talked .	that cup had scared .
those beds are laughing .	those beds are bothering .
that bottle has n't talked .	that bottle has n't liked .
the bottle may lie .	the bottle may bother .
that truck talked .	that truck bothered .
that cup had yelled .	that cup had scared .
that cup can n't cough .	that cup can n't bother .
those boats should sneeze .	those boats should praise .
these crayons talk .	these crayons scare .
these dishes can whisper .	these dishes can scare .
that bicycle should n't whisper .	that bicycle should n't scare .
these dolls were laughing .	these dolls were bothering .
the cups did n't laugh .	the cups did n't praise .
that glass was n't whispering .	that glass was n't bothering .
that plate had yelled .	that plate had scared .
this ring has n't talked .	this ring has n't scared .
these cups laugh .	these cups appreciate .
the plate had n't yelled .	the plate had n't liked .
these candles smile .	these candles hate .
that boat can n't cough .	that boat can n't bother .
the candles can n't cough .	the candles can n't appreciate .
these forks are lying .	these forks are bothering .
those dishes were n't whispering .	those dishes were n't bothering .
this book would scream .	this book would like .
the boats lie .	the boats hate .
those crayons would cough .	those crayons would bother .
those windows scream .	those windows scare .
this window does n't yell .	this window does n't bother .
the cars scream .	the cars like .
the glass must sneeze .	the glass must like .
these hats laugh .	these hats bother .
these cars might scream .	these cars might bother .
the bowls are n't lying .	the bowls are n't bothering .
this crayon wo n't lie .	this crayon wo n't like .
the plates yelled .	the plates bothered .
the bed laughed .	the bed liked .
those cars should yell .	those cars should bother .
this candle is smiling .	this candle is bothering .
that box could yell .	that box could scare .
that candle has yelled .	that candle has scared .
this rocket yelled .	this rocket confused .
this mirror may yell .	this mirror may hate .
the buttons talk .	the buttons praise .
those cups must sneeze .	those cups must bother .
these toys lie .	these toys bother .
this box has n't laughed .	this box has n't liked .
these spoons yelled .	these spoons bothered .
those bags should n't lie .	those bags should n't hate .
those hats scream .	those hats scare .
these boats scream .	these boats hate .
the couch could n't laugh .	the couch could n't bother .
the cups laughed .	the cups liked .
those candles might scream .	those candles might appreciate .
the rocket could n't whisper .	the rocket could n't praise .
the chair had yelled .	the chair had liked .
the crayon could cough .	the crayon could scare .
the shoes talk .	the shoes scare .
these candles sneeze .	these candles appreciate .
these rings laugh .	these rings like .
the rocket laughed .	the rocket confused .
that plate should talk .	that plate should scare .
those doors will talk .	those doors will scare .
this dish can n't scream .	this dish can n't scare .
this cup would whisper .	this cup would bother .
the book must yell .	the book must praise .
the bag should n't laugh .	the bag should n't bother .
that bowl can scream .	that bowl can appreciate .
the doors lie .	the doors scare .
the shoes could whisper .	the shoes could scare .
that rug had talked .	that rug had confused .
the shirt wo n't whisper .	the shirt wo n't bother .
the door could n't laugh .	the door could n't appreciate .
the forks are talking .	the forks are bothering .
those cars had yelled .	those cars had confused .
the fork should laugh .	the fork should bother .
that spoon should n't cough .	that spoon should n't bother .
these crayons yelled .	these crayons liked .
the cars might scream .	the cars might like .
those toys must smile .	those toys must like .
those chairs did n't laugh .	those chairs did n't praise .
this ring must talk .	this ring must scare .
the dish was screaming .	the dish was bothering .
these doors cough .	these doors scare .
the trucks were smiling .	the trucks were bothering .
those shirts had yelled .	those shirts had scared .
that car could whisper .	that car could bother .
the bags talk .	the bags scare .
those beds sneeze .	those beds appreciate .
the forks should n't whisper .	the forks should n't appreciate .
this couch should n't lie .	this couch should n't scare .
that plane talked .	that plane bothered .
that book had n't yelled .	that book had n't bothered .
those bottles sneeze .	those bottles appreciate .
the doll has yelled .	the doll has bothered .
these cars smile .	these cars like .
the truck is n't screaming .	the truck is n't bothering .
that bowl must cough .	that bowl must praise .
the shoe does n't yell .	the shoe does n't hate .
that picture talked .	that picture liked .
this hat is n't yelling .	this hat is n't bothering .
the trucks should n't yell .	the trucks should n't praise .
that bag must talk .	that bag must scare .
the books talked .	the books confused .
this bed must yell .	this bed must bother .
the boat would n't sneeze .	the boat would n't like .
that boat talked .	that boat confused .
that bottle has n't yelled .	that bottle has n't bothered .
these books yell .	these books hate .
the shoe did n't whisper .	the shoe did n't scare .
the trucks are n't yelling .	the trucks are n't bothering .
the book would n't talk .	the book would n't praise .
this bag is laughing .	this bag is bothering .
that bed can yell .	that bed can praise .
this spoon talked .	this spoon bothered .
the pictures cough .	the pictures like .
the car should n't talk .	the car should n't hate .
those boxes laughed .	those boxes bothered .
that door talked .	that door bothered .
this doll wo n't lie .	this doll wo n't praise .
these hats were yelling .	these hats were bothering .
those cups talked .	those cups bothered .
that chair can talk .	that chair can appreciate .
the pictures could n't smile .	the pictures could n't scare .
the door talked .	the door liked .
the glasses were n't screaming .	the glasses were n't bothering .
the chair is laughing .	the chair is bothering .
the bottles laugh .	the bottles praise .
the plates had laughed .	the plates had liked .
the cups talk .	the cups like .
that mirror wo n't talk .	that mirror wo n't like .
that picture did n't cough .	that picture did n't appreciate .
this shirt can n't laugh .	this shirt can n't hate .
those toys sneeze .	those toys praise .
that bed did n't laugh .	that bed did n't praise .
the boxes may talk .	the boxes may praise .
these cars cough .	these cars scare .
this ship may yell .	this ship may bother .
the plates cough .	the plates scare .
that toy may lie .	that toy may hate .
these candles have n't yelled .	these candles have n't bothered .
the rings may scream .	the rings may appreciate .
those dolls scream .	those dolls scare .
the glass is n't screaming .	the glass is n't bothering .
those pictures could n't talk .	those pictures could n't praise .
this fork might scream .	this fork might like .
the book had n't laughed .	the book had n't bothered .
those rings could n't whisper .	those rings could n't praise .
those bags have n't yelled .	those bags have n't confused .
these cars yelled .	these cars liked .
these rings talk .	these rings like .
the windows should n't whisper .	the windows should n't like .
that glass would n't scream .	that glass would n't praise .
those crayons would n't talk .	those crayons would n't scare .
the windows do n't whisper .	the windows do n't bother .
the ship has talked .	the ship has bothered .
that cup would sneeze .	that cup would hate .
those bottles whisper .	those bottles bother .
those windows could n't yell .	those windows could n't scare .
those shirts could n't sneeze .	those shirts could n't like .
these windows have n't laughed .	these windows have n't confused .
that cup would whisper .	that cup would bother .
those boats wo n't yell .	those boats wo n't like .
this hat can n't smile .	this hat can n't hate .
those forks can n't whisper .	those forks can n't praise .
the book will cough .	the book will appreciate .
that candle should cough .	that candle should like .
this bed wo n't talk .	this bed wo n't like .
the hats talked .	the hats scared .
the shirts will yell .	the shirts will praise .
that box could sneeze .	that box could like .
these bottles laughed .	these bottles bothered .
this car has n't talked .	this car has n't liked .
this spoon could n't yell .	this spoon could n't appreciate .
this glass can n't yell .	this glass can n't praise .
these glasses must yell .	these glasses must bother .
that fork had talked .	that fork had scared .
that car might talk .	that car might praise .
the crayon should lie .	the crayon should like .
this mirror wo n't cough .	this mirror wo n't praise .
these dolls yelled .	these dolls scared .
that bowl may talk .	that bowl may hate .
the car wo n't talk .	the car wo n't scare .
those shoes did n't laugh .	those shoes did n't praise .
those rings would cough .	those rings would praise .
the bag can n't cough .	the bag can n't praise .
that dish should yell .	that dish should scare .
the books yelled .	the books bothered .
these candles cough .	these candles hate .
these glasses would cough .	these glasses would scare .
the plate can n't whisper .	the plate can n't like .
this crayon can n't lie .	this crayon can n't appreciate .
the plane wo n't yell .	the plane wo n't scare .
the hats might sneeze .	the hats might praise .
these candles laugh .	these candles bother .
the books must yell .	the books must scare .
the car can n't talk .	the car can n't scare .
the cars lie .	the cars appreciate .
those cars do n't whisper .	those cars do n't praise .
the crayon laughed .	the crayon liked .
the fork should talk .	the fork should hate .
the hats yelled .	the hats bothered .
the chairs could n't talk .	the chairs could n't bother .
the bags laugh .	the bags scare .
these glasses would n't talk .	these glasses would n't hate .
this ship talked .	this ship liked .
those hats should smile .	those hats should scare .
that rug had laughed .	that rug had bothered .
those bags were n't whispering .	those bags were n't bothering .
the plane had n't laughed .	the plane had n't bothered .
these books wo n't smile .	these books wo n't praise .
the dishes would n't yell .	the dishes would n't praise .
this mirror can laugh .	this mirror can hate .
these spoons sneeze .	these spoons bother .
these windows scream .	these windows appreciate .
this toy laughed .	this toy confused .
this couch could whisper .	this couch could praise .
this button was n't screaming .	this button was n't bothering .
the pictures smile .	the pictures bother .
that dish has laughed .	that dish has scared .
those windows must cough .	those windows must praise .
those toys did n't talk .	those toys did n't like .
the shoes cough .	the shoes like .
these boxes would n't whisper .	these boxes would n't praise .
those glasses scream .	those glasses appreciate .
the shirts cough .	the shirts bother .
the bicycle talked .	the bicycle liked .
those cups might sneeze .	those cups might like .
that hat will talk .	that hat will appreciate .
those toys should laugh .	those toys should praise .
the hats had n't laughed .	the hats had n't scared .
those crayons had n't yelled .	those crayons had n't liked .
the books may laugh .	the books may praise .
these boxes might laugh .	these boxes might appreciate .
those buttons talk .	those buttons hate .
this bicycle was screaming .	this bicycle was bothering .
the bowls talked .	the bowls confused .
those doors had n't laughed .	those doors had n't scared .
this shoe had n't yelled .	this shoe had n't bothered .
these boats smile .	these boats praise .
that crayon has n't yelled .	that crayon has n't scared .
the bicycle has talked .	the bicycle has bothered .
those rings can n't cough .	those rings can n't scare .
those cars should lie .	those cars should hate .
the plate may whisper .	the plate may scare .
the beds laughed .	the beds scared .
those trucks whisper .	those trucks hate .
the mirror can sneeze .	the mirror can scare .
those buttons cough .	those buttons scare .
these rings talked .	these rings scared .
that dish may laugh .	that dish may like .
those dolls do n't sneeze .	those dolls do n't hate .
these rings had n't yelled .	these rings had n't confused .
the chair had n't yelled .	the chair had n't liked .
this boat does n't scream .	this boat does n't like .
that mirror yelled .	that mirror scared .
these crayons had laughed .	these crayons had confused .
the books had talked .	the books had liked .
that bed should n't whisper .	that bed should n't scare .
the ring laughed .	the ring scared .
the rug was n't lying .	the rug was n't bothering .
these glasses yelled .	these glasses liked .
those dolls should whisper .	those dolls should appreciate .
the cups scream .	the cups hate .
these dolls could cough .	these dolls could like .
those candles will smile .	those candles will scare .
the chair could n't talk .	the chair could n't scare .
these glasses may lie .	these glasses may scare .
this shirt would n't lie .	this shirt would n't like .
those spoons will sneeze .	those spoons will praise .
this fork was n't smiling .	this fork was n't bothering .
that car had n't yelled .	that car had n't bothered .
that hat had n't laughed .	that hat had n't scared .
the boxes yelled .	the boxes bothered .
these boxes must lie .	these boxes must bother .
the pictures might talk .	the pictures might scare .
those candles have talked .	those candles have confused .
this boat laughed .	this boat confused .
the plane might sneeze .	the plane might like .
the forks smile .	the forks praise .
those rings wo n't whisper .	those rings wo n't like .
the box yelled .	the box scared .
these books sneeze .	these books scare .
the ring must lie .	the ring must bother .
those candles were talking .	those candles were bothering .
the dishes talk .	the dishes like .
the bags laugh .	the bags like .
this doll yelled .	this doll scared .
the pictures lie .	the pictures appreciate .
that fork is n't lying .	that fork is n't bothering .
that spoon laughed .	that spoon confused .
the car talked .	the car liked .
the doll wo n't scream .	the doll wo n't bother .
the dishes have laughed .	the dishes have scared .
this book could whisper .	this book could hate .
these books talk .	these books praise .
this chair will whisper .	this chair will praise .
that book may lie .	that book may like .
these bowls have yelled .	these bowls have scared .
the car should talk .	the car should like .
those cars scream .	those cars bother .
that dish yelled .	that dish confused .
the beds could n't sneeze .	the beds could n't praise .
the rocket must scream .	the rocket must like .
those boxes scream .	those boxes like .
the windows wo n't lie .	the windows wo n't hate .
this cup could smile .	this cup could hate .
those glasses are yelling .	those glasses are bothering .
these candles smile .	these candles bother .
the cars talked .	the cars bothered .
these boats are talking .	these boats are bothering .
those toys have laughed .	those toys have bothered .
this shoe can n't lie .	this shoe can n't scare .
that candle must scream .	that candle must like .
these crayons should n't laugh .	these crayons should n't appreciate .
these cars scream .	these cars scare .
those forks might lie .	those forks might bother .
those cars talk .	those cars bother .
this couch will talk .	this couch will praise .
the boats laughed .	the boats confused .
these doors should n't whisper .	these doors should n't scare .
the windows talk .	the windows like .
those chairs would yell .	those chairs would scare .
these bags lie .	these bags like .
that bed yelled .	that bed liked .
the dolls had n't laughed .	the dolls had n't confused .
this couch was n't talking .	this couch was n't bothering .
that bowl might smile .	that bowl might scare .
those beds are n't yelling .	those beds are n't bothering .
the cars should lie .	the cars should like .
these shoes were yelling .	these shoes were bothering .
those dolls smile .	those dolls appreciate .
those cars laughed .	those cars bothered .
the toy had n't laughed .	the toy had n't bothered .
the fork did n't yell .	the fork did n't bother .
the bowls have talked .	the bowls have scared .
the bags smile .	the bags praise .
the doors cough .	the doors hate .
that bottle is laughing .	that bottle is bothering .
the mirror should talk .	the mirror should praise .
the buttons can n't smile .	the buttons can n't appreciate .
this bicycle would scream .	this bicycle would bother .
the beds can n't whisper .	the beds can n't like .
that door has talked .	that door has confused .
the crayon laughed .	the crayon bothered .
that truck had laughed .	that truck had liked .
the couch should yell .	the couch should praise .
the books lie .	the books praise .
these buttons cough .	these buttons hate .
the button did n't lie .	the button did n't appreciate .
these boats are n't whispering .	these boats are n't bothering .
these windows lie .	these windows bother .
that car was smiling .	that car was bothering .
those glasses scream .	those glasses bother .
those boxes whisper .	those boxes praise .
the plane had n't laughed .	the plane had n't liked .
that crayon talked .	that crayon confused .
the fork talked .	the fork bothered .
the car laughed .	the car confused .
those dolls have n't talked .	those dolls have n't bothered .
those shoes talk .	those shoes appreciate .
the beds talk .	the beds appreciate .
the plane did n't whisper .	the plane did n't scare .
those bowls were yelling .	those bowls were bothering .
these cups lie .	these cups bother .
the glasses yelled .	the glasses bothered .
those forks should lie .	those forks should appreciate .
these toys must smile .	these toys must praise .
that boat laughed .	that boat confused .
these shirts can n't scream .	these shirts can n't appreciate .
those forks will sneeze .	those forks will praise .
these shirts will smile .	these shirts will bother .
these bags must lie .	these bags must scare .
this candle will whisper .	this candle will bother .
that cup will sneeze .	that cup will bother .
that bed would n't smile .	that bed would n't appreciate .
these forks smile .	these forks praise .
those toys have laughed .	those toys have confused .
the button yelled .	the button scared .
the boxes smile .	the boxes hate .
that door will laugh .	that door will appreciate .
the book yelled .	the book liked .
the rug had n't talked .	the rug had n't scared .
the plane wo n't scream .	the plane wo n't like .
that box is n't screaming .	that box is n't bothering .
that bicycle had yelled .	that bicycle had bothered .
that button laughed .	that button scared .
this button must talk .	this button must like .
the rings yell .	the rings praise .
the rings talk .	the rings hate .
those boxes may sneeze .	those boxes may scare .
the box would laugh .	the box would scare .
this plate could talk .	this plate could hate .
that boat should n't lie .	that boat should n't bother .
these spoons may laugh .	these spoons may praise .
these boats laughed .	these boats liked .
those plates whisper .	those plates praise .
that shoe was n't lying .	that shoe was n't bothering .
that ship had yelled .	that ship had bothered .
this bicycle could n't cough .	this bicycle could n't hate .
the buttons talked .	the buttons confused .
this boat was laughing .	this boat was bothering .
these bowls smile .	these bowls praise .
that car must laugh .	that car must scare .
these spoons laughed .	these spoons bothered .
those books whisper .	those books bother .
those candles will cough .	those candles will bother .
the bottles talk .	the bottles like .
the books do n't talk .	the books do n't praise .
that bicycle had n't laughed .	that bicycle had n't liked .
that chair was n't whispering .	that chair was n't bothering .
the forks smile .	the forks appreciate .
this doll would talk .	this doll would bother .
those books talk .	those books praise .
the cups have talked .	the cups have scared .
that bicycle would n't laugh .	that bicycle would n't appreciate .
these buttons talked .	these buttons confused .
this bicycle did n't yell .	this bicycle did n't like .
those chairs were n't smiling .	those chairs were n't bothering .
the chairs had yelled .	the chairs had scared .
that doll would n't whisper .	that doll would n't scare .
those dishes scream .	those dishes hate .
the beds smile .	the beds scare .
those toys do n't lie .	those toys do n't bother .
those pictures talk .	those pictures scare .
these rings smile .	these rings like .
that fork wo n't whisper .	that fork wo n't praise .
these pictures yell .	these pictures appreciate .
the bags are screaming .	the bags are bothering .
the couch has yelled .	the couch has liked .
the candles whisper .	the candles scare .
the cars scream .	the cars bother .
the cups whisper .	the cups hate .
this crayon might scream .	this crayon might praise .
those windows did n't lie .	those windows did n't bother .
the dish may lie .	the dish may appreciate .
the mirror had laughed .	the mirror had scared .
the glass should n't cough .	the glass should n't scare .
the book will laugh .	the book will hate .
these cups must whisper .	these cups must praise .
the shoes can n't yell .	the shoes can n't praise .
that rug was n't talking .	that rug was n't bothering .
those books laugh .	those books scare .
the window should talk .	the window should hate .
the pictures may whisper .	the pictures may bother .
this couch has n't laughed .	this couch has n't scared .
the glasses would n't smile .	the glasses would n't bother .
that chair could talk .	that chair could appreciate .
that car can talk .	that car can hate .
the boats scream .	the boats appreciate .
these windows do n't lie .	these windows do n't like .
those boats scream .	those boats bother .
these bowls had laughed .	these bowls had confused .
these shoes smile .	these shoes bother .
that plane has yelled .	that plane has liked .
that car should whisper .	that car should hate .
this hat has n't yelled .	this hat has n't bothered .
these rings have n't laughed .	these rings have n't confused .
that book should scream .	that book should like .
this rocket would cough .	this rocket would praise .
this car might lie .	this car might scare .
those buttons should n't yell .	those buttons should n't bother .
those cups lie .	those cups like .
this ship has n't yelled .	this ship has n't liked .
this picture has laughed .	this picture has scared .
the pictures did n't scream .	the pictures did n't appreciate .
the book had talked .	the book had bothered .
this couch did n't yell .	this couch did n't like .
the toys whisper .	the toys praise .
