only those hats can ever drop that doctor .	even those hats can ever drop that doctor .
only these dishes had ever kept the men .	even these dishes had ever kept the men .
only the mirror would ever talk .	even the mirror would ever talk .
only the ring had ever taught the kitchen .	even the ring had ever taught the kitchen .
only that truck can ever praise these plates .	even that truck can ever praise these plates .
only these books would ever lift these children .	even these books would ever lift these children .
only this kitchen has ever bought that man .	even this kitchen has ever bought that man .
only that kitchen has ever brought the man .	even that kitchen has ever brought the man .
only this button can ever praise the pictures .	even this button can ever praise the pictures .
only those bottles can ever praise this window .	even those bottles can ever praise this window .
only those glasses will ever talk to that couch .	even those glasses will ever talk to that couch .
only this rocket had ever brought the doctor .	even this rocket had ever brought the doctor .
only the bowls will ever praise this bag .	even the bowls will ever praise this bag .
only the books should ever listen to these dolls .	even the books should ever listen to these dolls .
only these glasses should ever worry this doll .	even these glasses should ever worry this doll .
only those bowls have ever laughed .	even those bowls have ever laughed .
only that plane has ever learned .	even that plane has ever learned .
only those bags could ever listen to the park .	even those bags could ever listen to the park .
only these cups had ever run .	even these cups had ever run .
only the bag can ever sneeze .	even the bag can ever sneeze .
only those doors would ever lift that lady .	even those doors would ever lift that lady .
only the cups can ever know those candles .	even the cups can ever know those candles .
only these shirts have ever lost that chair .	even these shirts have ever lost that chair .
only that shirt could ever know that boat .	even that shirt could ever know that boat .
only those hats will ever eat .	even those hats will ever eat .
only these chairs had ever bothered those bowls .	even these chairs had ever bothered those bowls .
only the mall can ever praise this box .	even the mall can ever praise this box .
only that window will ever answer this window .	even that window will ever answer this window .
only this bed can ever worry that dish .	even this bed can ever worry that dish .
only those boats had ever brought the ladies .	even those boats had ever brought the ladies .
only the button will ever understand these boats .	even the button will ever understand these boats .
only that shirt should ever find those teachers .	even that shirt should ever find those teachers .
only those forks should ever sneeze .	even those forks should ever sneeze .
only this school has ever read .	even this school has ever read .
only those dishes could ever cry .	even those dishes could ever cry .
only the bags could ever sneeze .	even the bags could ever sneeze .
only these books can ever paint .	even these books can ever paint .
only this shoe had ever bought this dentist .	even this shoe had ever bought this dentist .
only these books should ever scare this school .	even these books should ever scare this school .
only those buttons had ever lost these candles .	even those buttons had ever lost these candles .
only the shoe can ever lift the teacher .	even the shoe can ever lift the teacher .
only these books would ever scare these dishes .	even these books would ever scare these dishes .
only that fork has ever lost .	even that fork has ever lost .
only this truck can ever cough .	even this truck can ever cough .
only this fork has ever visited that car .	even this fork has ever visited that car .
only those crayons have ever moved this dentist .	even those crayons have ever moved this dentist .
only that rocket should ever work with the candle .	even that rocket should ever work with the candle .
only this ring should ever hear the button .	even this ring should ever hear the button .
only those schools had ever run .	even those schools had ever run .
only this book can ever make these people .	even this book can ever make these people .
only that glass would ever have that adult .	even that glass would ever have that adult .
only those bags had ever visited that room .	even those bags had ever visited that room .
only these boats have ever taught the park .	even these boats have ever taught the park .
only those windows had ever won .	even those windows had ever won .
only these cups had ever thrown the men .	even these cups had ever thrown the men .
only those glasses had ever bought these teachers .	even those glasses had ever bought these teachers .
only those bags should ever smile .	even those bags should ever smile .
only the school would ever grow .	even the school would ever grow .
only these rooms would ever scare the shoe .	even these rooms would ever scare the shoe .
only the bags have ever made those ladies .	even the bags have ever made those ladies .
only these boats have ever grown .	even these boats have ever grown .
only those bottles have ever taken these guys .	even those bottles have ever taken these guys .
only that toy has ever heard this bowl .	even that toy has ever heard this bowl .
only the chair would ever run .	even the chair would ever run .
only these shirts could ever exercise .	even these shirts could ever exercise .
only these beds have ever taught the cup .	even these beds have ever taught the cup .
only the mirror has ever taught the picture .	even the mirror has ever taught the picture .
only these schools will ever smile .	even these schools will ever smile .
only this school has ever talked to those candles .	even this school has ever talked to those candles .
only the bottle could ever scare that bed .	even the bottle could ever scare that bed .
only this fork had ever made those ladies .	even this fork had ever made those ladies .
only the rings had ever yelled .	even the rings had ever yelled .
only that box had ever brought those teachers .	even that box had ever brought those teachers .
only these bowls will ever buy those men .	even these bowls will ever buy those men .
only the forks can ever grow .	even the forks can ever grow .
only these hats had ever read .	even these hats had ever read .
only these shirts have ever eaten .	even these shirts have ever eaten .
only the boat should ever stretch .	even the boat should ever stretch .
only these forks could ever lose that man .	even these forks could ever lose that man .
only that bowl had ever scared this bag .	even that bowl had ever scared this bag .
only this bicycle has ever kept this dancer .	even this bicycle has ever kept this dancer .
only this doll had ever made this person .	even this doll had ever made this person .
only that hat would ever care for this couch .	even that hat would ever care for this couch .
only those dolls could ever read .	even those dolls could ever read .
only the restaurant had ever dropped this woman .	even the restaurant had ever dropped this woman .
only these bags will ever appreciate these chairs .	even these bags will ever appreciate these chairs .
only this picture should ever know the book .	even this picture should ever know the book .
only this restaurant has ever talked to that car .	even this restaurant has ever talked to that car .
only the doll would ever work with the picture .	even the doll would ever work with the picture .
only these shirts should ever help the bank .	even these shirts should ever help the bank .
only that book had ever lost the pictures .	even that book had ever lost the pictures .
only that truck has ever won .	even that truck has ever won .
only the buttons had ever heard that dish .	even the buttons had ever heard that dish .
only this ring can ever have that child .	even this ring can ever have that child .
only the truck would ever make the doctor .	even the truck would ever make the doctor .
only these bags could ever answer the plate .	even these bags could ever answer the plate .
only these windows can ever scare that room .	even these windows can ever scare that room .
only these buttons had ever taught these candles .	even these buttons had ever taught these candles .
only the mall will ever sneeze .	even the mall will ever sneeze .
only the cars had ever lost those teachers .	even the cars had ever lost those teachers .
only the park will ever learn .	even the park will ever learn .
only that car has ever learned .	even that car has ever learned .
only this museum has ever lost the guys .	even this museum has ever lost the guys .
only these glasses had ever answered these doors .	even these glasses had ever answered these doors .
only the cup had ever heard that hat .	even the cup had ever heard that hat .
only this mirror will ever eat .	even this mirror will ever eat .
only these forks would ever yell .	even these forks would ever yell .
only the bags will ever worry this plane .	even the bags will ever worry this plane .
only that room should ever scream .	even that room should ever scream .
only the truck would ever praise that school .	even the truck would ever praise that school .
only this rocket could ever fix the boys .	even this rocket could ever fix the boys .
only the toy had ever kept those teachers .	even the toy had ever kept those teachers .
only those doors have ever bought this patient .	even those doors have ever bought this patient .
only the schools can ever win .	even the schools can ever win .
only these candles can ever steal those guys .	even these candles can ever steal those guys .
only that glass should ever bother those cars .	even that glass should ever bother those cars .
only this toy can ever win .	even this toy can ever win .
only these spoons had ever talked to these rooms .	even these spoons had ever talked to these rooms .
only those cars can ever know those bowls .	even those cars can ever know those bowls .
only that dish can ever bother the schools .	even that dish can ever bother the schools .
only that bed has ever answered the book .	even that bed has ever answered the book .
only the toy should ever find these children .	even the toy should ever find these children .
only these beds can ever teach this room .	even these beds can ever teach this room .
only these pictures have ever worked with those windows .	even these pictures have ever worked with those windows .
only that bank should ever help this book .	even that bank should ever help this book .
only those trucks would ever cry .	even those trucks would ever cry .
only these candles could ever know the box .	even these candles could ever know the box .
only these bowls had ever found these candles .	even these bowls had ever found these candles .
only those windows had ever talked to that dish .	even those windows had ever talked to that dish .
only that ring would ever read .	even that ring would ever read .
only this door has ever visited this picture .	even this door has ever visited this picture .
only those boats can ever learn .	even those boats can ever learn .
only those windows have ever heard those bags .	even those windows have ever heard those bags .
only this bicycle can ever care for the box .	even this bicycle can ever care for the box .
only the candles could ever scream .	even the candles could ever scream .
only this window had ever heard that room .	even this window had ever heard that room .
only the rooms had ever cried .	even the rooms had ever cried .
only the bag has ever worked with those trucks .	even the bag has ever worked with those trucks .
only the cars had ever bothered the chairs .	even the cars had ever bothered the chairs .
only this ship should ever work with these candles .	even this ship should ever work with these candles .
only that room had ever worried these buttons .	even that room had ever worried these buttons .
only the forks should ever laugh .	even the forks should ever laugh .
only the pictures can ever win .	even the pictures can ever win .
only the book had ever worried the books .	even the book had ever worried the books .
only that bicycle has ever made that person .	even that bicycle has ever made that person .
only the room should ever exercise .	even the room should ever exercise .
only those crayons could ever hear the cups .	even those crayons could ever hear the cups .
only the shoes can ever move these ladies .	even the shoes can ever move these ladies .
only those bowls had ever run .	even those bowls had ever run .
only the hats have ever worked with the mall .	even the hats have ever worked with the mall .
only the book had ever answered the car .	even the book had ever answered the car .
only this door has ever scared the chair .	even this door has ever scared the chair .
only the forks would ever drop the ladies .	even the forks would ever drop the ladies .
only this boat can ever throw this queen .	even this boat can ever throw this queen .
only these cars have ever won .	even these cars have ever won .
only these pictures had ever brought those people .	even these pictures had ever brought those people .
only that library can ever teach this school .	even that library can ever teach this school .
only this library has ever lost the park .	even this library has ever lost the park .
only that hospital will ever throw this boy .	even that hospital will ever throw this boy .
only the box could ever run .	even the box could ever run .
only that book has ever scared those spoons .	even that book has ever scared those spoons .
only this library has ever found this dancer .	even this library has ever found this dancer .
only this museum has ever heard those toys .	even this museum has ever heard those toys .
only that picture will ever win .	even that picture will ever win .
only that park has ever held this adult .	even that park has ever held this adult .
only the beds should ever know that couch .	even the beds should ever know that couch .
only the bottle would ever hear this car .	even the bottle would ever hear this car .
only those books should ever clean those ladies .	even those books should ever clean those ladies .
only those chairs have ever read .	even those chairs have ever read .
only that book should ever praise these books .	even that book should ever praise these books .
only these windows can ever answer this book .	even these windows can ever answer this book .
only that chair has ever talked .	even that chair has ever talked .
only those shirts have ever won .	even those shirts have ever won .
only that school had ever talked .	even that school had ever talked .
only that book will ever lose .	even that book will ever lose .
only those hats had ever worked with this room .	even those hats had ever worked with this room .
only those windows could ever visit the plates .	even those windows could ever visit the plates .
only the couch had ever lost the spoon .	even the couch had ever lost the spoon .
only this restaurant should ever paint .	even this restaurant should ever paint .
only that ring has ever taught the windows .	even that ring has ever taught the windows .
only the truck has ever lost the doctor .	even the truck has ever lost the doctor .
only these books can ever learn .	even these books can ever learn .
only that restaurant should ever throw that doctor .	even that restaurant should ever throw that doctor .
only those cups will ever visit that library .	even those cups will ever visit that library .
only that bicycle will ever eat .	even that bicycle will ever eat .
only that fork can ever talk to this mall .	even that fork can ever talk to this mall .
only those shoes have ever painted .	even those shoes have ever painted .
only this kitchen would ever teach the windows .	even this kitchen would ever teach the windows .
only the school should ever lift this person .	even the school should ever lift this person .
only the schools have ever bought the adult .	even the schools have ever bought the adult .
only those toys could ever sell the people .	even those toys could ever sell the people .
only those dolls could ever learn .	even those dolls could ever learn .
only these glasses could ever appreciate this rocket .	even these glasses could ever appreciate this rocket .
only the shoe could ever practice .	even the shoe could ever practice .
only that boat should ever smile .	even that boat should ever smile .
only that doll should ever find this woman .	even that doll should ever find this woman .
only this cup has ever confused this truck .	even this cup has ever confused this truck .
only the toy has ever dropped the woman .	even the toy has ever dropped the woman .
only this car had ever waved .	even this car had ever waved .
only the door had ever heard the ring .	even the door had ever heard the ring .
only these schools had ever found the bowls .	even these schools had ever found the bowls .
only the glass can ever move the driver .	even the glass can ever move the driver .
only these boats have ever fixed the teacher .	even these boats have ever fixed the teacher .
only that bottle will ever wave .	even that bottle will ever wave .
only these bags should ever have the king .	even these bags should ever have the king .
only this cup has ever waved .	even this cup has ever waved .
only this ship would ever hear these rooms .	even this ship would ever hear these rooms .
only this library could ever lose .	even this library could ever lose .
only that bed has ever lost the mirror .	even that bed has ever lost the mirror .
only this bag would ever praise the chair .	even this bag would ever praise the chair .
only the forks had ever answered these windows .	even the forks had ever answered these windows .
only that candle should ever paint .	even that candle should ever paint .
only these books should ever practice .	even these books should ever practice .
only these bowls can ever appreciate those cars .	even these bowls can ever appreciate those cars .
only this shirt has ever cried .	even this shirt has ever cried .
only this crayon could ever whisper .	even this crayon could ever whisper .
only this bag should ever hold that woman .	even this bag should ever hold that woman .
only these windows should ever whisper .	even these windows should ever whisper .
only this rocket will ever wave .	even this rocket will ever wave .
only these cars will ever win .	even these cars will ever win .
only that cup should ever know this car .	even that cup should ever know this car .
only this ring had ever thrown that king .	even this ring had ever thrown that king .
only the bottle would ever scare the boats .	even the bottle would ever scare the boats .
only that school will ever read .	even that school will ever read .
only the spoon had ever lost .	even the spoon had ever lost .
only the glasses will ever teach that book .	even the glasses will ever teach that book .
only this mall should ever hear the toy .	even this mall should ever hear the toy .
only the ring has ever brought this girl .	even the ring has ever brought this girl .
only those toys have ever painted .	even those toys have ever painted .
only this couch would ever cough .	even this couch would ever cough .
only that library could ever lose .	even that library could ever lose .
only the rooms should ever drop this patient .	even the rooms should ever drop this patient .
only that library could ever run .	even that library could ever run .
only that car has ever bought this doctor .	even that car has ever bought this doctor .
only the school will ever know those chairs .	even the school will ever know those chairs .
only this truck had ever thrown that man .	even this truck had ever thrown that man .
only these shirts have ever visited this crayon .	even these shirts have ever visited this crayon .
only these bags have ever found this man .	even these bags have ever found this man .
only the fork had ever talked .	even the fork had ever talked .
only that bed has ever held the queen .	even that bed has ever held the queen .
only this rug can ever hear the bottles .	even this rug can ever hear the bottles .
only this plate would ever whisper .	even this plate would ever whisper .
only these books had ever kept the teacher .	even these books had ever kept the teacher .
only the trucks should ever cry .	even the trucks should ever cry .
only this truck can ever stretch .	even this truck can ever stretch .
only the boats had ever cleaned the guy .	even the boats had ever cleaned the guy .
only the plate can ever take those people .	even the plate can ever take those people .
only this park can ever praise this doll .	even this park can ever praise this doll .
only the bed has ever found the museum .	even the bed has ever found the museum .
only the library can ever hold the children .	even the library can ever hold the children .
only the fork would ever laugh .	even the fork would ever laugh .
only those candles would ever praise the bag .	even those candles would ever praise the bag .
only the candle has ever found the guy .	even the candle has ever found the guy .
only these buttons had ever talked .	even these buttons had ever talked .
only that fork will ever practice .	even that fork will ever practice .
only these books can ever find the lady .	even these books can ever find the lady .
only these rooms will ever hear those schools .	even these rooms will ever hear those schools .
only that candle could ever make the lady .	even that candle could ever make the lady .
only the couch would ever paint .	even the couch would ever paint .
only the room had ever bought this person .	even the room had ever bought this person .
only that spoon has ever bought the teachers .	even that spoon has ever bought the teachers .
only that mirror can ever know the museum .	even that mirror can ever know the museum .
only this kitchen would ever laugh .	even this kitchen would ever laugh .
only those dolls had ever made that driver .	even those dolls had ever made that driver .
only this museum will ever practice .	even this museum will ever practice .
only this toy would ever praise that ship .	even this toy would ever praise that ship .
only the glasses could ever scare those schools .	even the glasses could ever scare those schools .
only the toys will ever cough .	even the toys will ever cough .
only the rooms would ever smile .	even the rooms would ever smile .
only that plane should ever visit the cups .	even that plane should ever visit the cups .
only that bag should ever run .	even that bag should ever run .
only this ship had ever helped that rug .	even this ship had ever helped that rug .
only that spoon had ever worried that cup .	even that spoon had ever worried that cup .
only the library could ever practice .	even the library could ever practice .
only the toys will ever throw the adult .	even the toys will ever throw the adult .
only these glasses will ever lie .	even these glasses will ever lie .
only the rug has ever thrown the ladies .	even the rug has ever thrown the ladies .
only the truck has ever painted .	even the truck has ever painted .
only those bottles have ever laughed .	even those bottles have ever laughed .
only this room had ever answered the cars .	even this room had ever answered the cars .
only these boats can ever stretch .	even these boats can ever stretch .
only the bicycle will ever work with those schools .	even the bicycle will ever work with those schools .
only these boxes should ever eat .	even these boxes should ever eat .
only the bowls have ever won .	even the bowls have ever won .
only the rocket had ever helped that spoon .	even the rocket had ever helped that spoon .
only the windows had ever worried that bottle .	even the windows had ever worried that bottle .
only that ring should ever listen to this library .	even that ring should ever listen to this library .
only this crayon had ever made the boys .	even this crayon had ever made the boys .
only the window had ever made that doctor .	even the window had ever made that doctor .
only those bottles have ever found those cars .	even those bottles have ever found those cars .
only these chairs had ever brought the girls .	even these chairs had ever brought the girls .
only this picture has ever visited these glasses .	even this picture has ever visited these glasses .
only this car had ever worried these dishes .	even this car had ever worried these dishes .
only the ship would ever talk .	even the ship would ever talk .
only these doors could ever listen to the restaurant .	even these doors could ever listen to the restaurant .
only these bowls should ever hear these cars .	even these bowls should ever hear these cars .
only those books would ever whisper .	even those books would ever whisper .
only the bed could ever visit the glass .	even the bed could ever visit the glass .
only that museum can ever lift that child .	even that museum can ever lift that child .
only the windows could ever exercise .	even the windows could ever exercise .
only that bicycle had ever dropped these doctors .	even that bicycle had ever dropped these doctors .
only the cups had ever brought those boys .	even the cups had ever brought those boys .
only the car will ever keep the lady .	even the car will ever keep the lady .
only the boat would ever paint .	even the boat would ever paint .
only this glass will ever smile .	even this glass will ever smile .
only the fork should ever scare the door .	even the fork should ever scare the door .
only the doors could ever help this bowl .	even the doors could ever help this bowl .
only the button could ever sing .	even the button could ever sing .
only the fork can ever move that patient .	even the fork can ever move that patient .
only that candle should ever talk .	even that candle should ever talk .
only these shirts had ever bothered the crayon .	even these shirts had ever bothered the crayon .
only those bowls should ever keep that person .	even those bowls should ever keep that person .
only those dolls will ever lift this adult .	even those dolls will ever lift this adult .
only that plate would ever lift that customer .	even that plate would ever lift that customer .
only these rings had ever answered those dolls .	even these rings had ever answered those dolls .
only the schools would ever yell .	even the schools would ever yell .
only those dolls should ever drop the boys .	even those dolls should ever drop the boys .
only the dolls could ever whisper .	even the dolls could ever whisper .
only this restaurant has ever brought this teacher .	even this restaurant has ever brought this teacher .
only those beds have ever worried those spoons .	even those beds have ever worried those spoons .
only this candle could ever hear those hats .	even this candle could ever hear those hats .
only the school has ever found those bowls .	even the school has ever found those bowls .
only those hats would ever sing .	even those hats would ever sing .
only this bowl has ever yelled .	even this bowl has ever yelled .
only the bottle had ever learned .	even the bottle had ever learned .
only the spoons could ever smile .	even the spoons could ever smile .
only these schools have ever taught the books .	even these schools have ever taught the books .
only the plane could ever eat .	even the plane could ever eat .
only that park would ever run .	even that park would ever run .
only those windows have ever lost .	even those windows have ever lost .
only this toy will ever hear this hospital .	even this toy will ever hear this hospital .
only that candle could ever talk to this museum .	even that candle could ever talk to this museum .
only this spoon had ever laughed .	even this spoon had ever laughed .
only that car had ever talked to these boxes .	even that car had ever talked to these boxes .
only these schools will ever yell .	even these schools will ever yell .
only this glass should ever listen to this kitchen .	even this glass should ever listen to this kitchen .
only these toys should ever win .	even these toys should ever win .
only this hospital could ever cough .	even this hospital could ever cough .
only the plate should ever know that candle .	even the plate should ever know that candle .
only this kitchen should ever lose .	even this kitchen should ever lose .
only those spoons had ever answered that dish .	even those spoons had ever answered that dish .
only the glass has ever lost .	even the glass has ever lost .
only those shoes can ever scream .	even those shoes can ever scream .
only this couch would ever stretch .	even this couch would ever stretch .
only the schools could ever know the books .	even the schools could ever know the books .
only that hat will ever help this window .	even that hat will ever help this window .
only this restaurant can ever read .	even this restaurant can ever read .
only the dolls would ever eat .	even the dolls would ever eat .
only that library had ever kept the adult .	even that library had ever kept the adult .
only these glasses should ever appreciate that bowl .	even these glasses should ever appreciate that bowl .
only these cars would ever eat .	even these cars would ever eat .
only this bag has ever talked to these shirts .	even this bag has ever talked to these shirts .
only these candles should ever understand the books .	even these candles should ever understand the books .
only that plate can ever cough .	even that plate can ever cough .
only the museum would ever laugh .	even the museum would ever laugh .
only that chair would ever sing .	even that chair would ever sing .
only this library can ever work with this shirt .	even this library can ever work with this shirt .
only that button has ever answered this bed .	even that button has ever answered this bed .
only the dish had ever worried this toy .	even the dish had ever worried this toy .
only this school should ever sing .	even this school should ever sing .
only these buttons had ever found that lady .	even these buttons had ever found that lady .
only those trucks had ever held the children .	even those trucks had ever held the children .
only this bag had ever talked .	even this bag had ever talked .
only that mirror could ever win .	even that mirror could ever win .
only this bank should ever smile .	even this bank should ever smile .
only the rocket would ever know that car .	even the rocket would ever know that car .
only the bank has ever yelled .	even the bank has ever yelled .
only this room would ever teach that plate .	even this room would ever teach that plate .
only these toys should ever move the guys .	even these toys should ever move the guys .
only those bags have ever grown .	even those bags have ever grown .
only this bag can ever help the boats .	even this bag can ever help the boats .
only that hospital had ever kept these guys .	even that hospital had ever kept these guys .
only that mall will ever visit these spoons .	even that mall will ever visit these spoons .
only these windows have ever lost .	even these windows have ever lost .
only that bag should ever visit this rug .	even that bag should ever visit this rug .
only this doll had ever bothered these cups .	even this doll had ever bothered these cups .
only that mall has ever bought this dentist .	even that mall has ever bought this dentist .
only that bag can ever teach the dolls .	even that bag can ever teach the dolls .
only those doors have ever lost that toy .	even those doors have ever lost that toy .
only the spoon should ever visit the windows .	even the spoon should ever visit the windows .
only these hats will ever yell .	even these hats will ever yell .
only these dolls had ever confused the schools .	even these dolls had ever confused the schools .
only these glasses should ever smile .	even these glasses should ever smile .
only that rug had ever cried .	even that rug had ever cried .
only that glass should ever talk to this glass .	even that glass should ever talk to this glass .
only these windows could ever take that driver .	even these windows could ever take that driver .
only the rooms should ever help that crayon .	even the rooms should ever help that crayon .
only this restaurant had ever talked .	even this restaurant had ever talked .
only those hats should ever know the truck .	even those hats should ever know the truck .
only the ring could ever grow .	even the ring could ever grow .
only the park has ever talked .	even the park has ever talked .
only the button can ever sing .	even the button can ever sing .
only the boats will ever smile .	even the boats will ever smile .
only the ring will ever take that woman .	even the ring will ever take that woman .
only this car had ever answered this candle .	even this car had ever answered this candle .
only these glasses could ever scare these beds .	even these glasses could ever scare these beds .
only that ship should ever win .	even that ship should ever win .
only these cars have ever grown .	even these cars have ever grown .
only the bottles can ever yell .	even the bottles can ever yell .
only that kitchen has ever talked .	even that kitchen has ever talked .
only this button has ever talked to this plane .	even this button has ever talked to this plane .
only these bowls have ever waved .	even these bowls have ever waved .
only the car will ever care for those bags .	even the car will ever care for those bags .
only those schools would ever stretch .	even those schools would ever stretch .
only those trucks had ever worried that mirror .	even those trucks had ever worried that mirror .
only this bottle will ever keep those women .	even this bottle will ever keep those women .
only the chairs could ever sing .	even the chairs could ever sing .
only that fork should ever learn .	even that fork should ever learn .
only these bowls can ever take the adult .	even these bowls can ever take the adult .
only the box will ever run .	even the box will ever run .
only these spoons would ever whisper .	even these spoons would ever whisper .
only these books had ever won .	even these books had ever won .
only the ship had ever grown .	even the ship had ever grown .
only those rings will ever smile .	even those rings will ever smile .
only these pictures could ever know this button .	even these pictures could ever know this button .
only this book could ever exercise .	even this book could ever exercise .
only this window had ever answered the shirts .	even this window had ever answered the shirts .
only those beds have ever taught that ship .	even those beds have ever taught that ship .
only this mall had ever cleaned the girls .	even this mall had ever cleaned the girls .
only these glasses should ever stretch .	even these glasses should ever stretch .
only this truck had ever helped the button .	even this truck had ever helped the button .
only the bottle should ever throw the patient .	even the bottle should ever throw the patient .
only this box will ever understand these toys .	even this box will ever understand these toys .
only the bottle has ever run .	even the bottle has ever run .
only that ship should ever lift the ladies .	even that ship should ever lift the ladies .
only those bowls should ever yell .	even those bowls should ever yell .
only this candle had ever heard these beds .	even this candle had ever heard these beds .
only this plate will ever drop that man .	even this plate will ever drop that man .
only this door could ever care for those books .	even this door could ever care for those books .
only the candles had ever cried .	even the candles had ever cried .
only the boxes have ever heard this toy .	even the boxes have ever heard this toy .
only the rings will ever clean the boy .	even the rings will ever clean the boy .
only this mall had ever heard the candles .	even this mall had ever heard the candles .
only these pictures would ever learn .	even these pictures would ever learn .
only the rooms have ever painted .	even the rooms have ever painted .
only those dishes should ever take the girls .	even those dishes should ever take the girls .
only that hospital will ever appreciate that bag .	even that hospital will ever appreciate that bag .
only the plates have ever worked with the dolls .	even the plates have ever worked with the dolls .
only that kitchen had ever taught these crayons .	even that kitchen had ever taught these crayons .
only those shirts would ever visit these cars .	even those shirts would ever visit these cars .
only this boat has ever made that guy .	even this boat has ever made that guy .
only that ship can ever sing .	even that ship can ever sing .
only that school would ever paint .	even that school would ever paint .
only those books have ever moved that child .	even those books have ever moved that child .
only these boats had ever lost .	even these boats had ever lost .
only those beds could ever laugh .	even those beds could ever laugh .
only this car could ever fix this dancer .	even this car could ever fix this dancer .
only this doll should ever smile .	even this doll should ever smile .
only this chair should ever sing .	even this chair should ever sing .
only the toys can ever appreciate those trucks .	even the toys can ever appreciate those trucks .
only the shirt should ever lie .	even the shirt should ever lie .
only that bag has ever answered the rooms .	even that bag has ever answered the rooms .
only the schools would ever buy this patient .	even the schools would ever buy this patient .
only the candles can ever sell those men .	even the candles can ever sell those men .
only that car could ever find that woman .	even that car could ever find that woman .
only the bank can ever exercise .	even the bank can ever exercise .
only these cars would ever listen to this couch .	even these cars would ever listen to this couch .
only this bank has ever brought the teachers .	even this bank has ever brought the teachers .
only that picture should ever move those doctors .	even that picture should ever move those doctors .
only this book could ever sing .	even this book could ever sing .
only the car should ever yell .	even the car should ever yell .
only the couch could ever find this guy .	even the couch could ever find this guy .
only that plane can ever laugh .	even that plane can ever laugh .
only this truck should ever worry these dishes .	even this truck should ever worry these dishes .
only those books should ever visit these windows .	even those books should ever visit these windows .
only the dishes will ever lose .	even the dishes will ever lose .
only these trucks had ever moved those guys .	even these trucks had ever moved those guys .
only the kitchen would ever clean these boys .	even the kitchen would ever clean these boys .
only these rings should ever help that car .	even these rings should ever help that car .
only that truck has ever cleaned these people .	even that truck has ever cleaned these people .
only these pictures can ever care for those candles .	even these pictures can ever care for those candles .
only that cup could ever hear that restaurant .	even that cup could ever hear that restaurant .
only this window would ever appreciate that cup .	even this window would ever appreciate that cup .
only this truck could ever buy the boy .	even this truck could ever buy the boy .
only this rocket has ever waved .	even this rocket has ever waved .
only those schools will ever visit the bottle .	even those schools will ever visit the bottle .
only the hat will ever lose that dancer .	even the hat will ever lose that dancer .
only those bowls have ever visited those buttons .	even those bowls have ever visited those buttons .
only the glass could ever hear this bowl .	even the glass could ever hear this bowl .
only this door could ever bring the dentist .	even this door could ever bring the dentist .
only those beds had ever painted .	even those beds had ever painted .
only this dish would ever understand these crayons .	even this dish would ever understand these crayons .
only this glass can ever steal the doctors .	even this glass can ever steal the doctors .
only these windows could ever care for that shoe .	even these windows could ever care for that shoe .
only that rug should ever whisper .	even that rug should ever whisper .
only those dolls should ever understand the toy .	even those dolls should ever understand the toy .
only that ring would ever teach that boat .	even that ring would ever teach that boat .
only this shoe should ever praise this couch .	even this shoe should ever praise this couch .
only this mirror should ever move those women .	even this mirror should ever move those women .
only this museum has ever dropped the dentist .	even this museum has ever dropped the dentist .
only the book will ever lie .	even the book will ever lie .
only that window would ever teach these boats .	even that window would ever teach these boats .
only the dolls had ever laughed .	even the dolls had ever laughed .
only the restaurant would ever keep this child .	even the restaurant would ever keep this child .
only these trucks will ever sell that doctor .	even these trucks will ever sell that doctor .
only the schools have ever taken these ladies .	even the schools have ever taken these ladies .
only the spoon had ever cried .	even the spoon had ever cried .
only those dishes had ever eaten .	even those dishes had ever eaten .
only these books had ever cried .	even these books had ever cried .
only the hospital had ever held the men .	even the hospital had ever held the men .
only that couch would ever help this bag .	even that couch would ever help this bag .
only this hospital had ever waved .	even this hospital had ever waved .
only those schools will ever wave .	even those schools will ever wave .
only that restaurant would ever move the boy .	even that restaurant would ever move the boy .
only the hats have ever talked to the bank .	even the hats have ever talked to the bank .
only that book would ever lift this guy .	even that book would ever lift this guy .
only the park had ever moved this teacher .	even the park had ever moved this teacher .
only this plane could ever have this customer .	even this plane could ever have this customer .
only that plate can ever stretch .	even that plate can ever stretch .
only those cups had ever made the doctors .	even those cups had ever made the doctors .
only the candle should ever make this dentist .	even the candle should ever make this dentist .
only those beds had ever answered that book .	even those beds had ever answered that book .
only those bowls have ever lost .	even those bowls have ever lost .
only this book could ever lose .	even this book could ever lose .
only the bank would ever understand the shoe .	even the bank would ever understand the shoe .
only the shoes can ever lift that dentist .	even the shoes can ever lift that dentist .
only this button can ever yell .	even this button can ever yell .
only those dolls had ever eaten .	even those dolls had ever eaten .
only this boat had ever heard these crayons .	even this boat had ever heard these crayons .
only the boxes would ever keep that dentist .	even the boxes would ever keep that dentist .
only these schools had ever worried this hospital .	even these schools had ever worried this hospital .
only the window had ever cleaned this dancer .	even the window had ever cleaned this dancer .
only those shirts could ever work with that bag .	even those shirts could ever work with that bag .
only the book has ever worried the books .	even the book has ever worried the books .
only these cars have ever lost .	even these cars have ever lost .
only that library had ever kept the dancer .	even that library had ever kept the dancer .
only these bowls have ever run .	even these bowls have ever run .
only that crayon should ever lose .	even that crayon should ever lose .
only that mirror had ever scared the restaurant .	even that mirror had ever scared the restaurant .
only this rocket will ever make that dancer .	even this rocket will ever make that dancer .
only the rug had ever kept this child .	even the rug had ever kept this child .
only that picture can ever cough .	even that picture can ever cough .
only the book has ever lost .	even the book has ever lost .
only this bottle can ever practice .	even this bottle can ever practice .
only the plane had ever found that king .	even the plane had ever found that king .
only the window could ever read .	even the window could ever read .
only this couch should ever know the pictures .	even this couch should ever know the pictures .
only that bag could ever lose those doctors .	even that bag could ever lose those doctors .
only that cup should ever know this box .	even that cup should ever know this box .
only those cars have ever found those trucks .	even those cars have ever found those trucks .
only the couch would ever bother the plate .	even the couch would ever bother the plate .
only the bowl has ever taught the bowls .	even the bowl has ever taught the bowls .
only that ring has ever lost that queen .	even that ring has ever lost that queen .
only the cars had ever waved .	even the cars had ever waved .
only those bowls should ever scream .	even those bowls should ever scream .
only these rooms should ever scare the trucks .	even these rooms should ever scare the trucks .
only these bottles could ever exercise .	even these bottles could ever exercise .
only that kitchen has ever cried .	even that kitchen has ever cried .
only this book would ever care for the toys .	even this book would ever care for the toys .
only that book has ever worried the toy .	even that book has ever worried the toy .
only that window would ever clean that child .	even that window would ever clean that child .
only the hospital had ever dropped that dentist .	even the hospital had ever dropped that dentist .
only those windows had ever confused this mall .	even those windows had ever confused this mall .
only the bed has ever heard the shirt .	even the bed has ever heard the shirt .
only those dishes should ever answer this picture .	even those dishes should ever answer this picture .
only that fork has ever dropped the people .	even that fork has ever dropped the people .
only the bed should ever lose that customer .	even the bed should ever lose that customer .
only the crayons had ever lost .	even the crayons had ever lost .
only this kitchen has ever read .	even this kitchen has ever read .
only the pictures will ever eat .	even the pictures will ever eat .
only those cups will ever hear these rings .	even those cups will ever hear these rings .
only the candles would ever scream .	even the candles would ever scream .
only this book would ever learn .	even this book would ever learn .
only these shirts should ever fix these boys .	even these shirts should ever fix these boys .
only the boats should ever answer the ship .	even the boats should ever answer the ship .
only this picture would ever fix this man .	even this picture would ever fix this man .
only those chairs had ever fixed the doctor .	even those chairs had ever fixed the doctor .
only the chairs could ever whisper .	even the chairs could ever whisper .
only that door would ever bother this door .	even that door would ever bother this door .
only the truck would ever appreciate that window .	even the truck would ever appreciate that window .
only this doll has ever made the women .	even this doll has ever made the women .
only the bowls had ever grown .	even the bowls had ever grown .
only the truck had ever heard the candles .	even the truck had ever heard the candles .
only the shoes had ever held this woman .	even the shoes had ever held this woman .
only these toys should ever practice .	even these toys should ever practice .
only those bowls will ever talk .	even those bowls will ever talk .
only the bottles had ever lost .	even the bottles had ever lost .
only the buttons will ever laugh .	even the buttons will ever laugh .
only those boats will ever drop that queen .	even those boats will ever drop that queen .
only that plate had ever eaten .	even that plate had ever eaten .
only the spoons would ever grow .	even the spoons would ever grow .
only the cars have ever grown .	even the cars have ever grown .
only these cars had ever visited this bicycle .	even these cars had ever visited this bicycle .
only the shirts have ever worried that rug .	even the shirts have ever worried that rug .
only those cups have ever yelled .	even those cups have ever yelled .
only that museum had ever read .	even that museum had ever read .
only those spoons could ever win .	even those spoons could ever win .
only this book has ever taught that truck .	even this book has ever taught that truck .
only the rocket had ever thrown those girls .	even the rocket had ever thrown those girls .
only this book had ever bothered the hats .	even this book had ever bothered the hats .
only the crayon should ever fix these men .	even the crayon should ever fix these men .
only these cars would ever work with the ring .	even these cars would ever work with the ring .
only that kitchen would ever listen to those bottles .	even that kitchen would ever listen to those bottles .
only the cup has ever worked with this rocket .	even the cup has ever worked with this rocket .
only the museum had ever scared the candle .	even the museum had ever scared the candle .
only this doll had ever talked to the shirts .	even this doll had ever talked to the shirts .
only that bed can ever run .	even that bed can ever run .
only the pictures had ever lost the women .	even the pictures had ever lost the women .
only this bed has ever taught this shirt .	even this bed has ever taught this shirt .
only the window can ever laugh .	even the window can ever laugh .
only this book should ever listen to this bank .	even this book should ever listen to this bank .
only this box can ever fix the people .	even this box can ever fix the people .
only those rooms should ever run .	even those rooms should ever run .
only this spoon has ever lost this man .	even this spoon has ever lost this man .
only these bags would ever know the museum .	even these bags would ever know the museum .
only the dish has ever learned .	even the dish has ever learned .
only these bags could ever hold these women .	even these bags could ever hold these women .
only the cups could ever shake that woman .	even the cups could ever shake that woman .
only those dishes have ever heard these chairs .	even those dishes have ever heard these chairs .
only the mall has ever heard that candle .	even the mall has ever heard that candle .
only these books had ever heard the candle .	even these books had ever heard the candle .
only that bank can ever work with that truck .	even that bank can ever work with that truck .
only the book could ever sing .	even the book could ever sing .
only that button has ever made those girls .	even that button has ever made those girls .
only this spoon could ever cry .	even this spoon could ever cry .
only these spoons would ever sneeze .	even these spoons would ever sneeze .
only this car should ever have these doctors .	even this car should ever have these doctors .
only these beds can ever understand that spoon .	even these beds can ever understand that spoon .
only this plate can ever laugh .	even this plate can ever laugh .
only the rocket can ever bring the dentist .	even the rocket can ever bring the dentist .
only the bicycle had ever talked .	even the bicycle had ever talked .
only those trucks had ever found that spoon .	even those trucks had ever found that spoon .
only these schools can ever grow .	even these schools can ever grow .
only the cups had ever cleaned this child .	even the cups had ever cleaned this child .
only that shoe will ever sell that customer .	even that shoe will ever sell that customer .
only this ring would ever appreciate those cups .	even this ring would ever appreciate those cups .
only the museum had ever read .	even the museum had ever read .
only that door could ever help the fork .	even that door could ever help the fork .
only these trucks can ever laugh .	even these trucks can ever laugh .
only this restaurant has ever worked with this button .	even this restaurant has ever worked with this button .
only those boxes would ever hear these books .	even those boxes would ever hear these books .
only the glasses should ever run .	even the glasses should ever run .
only the rooms could ever take the teacher .	even the rooms could ever take the teacher .
only these bags have ever yelled .	even these bags have ever yelled .
only the cup had ever visited that shirt .	even the cup had ever visited that shirt .
only these cups will ever sing .	even these cups will ever sing .
only these beds could ever make that king .	even these beds could ever make that king .
only this rug has ever laughed .	even this rug has ever laughed .
only those plates have ever heard these schools .	even those plates have ever heard these schools .
only those boats had ever eaten .	even those boats had ever eaten .
only those toys could ever sing .	even those toys could ever sing .
only the buttons could ever stretch .	even the buttons could ever stretch .
only that spoon should ever lift those girls .	even that spoon should ever lift those girls .
only the shirt should ever teach the chairs .	even the shirt should ever teach the chairs .
only that ring had ever confused the plate .	even that ring had ever confused the plate .
only this picture had ever won .	even this picture had ever won .
only those windows will ever find this driver .	even those windows will ever find this driver .
only the fork should ever work with the dishes .	even the fork should ever work with the dishes .
only this bed has ever bought this dentist .	even this bed has ever bought this dentist .
only this shirt had ever confused that shirt .	even this shirt had ever confused that shirt .
only those books have ever heard this bed .	even those books have ever heard this bed .
only the bowls have ever visited the library .	even the bowls have ever visited the library .
only the shirt has ever taken these guys .	even the shirt has ever taken these guys .
only that chair can ever talk .	even that chair can ever talk .
only the cars should ever hear those chairs .	even the cars should ever hear those chairs .
only that rocket could ever win .	even that rocket could ever win .
only the hat had ever confused this rug .	even the hat had ever confused this rug .
only these crayons could ever scream .	even these crayons could ever scream .
only that hospital should ever understand the rooms .	even that hospital should ever understand the rooms .
only the crayons could ever work with the rocket .	even the crayons could ever work with the rocket .
only that glass would ever have the children .	even that glass would ever have the children .
only this bowl would ever listen to the cup .	even this bowl would ever listen to the cup .
only this hat would ever exercise .	even this hat would ever exercise .
only the buttons would ever hear that window .	even the buttons would ever hear that window .
only the crayons have ever confused this car .	even the crayons have ever confused this car .
only those books could ever appreciate this kitchen .	even those books could ever appreciate this kitchen .
only this rug can ever laugh .	even this rug can ever laugh .
only those shoes could ever run .	even those shoes could ever run .
only the boat can ever cough .	even the boat can ever cough .
only this bowl has ever laughed .	even this bowl has ever laughed .
only the toy would ever make the doctors .	even the toy would ever make the doctors .
only this glass has ever bought those doctors .	even this glass has ever bought those doctors .
only these boxes would ever lose .	even these boxes would ever lose .
only that book can ever exercise .	even that book can ever exercise .
only the cars had ever eaten .	even the cars had ever eaten .
only that car had ever confused this hat .	even that car had ever confused this hat .
only these cups can ever grow .	even these cups can ever grow .
only this boat would ever know those bottles .	even this boat would ever know those bottles .
only that glass will ever move those boys .	even that glass will ever move those boys .
only these boxes have ever moved the adult .	even these boxes have ever moved the adult .
only those schools should ever smile .	even those schools should ever smile .
only these candles have ever found the plates .	even these candles have ever found the plates .
only that door has ever learned .	even that door has ever learned .
only these doors could ever hear that restaurant .	even these doors could ever hear that restaurant .
only the glasses will ever bring these women .	even the glasses will ever bring these women .
only this plane would ever sing .	even this plane would ever sing .
only these shoes should ever paint .	even these shoes should ever paint .
only that cup had ever answered those books .	even that cup had ever answered those books .
only the hats had ever found the candles .	even the hats had ever found the candles .
only that bicycle had ever read .	even that bicycle had ever read .
only the car would ever hear this plane .	even the car would ever hear this plane .
only those books had ever eaten .	even those books had ever eaten .
only the dolls would ever yell .	even the dolls would ever yell .
only the beds have ever held this driver .	even the beds have ever held this driver .
only that plane has ever found the cups .	even that plane has ever found the cups .
only those shoes have ever fixed this person .	even those shoes have ever fixed this person .
only those shirts could ever cry .	even those shirts could ever cry .
only that mirror has ever answered that bicycle .	even that mirror has ever answered that bicycle .
only the dishes will ever find that teacher .	even the dishes will ever find that teacher .
only these beds had ever laughed .	even these beds had ever laughed .
only the crayons have ever moved this king .	even the crayons have ever moved this king .
only the car had ever talked .	even the car had ever talked .
only the schools could ever know those hats .	even the schools could ever know those hats .
only that ship should ever cry .	even that ship should ever cry .
only the library would ever talk to the boat .	even the library would ever talk to the boat .
only these toys should ever hear that bag .	even these toys should ever hear that bag .
only the car has ever grown .	even the car has ever grown .
only that bank had ever found those rooms .	even that bank had ever found those rooms .
only the shoes can ever know this glass .	even the shoes can ever know this glass .
only this ring can ever move that driver .	even this ring can ever move that driver .
only these beds would ever read .	even these beds would ever read .
only this book could ever bring this boy .	even this book could ever bring this boy .
only this room will ever appreciate these windows .	even this room will ever appreciate these windows .
only that ship had ever yelled .	even that ship had ever yelled .
only that library has ever lost .	even that library has ever lost .
only that bottle should ever practice .	even that bottle should ever practice .
only that bottle could ever appreciate that cup .	even that bottle could ever appreciate that cup .
only that car has ever moved that lady .	even that car has ever moved that lady .
only these dishes could ever lift these men .	even these dishes could ever lift these men .
only those forks had ever laughed .	even those forks had ever laughed .
only this school would ever take the dentist .	even this school would ever take the dentist .
only these dishes will ever understand these bowls .	even these dishes will ever understand these bowls .
only that chair will ever run .	even that chair will ever run .
only the cup could ever visit this truck .	even the cup could ever visit this truck .
only this window can ever grow .	even this window can ever grow .
only those cars could ever hold these boys .	even those cars could ever hold these boys .
only this window could ever lose this queen .	even this window could ever lose this queen .
only these windows can ever talk to this kitchen .	even these windows can ever talk to this kitchen .
only this car has ever lost this truck .	even this car has ever lost this truck .
only this car had ever moved these men .	even this car had ever moved these men .
only that glass should ever throw the girls .	even that glass should ever throw the girls .
only that glass could ever sell this man .	even that glass could ever sell this man .
only those books will ever grow .	even those books will ever grow .
only these books will ever appreciate the chair .	even these books will ever appreciate the chair .
only the shirts had ever grown .	even the shirts had ever grown .
only these rings would ever exercise .	even these rings would ever exercise .
only those schools would ever understand these trucks .	even those schools would ever understand these trucks .
only these rings have ever confused the shirts .	even these rings have ever confused the shirts .
only this plane would ever lift the teachers .	even this plane would ever lift the teachers .
only that box should ever teach these crayons .	even that box should ever teach these crayons .
only that book will ever care for these toys .	even that book will ever care for these toys .
only those spoons have ever read .	even those spoons have ever read .
only these plates had ever visited that shirt .	even these plates had ever visited that shirt .
only the rug would ever cough .	even the rug would ever cough .
only the mall will ever work with the fork .	even the mall will ever work with the fork .
only the rocket could ever talk to the box .	even the rocket could ever talk to the box .
only this book could ever sneeze .	even this book could ever sneeze .
only those cars should ever talk to those schools .	even those cars should ever talk to those schools .
only these boats had ever learned .	even these boats had ever learned .
only that book could ever run .	even that book could ever run .
only that ring will ever visit that car .	even that ring will ever visit that car .
only the buttons could ever work with these candles .	even the buttons could ever work with these candles .
only those dolls would ever know that button .	even those dolls would ever know that button .
only those windows should ever lose .	even those windows should ever lose .
only that window could ever appreciate the park .	even that window could ever appreciate the park .
only that kitchen could ever hear the bowl .	even that kitchen could ever hear the bowl .
only the beds could ever answer this rocket .	even the beds could ever answer this rocket .
only this boat has ever confused the rooms .	even this boat has ever confused the rooms .
only the park could ever cough .	even the park could ever cough .
only the ship has ever made the man .	even the ship has ever made the man .
only the shoe will ever work with that school .	even the shoe will ever work with that school .
only the shoes could ever worry that hat .	even the shoes could ever worry that hat .
only this boat will ever take the girls .	even this boat will ever take the girls .
only these shirts could ever wave .	even these shirts could ever wave .
only the forks could ever lie .	even the forks could ever lie .
only that plane could ever steal that person .	even that plane could ever steal that person .
only that door can ever know the cars .	even that door can ever know the cars .
only those bottles should ever stretch .	even those bottles should ever stretch .
only the trucks would ever cry .	even the trucks would ever cry .
only these bowls had ever fixed this woman .	even these bowls had ever fixed this woman .
only the bicycle would ever lie .	even the bicycle would ever lie .
only this rug has ever moved the doctors .	even this rug has ever moved the doctors .
only that picture had ever helped the couch .	even that picture had ever helped the couch .
only these schools can ever scream .	even these schools can ever scream .
only those boxes can ever eat .	even those boxes can ever eat .
only that dish had ever read .	even that dish had ever read .
only these books will ever sing .	even these books will ever sing .
only the books could ever keep this girl .	even the books could ever keep this girl .
only that bed has ever yelled .	even that bed has ever yelled .
only that museum had ever bothered that hospital .	even that museum had ever bothered that hospital .
only those bags could ever cry .	even those bags could ever cry .
only that box can ever take this child .	even that box can ever take this child .
only these chairs should ever talk to these shirts .	even these chairs should ever talk to these shirts .
only the hat could ever care for the book .	even the hat could ever care for the book .
only these candles have ever helped the doors .	even these candles have ever helped the doors .
only the windows have ever waved .	even the windows have ever waved .
only that hospital had ever confused this plane .	even that hospital had ever confused this plane .
only those hats had ever fixed the guys .	even those hats had ever fixed the guys .
only that spoon should ever cough .	even that spoon should ever cough .
only the chairs can ever run .	even the chairs can ever run .
only that truck can ever talk to this bowl .	even that truck can ever talk to this bowl .
only these boats had ever read .	even these boats had ever read .
only this bag should ever shake those girls .	even this bag should ever shake those girls .
only that bottle can ever clean this man .	even that bottle can ever clean this man .
only the kitchen should ever teach that spoon .	even the kitchen should ever teach that spoon .
only these cars could ever know this car .	even these cars could ever know this car .
only the boats had ever eaten .	even the boats had ever eaten .
only that bag should ever understand this chair .	even that bag should ever understand this chair .
only those toys can ever eat .	even those toys can ever eat .
only this cup should ever find this king .	even this cup should ever find this king .
only these bottles had ever heard those dolls .	even these bottles had ever heard those dolls .
only this room would ever laugh .	even this room would ever laugh .
only that bottle would ever sell the adult .	even that bottle would ever sell the adult .
only that bicycle would ever cry .	even that bicycle would ever cry .
only that plate can ever teach this plate .	even that plate can ever teach this plate .
only the shirts would ever cry .	even the shirts would ever cry .
only the windows should ever learn .	even the windows should ever learn .
only those shirts could ever yell .	even those shirts could ever yell .
only the forks had ever painted .	even the forks had ever painted .
only that rug should ever visit those bowls .	even that rug should ever visit those bowls .
only the door had ever bought that king .	even the door had ever bought that king .
only that park had ever helped this book .	even that park had ever helped this book .
only the boats can ever lie .	even the boats can ever lie .
only this rocket can ever drop these teachers .	even this rocket can ever drop these teachers .
only those dishes will ever make this doctor .	even those dishes will ever make this doctor .
only those books had ever lost .	even those books had ever lost .
only the cars will ever care for this glass .	even the cars will ever care for this glass .
only the plate should ever read .	even the plate should ever read .
only that ship had ever eaten .	even that ship had ever eaten .
only the room has ever moved this queen .	even the room has ever moved this queen .
only these rooms have ever found the candle .	even these rooms have ever found the candle .
only these trucks can ever work with these bags .	even these trucks can ever work with these bags .
only these shoes can ever fix the girls .	even these shoes can ever fix the girls .
only the kitchen had ever laughed .	even the kitchen had ever laughed .
only that library could ever listen to that bicycle .	even that library could ever listen to that bicycle .
only that bottle would ever fix the boys .	even that bottle would ever fix the boys .
only that bed had ever worried the bicycle .	even that bed had ever worried the bicycle .
only that dish has ever won .	even that dish has ever won .
only these bottles would ever win .	even these bottles would ever win .
only the doors have ever painted .	even the doors have ever painted .
only those pictures have ever visited the schools .	even those pictures have ever visited the schools .
only that dish had ever worked with that library .	even that dish had ever worked with that library .
only these windows had ever heard the cups .	even these windows had ever heard the cups .
only these books should ever drop the guys .	even these books should ever drop the guys .
only those cups would ever listen to these crayons .	even those cups would ever listen to these crayons .
only those spoons would ever eat .	even those spoons would ever eat .
only the toys had ever thrown these people .	even the toys had ever thrown these people .
only this car should ever drop that queen .	even this car should ever drop that queen .
only those books should ever clean that lady .	even those books should ever clean that lady .
only the plate has ever scared that hospital .	even the plate has ever scared that hospital .
only these shoes could ever steal this driver .	even these shoes could ever steal this driver .
only this car has ever taken the guys .	even this car has ever taken the guys .
only the rug had ever grown .	even the rug had ever grown .
only that truck could ever know these pictures .	even that truck could ever know these pictures .
only that box has ever laughed .	even that box has ever laughed .
only those books had ever bothered the bottles .	even those books had ever bothered the bottles .
only that glass will ever teach the cup .	even that glass will ever teach the cup .
only the car has ever run .	even the car has ever run .
only these books can ever scare that shoe .	even these books can ever scare that shoe .
only the candle would ever help this shoe .	even the candle would ever help this shoe .
only the school can ever lie .	even the school can ever lie .
only the school will ever care for that toy .	even the school will ever care for that toy .
only this museum had ever grown .	even this museum had ever grown .
only those dishes could ever care for this doll .	even those dishes could ever care for this doll .
only this plane can ever grow .	even this plane can ever grow .
only these beds could ever smile .	even these beds could ever smile .
only these bowls should ever help this ship .	even these bowls should ever help this ship .
only those schools would ever learn .	even those schools would ever learn .
only the boat would ever have this dancer .	even the boat would ever have this dancer .
only the spoons have ever taken that driver .	even the spoons have ever taken that driver .
only this rocket has ever made this lady .	even this rocket has ever made this lady .
only these boats had ever painted .	even these boats had ever painted .
only those rooms will ever shake this girl .	even those rooms will ever shake this girl .
only that window would ever make this girl .	even that window would ever make this girl .
only the park should ever scream .	even the park should ever scream .
only these shoes should ever smile .	even these shoes should ever smile .
only the spoon had ever dropped the doctors .	even the spoon had ever dropped the doctors .
only the boat has ever learned .	even the boat has ever learned .
only this rug should ever read .	even this rug should ever read .
only this shoe could ever make these doctors .	even this shoe could ever make these doctors .
only the forks would ever paint .	even the forks would ever paint .
only those bags can ever hear that cup .	even those bags can ever hear that cup .
only the hat could ever praise that shoe .	even the hat could ever praise that shoe .
only the rings will ever win .	even the rings will ever win .
only this cup should ever whisper .	even this cup should ever whisper .
only that glass should ever bother that crayon .	even that glass should ever bother that crayon .
only the mall will ever scare these dolls .	even the mall will ever scare these dolls .
only this glass has ever heard this window .	even this glass has ever heard this window .
only this glass can ever fix that man .	even this glass can ever fix that man .
only the dishes had ever bothered these schools .	even the dishes had ever bothered these schools .
only the boats should ever sneeze .	even the boats should ever sneeze .
only the boat has ever brought this king .	even the boat has ever brought this king .
only that doll had ever lost this kitchen .	even that doll had ever lost this kitchen .
only those plates had ever yelled .	even those plates had ever yelled .
only that spoon can ever teach those chairs .	even that spoon can ever teach those chairs .
only the rings have ever won .	even the rings have ever won .
only that door has ever found the child .	even that door has ever found the child .
only these windows can ever hold the man .	even these windows can ever hold the man .
only the cars had ever thrown these women .	even the cars had ever thrown these women .
only those buttons have ever yelled .	even those buttons have ever yelled .
only the box has ever heard this spoon .	even the box has ever heard this spoon .
only those dishes had ever lost the dentist .	even those dishes had ever lost the dentist .
only the shirt had ever laughed .	even the shirt had ever laughed .
only the candles will ever know these glasses .	even the candles will ever know these glasses .
only these bags had ever heard the mirror .	even these bags had ever heard the mirror .
only the cars will ever drop the person .	even the cars will ever drop the person .
only the door had ever lost the boys .	even the door had ever lost the boys .
only these rings have ever cried .	even these rings have ever cried .
only the beds would ever win .	even the beds would ever win .
only that shoe has ever made the guys .	even that shoe has ever made the guys .
only these cars could ever win .	even these cars could ever win .
only this kitchen had ever lost .	even this kitchen had ever lost .
only the dishes can ever know that chair .	even the dishes can ever know that chair .
only the library will ever bother that shirt .	even the library will ever bother that shirt .
only these bottles have ever won .	even these bottles have ever won .
only that cup would ever appreciate that park .	even that cup would ever appreciate that park .
only those cars should ever read .	even those cars should ever read .
only the buttons can ever lift this patient .	even the buttons can ever lift this patient .
only these candles should ever know that library .	even these candles should ever know that library .
only those windows would ever talk .	even those windows would ever talk .
only that bed can ever talk to the crayons .	even that bed can ever talk to the crayons .
only the rooms could ever scream .	even the rooms could ever scream .
only those bottles will ever yell .	even those bottles will ever yell .
only that bank will ever fix that person .	even that bank will ever fix that person .
only these cars have ever bothered that chair .	even these cars have ever bothered that chair .
only the glasses had ever bothered the cup .	even the glasses had ever bothered the cup .
only this bottle had ever worried these plates .	even this bottle had ever worried these plates .
only that ring should ever help that glass .	even that ring should ever help that glass .
only the cups will ever steal the customer .	even the cups will ever steal the customer .
only the plane had ever yelled .	even the plane had ever yelled .
only this picture will ever scare the picture .	even this picture will ever scare the picture .
only the windows could ever bother the couch .	even the windows could ever bother the couch .
only this museum would ever laugh .	even this museum would ever laugh .
only the school can ever hold the man .	even the school can ever hold the man .
only those boxes have ever helped these schools .	even those boxes have ever helped these schools .
only those windows can ever scare those books .	even those windows can ever scare those books .
only the chair will ever sneeze .	even the chair will ever sneeze .
only the school had ever laughed .	even the school had ever laughed .
only the schools had ever worried the bottles .	even the schools had ever worried the bottles .
only those forks would ever grow .	even those forks would ever grow .
only the glasses should ever paint .	even the glasses should ever paint .
only these bottles can ever appreciate the crayon .	even these bottles can ever appreciate the crayon .
only that bottle can ever bring those children .	even that bottle can ever bring those children .
only the toys should ever sell that guy .	even the toys should ever sell that guy .
only this mirror can ever know the kitchen .	even this mirror can ever know the kitchen .
only the bed would ever help these candles .	even the bed would ever help these candles .
only that ship can ever keep those teachers .	even that ship can ever keep those teachers .
only those cars have ever bothered these dishes .	even those cars have ever bothered these dishes .
only those crayons have ever lost those people .	even those crayons have ever lost those people .
only the bicycle had ever read .	even the bicycle had ever read .
only that picture has ever taught this bed .	even that picture has ever taught this bed .
only the cars have ever confused this room .	even the cars have ever confused this room .
only the window will ever smile .	even the window will ever smile .
only the bowls had ever run .	even the bowls had ever run .
only those cars can ever take this lady .	even those cars can ever take this lady .
only those books can ever lie .	even those books can ever lie .
only those pictures could ever laugh .	even those pictures could ever laugh .
only this restaurant has ever run .	even this restaurant has ever run .
only those schools would ever worry that dish .	even those schools would ever worry that dish .
only those candles would ever scare the book .	even those candles would ever scare the book .
only these doors have ever heard this museum .	even these doors have ever heard this museum .
only the glasses should ever clean these guys .	even the glasses should ever clean these guys .
only that school would ever work with this fork .	even that school would ever work with this fork .
only the plate can ever sneeze .	even the plate can ever sneeze .
only these cars will ever sing .	even these cars will ever sing .
only these doors had ever yelled .	even these doors had ever yelled .
only this hospital can ever cough .	even this hospital can ever cough .
only this plate could ever hold the dancer .	even this plate could ever hold the dancer .
only the dishes will ever know these bowls .	even the dishes will ever know these bowls .
only that button has ever answered these bags .	even that button has ever answered these bags .
only that shoe will ever keep the queen .	even that shoe will ever keep the queen .
only that crayon will ever lose .	even that crayon will ever lose .
only the doll had ever helped those books .	even the doll had ever helped those books .
only the schools have ever found this man .	even the schools have ever found this man .
only that button would ever whisper .	even that button would ever whisper .
only the truck has ever visited those cars .	even the truck has ever visited those cars .
only these bottles have ever heard the cars .	even these bottles have ever heard the cars .
only those dolls had ever found the girls .	even those dolls had ever found the girls .
only that museum would ever exercise .	even that museum would ever exercise .
only these windows have ever bothered those hats .	even these windows have ever bothered those hats .
only those buttons had ever taught this mirror .	even those buttons had ever taught this mirror .
only this plate will ever take the dentist .	even this plate will ever take the dentist .
only the mall could ever hear those pictures .	even the mall could ever hear those pictures .
only this hospital would ever listen to those cars .	even this hospital would ever listen to those cars .
only those pictures had ever heard that couch .	even those pictures had ever heard that couch .
only the room had ever bought the ladies .	even the room had ever bought the ladies .
only these bags would ever wave .	even these bags would ever wave .
only this box has ever taken these girls .	even this box has ever taken these girls .
only the bowl has ever helped those schools .	even the bowl has ever helped those schools .
only the car can ever appreciate that bag .	even the car can ever appreciate that bag .
only the rings have ever cleaned the teacher .	even the rings have ever cleaned the teacher .
only those books should ever lie .	even those books should ever lie .
only the buttons have ever held that driver .	even the buttons have ever held that driver .
only the candle has ever run .	even the candle has ever run .
only those plates have ever talked .	even those plates have ever talked .
only the spoons would ever practice .	even the spoons would ever practice .
only this restaurant can ever understand the dolls .	even this restaurant can ever understand the dolls .
only this shoe will ever sneeze .	even this shoe will ever sneeze .
only the bank could ever steal the king .	even the bank could ever steal the king .
only the book can ever work with that bed .	even the book can ever work with that bed .
only these forks can ever make the guys .	even these forks can ever make the guys .
only the boats can ever practice .	even the boats can ever practice .
only the bottles had ever taught the bag .	even the bottles had ever taught the bag .
only the pictures will ever know the boxes .	even the pictures will ever know the boxes .
only this book can ever clean the women .	even this book can ever clean the women .
only this rug has ever found this mirror .	even this rug has ever found this mirror .
only that cup had ever heard this museum .	even that cup had ever heard this museum .
only that bag would ever hear those dishes .	even that bag would ever hear those dishes .
only these boxes have ever moved these teachers .	even these boxes have ever moved these teachers .
only this rocket had ever fixed the adult .	even this rocket had ever fixed the adult .
