the ring talks very very perfectly .	the ring was very very perfectly .
the shoe cries very very quickly .	the shoe is very very quickly .
the plate sings really perfectly .	the plate was really perfectly .
the book reads really really slowly .	the book was really really slowly .
the bottle reads very slowly .	the bottle was very slowly .
the glass cries very very slowly .	the glass was very very slowly .
the ship paints very perfectly .	the ship is very perfectly .
the candle cries very very quickly .	the candle was very very quickly .
the picture talks really really slowly .	the picture is really really slowly .
the toy paints very quietly .	the toy was very quietly .
the truck paints really quietly .	the truck was really quietly .
the fork waves quickly .	the fork was quickly .
the plane waves very perfectly .	the plane was very perfectly .
the shoe sings perfectly .	the shoe is perfectly .
the plane sings really quietly .	the plane was really quietly .
the plate waves quickly .	the plate is quickly .
the spoon paints very slowly .	the spoon is very slowly .
the car sings quietly .	the car was quietly .
the picture reads perfectly .	the picture is perfectly .
the cup waves very very quietly .	the cup was very very quietly .
the book exercises really carefully .	the book is really carefully .
the rug paints carefully .	the rug was carefully .
the bottle talks really quietly .	the bottle was really quietly .
the bed reads very very quietly .	the bed is very very quietly .
the plane talks really quickly .	the plane is really quickly .
the book exercises perfectly .	the book is perfectly .
the chair cries very quickly .	the chair is very quickly .
the glass reads perfectly .	the glass is perfectly .
the door cries very very quietly .	the door was very very quietly .
the dish waves really carefully .	the dish is really carefully .
the candle paints carefully .	the candle was carefully .
the picture paints very perfectly .	the picture was very perfectly .
the hat exercises very very quietly .	the hat is very very quietly .
the truck talks really really perfectly .	the truck is really really perfectly .
the truck exercises slowly .	the truck is slowly .
the chair exercises slowly .	the chair was slowly .
the glass exercises very very quietly .	the glass is very very quietly .
the bag cries really really quickly .	the bag is really really quickly .
the cup sings very very perfectly .	the cup was very very perfectly .
the bowl exercises slowly .	the bowl was slowly .
the glass reads really quickly .	the glass was really quickly .
the toy reads quietly .	the toy was quietly .
the boat sings very perfectly .	the boat was very perfectly .
the door exercises perfectly .	the door was perfectly .
the couch waves very quietly .	the couch is very quietly .
the car exercises really really carefully .	the car is really really carefully .
the ship reads very very quietly .	the ship is very very quietly .
the glass exercises really quickly .	the glass was really quickly .
the dish exercises slowly .	the dish was slowly .
the toy sings really slowly .	the toy is really slowly .
the plate paints really really carefully .	the plate was really really carefully .
the candle paints very quickly .	the candle is very quickly .
the car cries very very quickly .	the car is very very quickly .
the spoon cries perfectly .	the spoon is perfectly .
the mirror reads slowly .	the mirror was slowly .
the bicycle talks very carefully .	the bicycle was very carefully .
the bowl reads very very quietly .	the bowl was very very quietly .
the door waves quietly .	the door is quietly .
the rocket sings very very slowly .	the rocket is very very slowly .
the bag sings slowly .	the bag is slowly .
the shoe talks very slowly .	the shoe is very slowly .
the doll waves very very quickly .	the doll was very very quickly .
the book waves very quickly .	the book was very quickly .
the door cries very quickly .	the door was very quickly .
the hat talks slowly .	the hat was slowly .
the toy cries carefully .	the toy was carefully .
the chair sings very very slowly .	the chair was very very slowly .
the mirror cries really quickly .	the mirror is really quickly .
the spoon paints very slowly .	the spoon was very slowly .
the rocket waves slowly .	the rocket is slowly .
the truck talks really quickly .	the truck was really quickly .
the crayon exercises really quickly .	the crayon is really quickly .
the couch waves really really slowly .	the couch was really really slowly .
the ship sings very slowly .	the ship was very slowly .
the boat cries really really quietly .	the boat was really really quietly .
the cup sings really quietly .	the cup was really quietly .
the button cries perfectly .	the button was perfectly .
the book waves slowly .	the book was slowly .
the boat exercises very very carefully .	the boat was very very carefully .
the window cries really really quietly .	the window was really really quietly .
the bicycle talks quietly .	the bicycle is quietly .
the book cries really really quietly .	the book was really really quietly .
the shoe reads very very slowly .	the shoe was very very slowly .
the mirror waves really really carefully .	the mirror was really really carefully .
the candle exercises very very quietly .	the candle is very very quietly .
the bicycle waves quietly .	the bicycle was quietly .
the chair exercises really carefully .	the chair was really carefully .
the fork reads really carefully .	the fork is really carefully .
the bicycle paints very quietly .	the bicycle was very quietly .
the rocket paints really quickly .	the rocket was really quickly .
the shoe sings really perfectly .	the shoe is really perfectly .
the ring cries very very carefully .	the ring was very very carefully .
the candle cries very perfectly .	the candle is very perfectly .
the book reads really carefully .	the book was really carefully .
the plane sings really quickly .	the plane is really quickly .
the button waves quietly .	the button is quietly .
the chair reads really really slowly .	the chair is really really slowly .
the button reads very very perfectly .	the button is very very perfectly .
the couch cries very quietly .	the couch is very quietly .
the shoe waves quickly .	the shoe is quickly .
the hat cries carefully .	the hat is carefully .
the rocket talks slowly .	the rocket was slowly .
the dish paints very quickly .	the dish was very quickly .
the ship cries really slowly .	the ship is really slowly .
the cup exercises quickly .	the cup is quickly .
the truck exercises very very quietly .	the truck was very very quietly .
the hat exercises really really quietly .	the hat was really really quietly .
the book waves really carefully .	the book was really carefully .
the doll talks very very carefully .	the doll was very very carefully .
the rocket cries carefully .	the rocket was carefully .
the crayon sings really really carefully .	the crayon was really really carefully .
the hat exercises carefully .	the hat was carefully .
the boat cries really perfectly .	the boat was really perfectly .
the button reads carefully .	the button is carefully .
the fork cries really slowly .	the fork was really slowly .
the car talks very very quickly .	the car is very very quickly .
the book paints very very quickly .	the book is very very quickly .
the car waves carefully .	the car was carefully .
the button paints very very perfectly .	the button was very very perfectly .
the plane waves slowly .	the plane was slowly .
the spoon sings really really slowly .	the spoon is really really slowly .
the doll exercises really really quietly .	the doll is really really quietly .
the ship reads really really quickly .	the ship was really really quickly .
the ship sings really perfectly .	the ship is really perfectly .
the book cries perfectly .	the book is perfectly .
the box reads carefully .	the box is carefully .
the candle sings really really quickly .	the candle is really really quickly .
the hat paints quickly .	the hat is quickly .
the window waves very very quietly .	the window was very very quietly .
the button paints slowly .	the button is slowly .
the door sings slowly .	the door was slowly .
the plate reads quietly .	the plate is quietly .
the toy sings very quietly .	the toy was very quietly .
the plate talks very very quietly .	the plate was very very quietly .
the plane cries very very quietly .	the plane is very very quietly .
the button waves very very quickly .	the button is very very quickly .
the cup sings very very quickly .	the cup is very very quickly .
the toy reads very quietly .	the toy was very quietly .
the glass reads very carefully .	the glass is very carefully .
the book waves really slowly .	the book is really slowly .
the ring talks slowly .	the ring was slowly .
the button paints really perfectly .	the button is really perfectly .
the bowl reads very very perfectly .	the bowl was very very perfectly .
the spoon cries perfectly .	the spoon was perfectly .
the door exercises slowly .	the door was slowly .
the bottle sings really quickly .	the bottle is really quickly .
the car paints very quickly .	the car was very quickly .
the picture waves really slowly .	the picture was really slowly .
the bed exercises really carefully .	the bed was really carefully .
the glass cries really really quickly .	the glass is really really quickly .
the button exercises really really quickly .	the button was really really quickly .
the ship paints quietly .	the ship was quietly .
the spoon paints really quietly .	the spoon was really quietly .
the glass exercises carefully .	the glass is carefully .
the boat exercises really really perfectly .	the boat was really really perfectly .
the bag talks slowly .	the bag is slowly .
the door paints quietly .	the door was quietly .
the box reads really perfectly .	the box was really perfectly .
the picture waves slowly .	the picture is slowly .
the bowl cries very quietly .	the bowl was very quietly .
the rocket sings very quietly .	the rocket is very quietly .
the bottle reads perfectly .	the bottle is perfectly .
the box waves really quickly .	the box was really quickly .
the window waves slowly .	the window is slowly .
the door exercises really quietly .	the door is really quietly .
the car exercises really perfectly .	the car was really perfectly .
the rocket talks slowly .	the rocket is slowly .
the picture reads carefully .	the picture was carefully .
the chair reads quickly .	the chair is quickly .
the hat reads really really quickly .	the hat is really really quickly .
the rocket waves really really carefully .	the rocket was really really carefully .
the ship paints slowly .	the ship is slowly .
the cup paints quietly .	the cup is quietly .
the cup exercises very very carefully .	the cup is very very carefully .
the bed talks quietly .	the bed was quietly .
the bed cries really perfectly .	the bed was really perfectly .
the truck reads really really carefully .	the truck was really really carefully .
the cup paints very very perfectly .	the cup was very very perfectly .
the book reads quietly .	the book was quietly .
the fork sings very very carefully .	the fork is very very carefully .
the couch sings quickly .	the couch is quickly .
the hat cries perfectly .	the hat is perfectly .
the candle waves really perfectly .	the candle is really perfectly .
the ship sings very perfectly .	the ship was very perfectly .
the window reads very quietly .	the window was very quietly .
the bottle talks really really quietly .	the bottle is really really quietly .
the mirror waves very quickly .	the mirror is very quickly .
the plate talks very slowly .	the plate was very slowly .
the book exercises very very carefully .	the book is very very carefully .
the plane exercises really really quietly .	the plane is really really quietly .
the bowl exercises very very quickly .	the bowl was very very quickly .
the rocket exercises very quickly .	the rocket was very quickly .
the window talks really really perfectly .	the window was really really perfectly .
the rocket talks very very quietly .	the rocket is very very quietly .
the candle waves really quickly .	the candle was really quickly .
the hat talks perfectly .	the hat was perfectly .
the box talks slowly .	the box was slowly .
the hat cries quickly .	the hat was quickly .
the bottle waves really quickly .	the bottle was really quickly .
the chair waves very very carefully .	the chair is very very carefully .
the candle waves quickly .	the candle was quickly .
the book paints perfectly .	the book is perfectly .
the couch cries slowly .	the couch is slowly .
the book talks perfectly .	the book is perfectly .
the car sings really quickly .	the car is really quickly .
the bottle waves really quickly .	the bottle is really quickly .
the shirt reads really really quickly .	the shirt is really really quickly .
the box cries very very perfectly .	the box was very very perfectly .
the window reads very slowly .	the window is very slowly .
the chair exercises really really perfectly .	the chair was really really perfectly .
the glass reads very very slowly .	the glass was very very slowly .
the shoe talks very quickly .	the shoe is very quickly .
the spoon reads really really quietly .	the spoon was really really quietly .
the bowl reads quickly .	the bowl was quickly .
the crayon sings really really quickly .	the crayon was really really quickly .
the doll cries very carefully .	the doll is very carefully .
the chair sings carefully .	the chair is carefully .
the rocket talks quietly .	the rocket is quietly .
the button reads really quietly .	the button is really quietly .
the rocket cries perfectly .	the rocket was perfectly .
the boat talks very very quietly .	the boat is very very quietly .
the boat talks very slowly .	the boat is very slowly .
the box cries very very quietly .	the box was very very quietly .
the shirt talks really carefully .	the shirt is really carefully .
the cup waves really carefully .	the cup was really carefully .
the rocket paints carefully .	the rocket is carefully .
the ship talks perfectly .	the ship is perfectly .
the car cries very perfectly .	the car was very perfectly .
the bed waves really carefully .	the bed was really carefully .
the bottle waves very quickly .	the bottle is very quickly .
the hat reads very carefully .	the hat was very carefully .
the bicycle exercises slowly .	the bicycle is slowly .
the spoon exercises really perfectly .	the spoon is really perfectly .
the ship waves really carefully .	the ship is really carefully .
the shirt waves slowly .	the shirt is slowly .
the plate exercises really really perfectly .	the plate is really really perfectly .
the chair waves very carefully .	the chair is very carefully .
the bed talks really really slowly .	the bed was really really slowly .
the bed exercises very very slowly .	the bed is very very slowly .
the rug waves very very carefully .	the rug was very very carefully .
the spoon cries slowly .	the spoon is slowly .
the car exercises very very carefully .	the car is very very carefully .
the plane reads quickly .	the plane was quickly .
the picture exercises perfectly .	the picture was perfectly .
the glass waves perfectly .	the glass is perfectly .
the rocket cries very slowly .	the rocket was very slowly .
the car talks quietly .	the car was quietly .
the mirror sings quickly .	the mirror was quickly .
the plane sings very very quickly .	the plane is very very quickly .
the doll exercises very very slowly .	the doll is very very slowly .
the bottle exercises perfectly .	the bottle is perfectly .
the boat exercises very quickly .	the boat was very quickly .
the plane waves quickly .	the plane was quickly .
the shirt sings really really slowly .	the shirt is really really slowly .
the mirror reads quickly .	the mirror was quickly .
the car paints very very perfectly .	the car was very very perfectly .
the ship paints very very carefully .	the ship was very very carefully .
the bag waves very quickly .	the bag is very quickly .
the dish talks really really carefully .	the dish was really really carefully .
the bicycle paints really carefully .	the bicycle was really carefully .
the book reads very quietly .	the book was very quietly .
the rug reads slowly .	the rug is slowly .
the hat paints really really quickly .	the hat is really really quickly .
the box cries very quietly .	the box is very quietly .
the spoon paints really carefully .	the spoon is really carefully .
the door exercises really slowly .	the door is really slowly .
the window sings very very perfectly .	the window is very very perfectly .
the spoon reads very perfectly .	the spoon is very perfectly .
the car sings really really slowly .	the car was really really slowly .
the bed cries perfectly .	the bed was perfectly .
the bicycle waves very very perfectly .	the bicycle is very very perfectly .
the glass paints slowly .	the glass was slowly .
the bowl sings really perfectly .	the bowl is really perfectly .
the button cries very very quietly .	the button was very very quietly .
the truck sings very very quietly .	the truck was very very quietly .
the dish cries quietly .	the dish is quietly .
the car talks really perfectly .	the car is really perfectly .
the car reads really perfectly .	the car is really perfectly .
the bowl paints really quickly .	the bowl was really quickly .
the ship talks quietly .	the ship was quietly .
the box paints perfectly .	the box was perfectly .
the plane waves slowly .	the plane is slowly .
the car waves quietly .	the car was quietly .
the chair talks slowly .	the chair is slowly .
the cup cries quickly .	the cup was quickly .
the bottle reads carefully .	the bottle is carefully .
the dish paints quickly .	the dish is quickly .
the book exercises really quietly .	the book is really quietly .
the picture cries perfectly .	the picture was perfectly .
the candle talks really quickly .	the candle was really quickly .
the window cries very very carefully .	the window was very very carefully .
the bottle sings very carefully .	the bottle was very carefully .
the picture reads very slowly .	the picture is very slowly .
the bag waves really really slowly .	the bag is really really slowly .
the door sings really really quickly .	the door is really really quickly .
the candle sings really really carefully .	the candle is really really carefully .
the door paints really slowly .	the door was really slowly .
the couch reads really really perfectly .	the couch was really really perfectly .
the candle reads very very quietly .	the candle was very very quietly .
the boat cries really really quietly .	the boat is really really quietly .
the car exercises very carefully .	the car is very carefully .
the toy sings really really quickly .	the toy was really really quickly .
the dish cries really really slowly .	the dish was really really slowly .
the hat talks quickly .	the hat is quickly .
the box cries quickly .	the box was quickly .
the ship exercises quickly .	the ship is quickly .
the boat reads really quickly .	the boat was really quickly .
the bowl sings really quietly .	the bowl was really quietly .
the boat sings really carefully .	the boat is really carefully .
the mirror reads very very slowly .	the mirror is very very slowly .
the glass talks very slowly .	the glass was very slowly .
the crayon waves very quietly .	the crayon was very quietly .
the dish paints quickly .	the dish was quickly .
the couch reads carefully .	the couch is carefully .
the rug talks really quietly .	the rug is really quietly .
the bicycle talks really really carefully .	the bicycle was really really carefully .
the shirt sings very very quietly .	the shirt is very very quietly .
the ship paints really really slowly .	the ship was really really slowly .
the bag paints carefully .	the bag was carefully .
the mirror reads quietly .	the mirror is quietly .
the box paints carefully .	the box was carefully .
the ship exercises very very carefully .	the ship was very very carefully .
the button sings really really perfectly .	the button is really really perfectly .
the shoe cries really carefully .	the shoe is really carefully .
the spoon talks quickly .	the spoon was quickly .
the button exercises very very slowly .	the button is very very slowly .
the chair reads really perfectly .	the chair was really perfectly .
the picture cries really quickly .	the picture was really quickly .
the chair waves slowly .	the chair is slowly .
the window reads quietly .	the window is quietly .
the door reads very slowly .	the door is very slowly .
the plate talks very very carefully .	the plate was very very carefully .
the book waves really slowly .	the book was really slowly .
the mirror waves quietly .	the mirror is quietly .
the bicycle paints very carefully .	the bicycle was very carefully .
the glass cries very quietly .	the glass is very quietly .
the bottle paints carefully .	the bottle is carefully .
the door cries very perfectly .	the door was very perfectly .
the rocket cries quickly .	the rocket is quickly .
the hat reads very very quietly .	the hat is very very quietly .
the car cries slowly .	the car is slowly .
the plane reads really slowly .	the plane is really slowly .
the couch exercises very very perfectly .	the couch was very very perfectly .
the boat talks really slowly .	the boat was really slowly .
the truck reads quickly .	the truck is quickly .
the glass sings very quietly .	the glass is very quietly .
the book sings very very slowly .	the book was very very slowly .
the fork waves very quietly .	the fork was very quietly .
the spoon paints really really quickly .	the spoon was really really quickly .
the cup sings quickly .	the cup is quickly .
the couch cries very very slowly .	the couch was very very slowly .
the boat waves very quietly .	the boat was very quietly .
the bowl reads quietly .	the bowl was quietly .
the shoe talks really quickly .	the shoe is really quickly .
the ship exercises very perfectly .	the ship was very perfectly .
the doll exercises perfectly .	the doll is perfectly .
the spoon waves quickly .	the spoon was quickly .
the doll reads really really perfectly .	the doll was really really perfectly .
the bed cries quickly .	the bed was quickly .
the hat waves very quietly .	the hat is very quietly .
the shirt exercises really perfectly .	the shirt was really perfectly .
the bottle talks quietly .	the bottle was quietly .
the car reads really really quietly .	the car is really really quietly .
the couch exercises very very quietly .	the couch is very very quietly .
the book talks slowly .	the book was slowly .
the spoon sings really quickly .	the spoon is really quickly .
the glass paints very carefully .	the glass is very carefully .
the shirt reads very very slowly .	the shirt is very very slowly .
the truck waves really really slowly .	the truck is really really slowly .
the ring sings perfectly .	the ring was perfectly .
the dish talks very carefully .	the dish is very carefully .
the bed cries really really perfectly .	the bed was really really perfectly .
the candle talks carefully .	the candle was carefully .
the dish reads carefully .	the dish is carefully .
the bicycle sings carefully .	the bicycle was carefully .
the window paints perfectly .	the window is perfectly .
the plate reads very very carefully .	the plate is very very carefully .
the plate reads really perfectly .	the plate is really perfectly .
the plane exercises very slowly .	the plane is very slowly .
the ring paints very very quickly .	the ring was very very quickly .
the crayon cries really carefully .	the crayon was really carefully .
the plane exercises slowly .	the plane is slowly .
the bicycle reads carefully .	the bicycle was carefully .
the window paints carefully .	the window was carefully .
the dish reads really perfectly .	the dish is really perfectly .
the door exercises really perfectly .	the door was really perfectly .
the shirt sings very very slowly .	the shirt is very very slowly .
the ship waves very carefully .	the ship is very carefully .
the ship waves very slowly .	the ship is very slowly .
the ship reads quietly .	the ship was quietly .
the picture sings very very quietly .	the picture was very very quietly .
the box reads very very perfectly .	the box is very very perfectly .
the shoe sings carefully .	the shoe is carefully .
the ring talks very quietly .	the ring is very quietly .
the book reads perfectly .	the book is perfectly .
the rug paints really really quickly .	the rug was really really quickly .
the plate paints really really carefully .	the plate is really really carefully .
the shoe paints really perfectly .	the shoe is really perfectly .
the window talks really quickly .	the window is really quickly .
the mirror cries really quietly .	the mirror is really quietly .
the shirt exercises carefully .	the shirt is carefully .
the car cries quickly .	the car was quickly .
the picture cries very slowly .	the picture is very slowly .
the book sings slowly .	the book was slowly .
the candle waves really really carefully .	the candle is really really carefully .
the car reads very quickly .	the car was very quickly .
the spoon exercises really slowly .	the spoon was really slowly .
the boat paints very very quietly .	the boat is very very quietly .
the glass cries slowly .	the glass is slowly .
the cup reads very quickly .	the cup is very quickly .
the glass cries very very perfectly .	the glass is very very perfectly .
the mirror talks really really perfectly .	the mirror was really really perfectly .
the candle sings very very perfectly .	the candle is very very perfectly .
the bottle waves very quickly .	the bottle was very quickly .
the shirt cries quietly .	the shirt was quietly .
the bottle reads really really quietly .	the bottle was really really quietly .
the plane exercises really perfectly .	the plane was really perfectly .
the button reads very very slowly .	the button was very very slowly .
the dish sings really really perfectly .	the dish is really really perfectly .
the shoe exercises very very perfectly .	the shoe was very very perfectly .
the doll paints really slowly .	the doll was really slowly .
the bicycle waves very very quietly .	the bicycle was very very quietly .
the bed exercises really really quietly .	the bed was really really quietly .
the rocket waves really really carefully .	the rocket is really really carefully .
the box reads really really carefully .	the box is really really carefully .
the boat reads quietly .	the boat was quietly .
the door reads really slowly .	the door was really slowly .
the dish talks very very quietly .	the dish is very very quietly .
the cup waves quickly .	the cup is quickly .
the box paints quickly .	the box is quickly .
the box sings really slowly .	the box was really slowly .
the door cries very very slowly .	the door was very very slowly .
the candle waves very very perfectly .	the candle is very very perfectly .
the glass cries really really perfectly .	the glass was really really perfectly .
the window paints quickly .	the window was quickly .
the cup paints perfectly .	the cup is perfectly .
the shirt sings very very quickly .	the shirt is very very quickly .
the car sings very very quietly .	the car is very very quietly .
the ring cries quickly .	the ring was quickly .
the bottle reads really really quickly .	the bottle was really really quickly .
the shoe paints very very perfectly .	the shoe is very very perfectly .
the box paints very quickly .	the box was very quickly .
the doll waves quietly .	the doll was quietly .
the plane cries quickly .	the plane is quickly .
the mirror exercises really quickly .	the mirror was really quickly .
the book talks really really carefully .	the book was really really carefully .
the candle cries perfectly .	the candle was perfectly .
the window reads perfectly .	the window is perfectly .
the plate talks very quickly .	the plate was very quickly .
the dish waves really slowly .	the dish was really slowly .
the bed paints really really quietly .	the bed is really really quietly .
the plane exercises carefully .	the plane is carefully .
the mirror sings really slowly .	the mirror was really slowly .
the hat reads perfectly .	the hat was perfectly .
the shirt paints perfectly .	the shirt is perfectly .
the car paints really quietly .	the car is really quietly .
the spoon reads carefully .	the spoon is carefully .
the boat waves perfectly .	the boat is perfectly .
the bottle exercises very very quickly .	the bottle was very very quickly .
the toy sings very very slowly .	the toy is very very slowly .
the chair reads very quickly .	the chair was very quickly .
the ship reads really perfectly .	the ship was really perfectly .
the couch cries really really slowly .	the couch was really really slowly .
the bottle reads quickly .	the bottle is quickly .
the mirror paints carefully .	the mirror is carefully .
the rocket reads very very quickly .	the rocket is very very quickly .
the door talks very very perfectly .	the door was very very perfectly .
the candle reads really perfectly .	the candle is really perfectly .
the toy talks slowly .	the toy was slowly .
the rug cries very very quietly .	the rug is very very quietly .
the glass sings really really perfectly .	the glass was really really perfectly .
the shoe sings really slowly .	the shoe is really slowly .
the hat talks slowly .	the hat is slowly .
the hat cries really really quickly .	the hat is really really quickly .
the book cries very very carefully .	the book is very very carefully .
the bowl sings very very slowly .	the bowl was very very slowly .
the dish waves really quickly .	the dish was really quickly .
the glass waves quickly .	the glass was quickly .
the rug waves really slowly .	the rug is really slowly .
the rug exercises quietly .	the rug is quietly .
the boat cries carefully .	the boat was carefully .
the chair talks quickly .	the chair is quickly .
the car paints really really quietly .	the car is really really quietly .
the doll cries very perfectly .	the doll was very perfectly .
the bottle waves very carefully .	the bottle is very carefully .
the book cries very perfectly .	the book was very perfectly .
the glass talks really really quietly .	the glass is really really quietly .
the mirror reads very quietly .	the mirror was very quietly .
the bicycle reads perfectly .	the bicycle was perfectly .
the mirror paints quietly .	the mirror is quietly .
the boat paints very very quietly .	the boat was very very quietly .
the hat exercises very carefully .	the hat was very carefully .
the bowl waves quietly .	the bowl is quietly .
the truck exercises slowly .	the truck was slowly .
the shoe sings really perfectly .	the shoe was really perfectly .
the door cries really really perfectly .	the door was really really perfectly .
the car waves really carefully .	the car was really carefully .
the couch paints really slowly .	the couch is really slowly .
the ring waves really really carefully .	the ring is really really carefully .
the truck cries really really quietly .	the truck is really really quietly .
the box sings really carefully .	the box is really carefully .
the cup waves very carefully .	the cup was very carefully .
the chair waves quietly .	the chair was quietly .
the car waves quickly .	the car was quickly .
the ring exercises quietly .	the ring was quietly .
the ship paints really quickly .	the ship was really quickly .
the plane paints perfectly .	the plane was perfectly .
the candle reads slowly .	the candle is slowly .
the truck talks very slowly .	the truck is very slowly .
the hat paints really perfectly .	the hat was really perfectly .
the truck sings very perfectly .	the truck was very perfectly .
the glass waves slowly .	the glass is slowly .
the hat reads perfectly .	the hat is perfectly .
the fork reads carefully .	the fork is carefully .
the box waves really really quietly .	the box is really really quietly .
the door reads slowly .	the door is slowly .
the doll reads carefully .	the doll was carefully .
the bottle exercises really quietly .	the bottle was really quietly .
the bicycle sings perfectly .	the bicycle is perfectly .
the candle cries quickly .	the candle is quickly .
the bottle talks really carefully .	the bottle was really carefully .
the truck cries slowly .	the truck is slowly .
the ship paints very slowly .	the ship is very slowly .
the shoe waves really really quickly .	the shoe was really really quickly .
the cup waves very very quickly .	the cup was very very quickly .
the fork exercises very quickly .	the fork was very quickly .
the doll reads really really quietly .	the doll was really really quietly .
the couch waves really carefully .	the couch was really carefully .
the car reads carefully .	the car was carefully .
the shirt cries perfectly .	the shirt is perfectly .
the mirror talks very very slowly .	the mirror was very very slowly .
the picture talks very very slowly .	the picture is very very slowly .
the shirt paints very quickly .	the shirt was very quickly .
the window exercises very slowly .	the window is very slowly .
the button paints really really quietly .	the button is really really quietly .
the couch waves perfectly .	the couch is perfectly .
the bag exercises very quickly .	the bag is very quickly .
the plane waves very quickly .	the plane is very quickly .
the truck paints quickly .	the truck is quickly .
the box exercises really slowly .	the box was really slowly .
the chair exercises very very perfectly .	the chair is very very perfectly .
the toy waves slowly .	the toy is slowly .
the rug talks really really slowly .	the rug is really really slowly .
the car talks very very quickly .	the car was very very quickly .
the hat sings very very carefully .	the hat is very very carefully .
the bicycle paints really really quickly .	the bicycle is really really quickly .
the rocket talks really carefully .	the rocket is really carefully .
the doll cries very very quietly .	the doll is very very quietly .
the hat talks very very perfectly .	the hat is very very perfectly .
the crayon sings quietly .	the crayon is quietly .
the rocket waves very very carefully .	the rocket is very very carefully .
the glass paints very quickly .	the glass was very quickly .
the bottle waves really really quickly .	the bottle was really really quickly .
the window exercises really really carefully .	the window was really really carefully .
the candle exercises quickly .	the candle was quickly .
the candle talks very carefully .	the candle is very carefully .
the bed waves very quickly .	the bed was very quickly .
the ring waves very quietly .	the ring is very quietly .
the bottle talks really really quickly .	the bottle was really really quickly .
the rug cries really carefully .	the rug was really carefully .
the bed reads very quietly .	the bed was very quietly .
the glass cries perfectly .	the glass was perfectly .
the chair sings carefully .	the chair was carefully .
the doll waves quietly .	the doll is quietly .
the ring exercises very carefully .	the ring is very carefully .
the ship talks really quickly .	the ship is really quickly .
the shirt waves perfectly .	the shirt was perfectly .
the car sings slowly .	the car was slowly .
the doll waves very perfectly .	the doll was very perfectly .
the bowl exercises very slowly .	the bowl was very slowly .
the candle sings very quietly .	the candle is very quietly .
the truck cries very carefully .	the truck was very carefully .
the hat reads very very quickly .	the hat is very very quickly .
the book sings very slowly .	the book was very slowly .
the window sings really quickly .	the window is really quickly .
the button talks very very perfectly .	the button is very very perfectly .
the box paints very very quietly .	the box was very very quietly .
the window cries perfectly .	the window was perfectly .
the hat waves carefully .	the hat is carefully .
the hat paints very very slowly .	the hat is very very slowly .
the rocket paints really slowly .	the rocket is really slowly .
the car reads very very quietly .	the car is very very quietly .
the ship talks really really perfectly .	the ship was really really perfectly .
the bed paints very carefully .	the bed is very carefully .
the bicycle talks really really quickly .	the bicycle was really really quickly .
the bed talks quickly .	the bed is quickly .
the rug talks really really quickly .	the rug is really really quickly .
the plane paints really really perfectly .	the plane is really really perfectly .
the hat sings very slowly .	the hat is very slowly .
the couch waves really carefully .	the couch is really carefully .
the spoon cries quickly .	the spoon was quickly .
the bed waves quickly .	the bed is quickly .
the shirt talks really really perfectly .	the shirt is really really perfectly .
the rocket paints very very quickly .	the rocket is very very quickly .
the plane paints really really quickly .	the plane was really really quickly .
the candle paints perfectly .	the candle was perfectly .
the cup waves really slowly .	the cup is really slowly .
the rocket talks quietly .	the rocket was quietly .
the button paints perfectly .	the button was perfectly .
the glass paints perfectly .	the glass is perfectly .
the plate waves very very perfectly .	the plate was very very perfectly .
the truck talks really slowly .	the truck is really slowly .
the boat cries very very slowly .	the boat was very very slowly .
the spoon waves very very quietly .	the spoon was very very quietly .
the car exercises really really perfectly .	the car was really really perfectly .
the bottle sings really perfectly .	the bottle is really perfectly .
the bicycle sings perfectly .	the bicycle was perfectly .
the book sings very quickly .	the book is very quickly .
the shoe waves carefully .	the shoe is carefully .
the car sings really really carefully .	the car is really really carefully .
the book paints very very slowly .	the book is very very slowly .
the truck reads very perfectly .	the truck was very perfectly .
the chair sings quickly .	the chair is quickly .
the bicycle reads really quickly .	the bicycle was really quickly .
the book talks quietly .	the book was quietly .
the mirror reads very very perfectly .	the mirror was very very perfectly .
the ring waves really really slowly .	the ring is really really slowly .
the bed waves really really carefully .	the bed is really really carefully .
the glass exercises perfectly .	the glass was perfectly .
the door cries carefully .	the door was carefully .
the shoe reads very very quickly .	the shoe is very very quickly .
the crayon exercises very quietly .	the crayon is very quietly .
the rocket reads quietly .	the rocket was quietly .
the book paints very very slowly .	the book was very very slowly .
the ship exercises really really perfectly .	the ship is really really perfectly .
the doll talks very very quietly .	the doll was very very quietly .
the shirt sings really carefully .	the shirt was really carefully .
the boat sings slowly .	the boat was slowly .
the truck cries really quietly .	the truck is really quietly .
the dish cries slowly .	the dish is slowly .
the bicycle paints very very perfectly .	the bicycle is very very perfectly .
the box talks really quietly .	the box is really quietly .
the fork paints very quickly .	the fork is very quickly .
the ship sings very carefully .	the ship is very carefully .
the toy sings really really quickly .	the toy is really really quickly .
the rocket cries really really perfectly .	the rocket was really really perfectly .
the candle reads really really slowly .	the candle was really really slowly .
the crayon sings really quietly .	the crayon was really quietly .
the book reads quickly .	the book was quickly .
the hat waves quickly .	the hat was quickly .
the picture sings very very slowly .	the picture is very very slowly .
the car reads really slowly .	the car was really slowly .
the plane cries very slowly .	the plane is very slowly .
the ring exercises really quietly .	the ring is really quietly .
the fork talks really slowly .	the fork is really slowly .
the picture sings perfectly .	the picture is perfectly .
the picture cries very perfectly .	the picture is very perfectly .
the book reads really really quickly .	the book was really really quickly .
the bowl cries quietly .	the bowl is quietly .
the picture exercises quietly .	the picture is quietly .
the fork reads carefully .	the fork was carefully .
the mirror talks quietly .	the mirror is quietly .
the mirror paints quickly .	the mirror is quickly .
the boat exercises perfectly .	the boat was perfectly .
the door talks really perfectly .	the door is really perfectly .
the ring exercises really perfectly .	the ring was really perfectly .
the book talks really really carefully .	the book is really really carefully .
the plane exercises quickly .	the plane is quickly .
the doll exercises carefully .	the doll is carefully .
the bowl reads very quietly .	the bowl is very quietly .
the bottle reads very very carefully .	the bottle was very very carefully .
the cup exercises carefully .	the cup was carefully .
the candle exercises really carefully .	the candle was really carefully .
the bag cries quietly .	the bag is quietly .
the shoe waves really really quickly .	the shoe is really really quickly .
the book reads very perfectly .	the book was very perfectly .
the car paints really really perfectly .	the car is really really perfectly .
the shirt exercises very very quickly .	the shirt was very very quickly .
the book sings really really slowly .	the book was really really slowly .
the crayon sings slowly .	the crayon was slowly .
the fork sings very very quietly .	the fork was very very quietly .
the shirt sings quietly .	the shirt is quietly .
the window paints very quickly .	the window was very quickly .
the toy waves really slowly .	the toy is really slowly .
the rocket paints very quietly .	the rocket was very quietly .
the couch talks really slowly .	the couch is really slowly .
the fork sings quietly .	the fork was quietly .
the mirror exercises really really carefully .	the mirror was really really carefully .
the bed talks very very quickly .	the bed was very very quickly .
the rocket sings perfectly .	the rocket is perfectly .
the fork talks quietly .	the fork was quietly .
the doll sings perfectly .	the doll is perfectly .
the cup exercises quietly .	the cup is quietly .
the car sings carefully .	the car is carefully .
the rug paints really carefully .	the rug was really carefully .
the door exercises slowly .	the door is slowly .
the chair cries very very quickly .	the chair was very very quickly .
the candle talks slowly .	the candle is slowly .
the doll cries quickly .	the doll was quickly .
the book cries very very quickly .	the book is very very quickly .
the doll talks perfectly .	the doll was perfectly .
the doll paints very quickly .	the doll is very quickly .
the truck waves very quietly .	the truck is very quietly .
the book reads quickly .	the book is quickly .
the doll paints quickly .	the doll was quickly .
the ship sings really quickly .	the ship was really quickly .
the mirror exercises really carefully .	the mirror is really carefully .
the bowl cries carefully .	the bowl was carefully .
the button reads slowly .	the button is slowly .
the fork talks really really perfectly .	the fork was really really perfectly .
the ship waves really really slowly .	the ship was really really slowly .
the car reads perfectly .	the car was perfectly .
the truck reads really really quietly .	the truck is really really quietly .
the hat exercises quickly .	the hat is quickly .
the doll talks carefully .	the doll is carefully .
the bed reads very very carefully .	the bed was very very carefully .
the bowl reads really really slowly .	the bowl was really really slowly .
the bag talks very very carefully .	the bag is very very carefully .
the book sings really perfectly .	the book was really perfectly .
the candle cries quietly .	the candle was quietly .
the car waves really perfectly .	the car was really perfectly .
the button sings quietly .	the button is quietly .
the doll waves slowly .	the doll is slowly .
the bowl paints very perfectly .	the bowl is very perfectly .
the box sings really really slowly .	the box is really really slowly .
the crayon paints very slowly .	the crayon was very slowly .
the book waves quickly .	the book was quickly .
the chair exercises perfectly .	the chair is perfectly .
the dish cries really really carefully .	the dish is really really carefully .
the fork talks really really quickly .	the fork is really really quickly .
the ship waves very very quickly .	the ship is very very quickly .
the crayon exercises perfectly .	the crayon is perfectly .
the window talks quickly .	the window is quickly .
the ship reads very carefully .	the ship was very carefully .
the ship cries perfectly .	the ship is perfectly .
the picture waves very slowly .	the picture was very slowly .
the crayon sings very carefully .	the crayon was very carefully .
the bed cries perfectly .	the bed is perfectly .
the plate cries really really quietly .	the plate was really really quietly .
the book reads carefully .	the book was carefully .
the mirror paints really really perfectly .	the mirror was really really perfectly .
the box waves quickly .	the box was quickly .
the book sings really quietly .	the book is really quietly .
the mirror reads really really quietly .	the mirror was really really quietly .
the bottle exercises slowly .	the bottle was slowly .
the box waves slowly .	the box is slowly .
the picture exercises slowly .	the picture is slowly .
the glass paints really really quickly .	the glass was really really quickly .
the couch reads very very carefully .	the couch was very very carefully .
the window cries very very quietly .	the window was very very quietly .
the bed sings quickly .	the bed is quickly .
the picture waves very quickly .	the picture was very quickly .
the ship exercises very quickly .	the ship was very quickly .
the boat waves very very slowly .	the boat is very very slowly .
the box cries very quickly .	the box was very quickly .
the ring sings really quietly .	the ring is really quietly .
the plate talks really quietly .	the plate is really quietly .
the chair talks very very perfectly .	the chair is very very perfectly .
the plane exercises really quickly .	the plane is really quickly .
the truck reads very quietly .	the truck is very quietly .
the shoe reads very carefully .	the shoe was very carefully .
the cup exercises really really carefully .	the cup is really really carefully .
the car talks really slowly .	the car was really slowly .
the rug talks really really quietly .	the rug was really really quietly .
the shoe waves very perfectly .	the shoe is very perfectly .
the couch paints really carefully .	the couch is really carefully .
the picture paints perfectly .	the picture was perfectly .
the rug waves quickly .	the rug was quickly .
the bottle exercises very very quietly .	the bottle is very very quietly .
the rug talks quickly .	the rug was quickly .
the window sings very slowly .	the window was very slowly .
the couch sings really quickly .	the couch was really quickly .
the bowl sings slowly .	the bowl was slowly .
the shoe paints really slowly .	the shoe was really slowly .
the chair paints really really quietly .	the chair is really really quietly .
the fork cries really slowly .	the fork is really slowly .
the cup paints very very quietly .	the cup is very very quietly .
the truck exercises really really perfectly .	the truck was really really perfectly .
the book sings perfectly .	the book is perfectly .
the plane cries perfectly .	the plane was perfectly .
the picture sings very slowly .	the picture was very slowly .
the car cries perfectly .	the car was perfectly .
the couch cries really quickly .	the couch is really quickly .
the rocket talks really really carefully .	the rocket is really really carefully .
the rug reads very very perfectly .	the rug is very very perfectly .
the button cries quietly .	the button is quietly .
the plane reads really really carefully .	the plane is really really carefully .
the bag sings really really quietly .	the bag was really really quietly .
the bottle paints really really slowly .	the bottle is really really slowly .
the ring paints slowly .	the ring was slowly .
the fork waves very carefully .	the fork is very carefully .
the door talks very very perfectly .	the door is very very perfectly .
the car cries really perfectly .	the car was really perfectly .
the chair waves quickly .	the chair was quickly .
the candle reads really slowly .	the candle is really slowly .
the bicycle waves quickly .	the bicycle was quickly .
the window exercises carefully .	the window is carefully .
the cup reads really really carefully .	the cup is really really carefully .
the hat cries really really quietly .	the hat is really really quietly .
the bottle paints very very carefully .	the bottle is very very carefully .
the fork waves very very quickly .	the fork was very very quickly .
the bottle reads really really perfectly .	the bottle is really really perfectly .
the bag reads perfectly .	the bag is perfectly .
the toy reads very very quickly .	the toy is very very quickly .
the book exercises really perfectly .	the book is really perfectly .
the spoon talks very quietly .	the spoon is very quietly .
the book exercises carefully .	the book was carefully .
the boat paints really really quietly .	the boat was really really quietly .
the ship exercises really really quickly .	the ship is really really quickly .
the book sings very slowly .	the book is very slowly .
the door exercises quickly .	the door was quickly .
the box waves carefully .	the box is carefully .
the book exercises carefully .	the book is carefully .
the hat cries quietly .	the hat is quietly .
the door cries slowly .	the door was slowly .
the mirror waves really really quietly .	the mirror is really really quietly .
the spoon paints quietly .	the spoon is quietly .
the bed waves very perfectly .	the bed is very perfectly .
the bottle exercises slowly .	the bottle is slowly .
the mirror waves perfectly .	the mirror was perfectly .
the shirt waves very quietly .	the shirt is very quietly .
the plate talks really slowly .	the plate was really slowly .
the fork reads very very quietly .	the fork is very very quietly .
the toy paints really really quickly .	the toy was really really quickly .
the ship cries really really perfectly .	the ship is really really perfectly .
the shirt reads really really carefully .	the shirt was really really carefully .
the fork waves really really quickly .	the fork was really really quickly .
the toy reads very very quickly .	the toy was very very quickly .
the mirror exercises really slowly .	the mirror is really slowly .
the bowl cries slowly .	the bowl is slowly .
the ring reads very carefully .	the ring is very carefully .
the spoon sings slowly .	the spoon was slowly .
the hat paints really quickly .	the hat was really quickly .
the car sings very very quickly .	the car is very very quickly .
the bed paints very very quietly .	the bed was very very quietly .
the picture talks perfectly .	the picture is perfectly .
the bed sings very very quickly .	the bed is very very quickly .
the dish exercises really really slowly .	the dish was really really slowly .
the button sings perfectly .	the button is perfectly .
the glass exercises quickly .	the glass is quickly .
the hat paints carefully .	the hat is carefully .
the book waves perfectly .	the book was perfectly .
the shirt exercises quickly .	the shirt is quickly .
the truck reads slowly .	the truck was slowly .
the crayon reads carefully .	the crayon is carefully .
the ship reads really really quickly .	the ship is really really quickly .
the couch exercises really quietly .	the couch was really quietly .
the mirror talks carefully .	the mirror was carefully .
the truck waves carefully .	the truck is carefully .
the button talks very perfectly .	the button is very perfectly .
the button talks really really slowly .	the button is really really slowly .
the candle sings perfectly .	the candle is perfectly .
the bed reads perfectly .	the bed is perfectly .
the cup paints very very slowly .	the cup was very very slowly .
the doll reads really quickly .	the doll is really quickly .
the book reads really quietly .	the book was really quietly .
the rocket paints very very quickly .	the rocket was very very quickly .
the spoon paints perfectly .	the spoon was perfectly .
the toy paints very very quietly .	the toy was very very quietly .
the spoon exercises really quietly .	the spoon is really quietly .
the box waves really quietly .	the box was really quietly .
the rug paints really really quietly .	the rug is really really quietly .
the dish sings very perfectly .	the dish is very perfectly .
the bed paints really quietly .	the bed was really quietly .
the car paints very very perfectly .	the car is very very perfectly .
the picture sings very very quickly .	the picture is very very quickly .
the hat sings very perfectly .	the hat is very perfectly .
the chair exercises really really quickly .	the chair is really really quickly .
the dish reads really really quickly .	the dish was really really quickly .
the ship cries really carefully .	the ship was really carefully .
the plane paints really really slowly .	the plane was really really slowly .
the dish sings very slowly .	the dish is very slowly .
the fork exercises quickly .	the fork was quickly .
the fork talks slowly .	the fork is slowly .
the glass talks slowly .	the glass was slowly .
the fork cries quietly .	the fork is quietly .
the bowl talks perfectly .	the bowl was perfectly .
the fork waves really really quietly .	the fork was really really quietly .
the bed waves quickly .	the bed was quickly .
the spoon talks very very carefully .	the spoon is very very carefully .
the cup cries very carefully .	the cup is very carefully .
the bed talks really perfectly .	the bed is really perfectly .
the door paints quickly .	the door was quickly .
the couch sings very perfectly .	the couch is very perfectly .
the shoe reads very very carefully .	the shoe was very very carefully .
the truck exercises carefully .	the truck is carefully .
the car reads quickly .	the car was quickly .
the button waves very very perfectly .	the button was very very perfectly .
the shirt cries quickly .	the shirt is quickly .
the truck talks perfectly .	the truck is perfectly .
the bottle reads perfectly .	the bottle was perfectly .
the rocket reads very very carefully .	the rocket was very very carefully .
the rug paints carefully .	the rug is carefully .
the truck cries very very carefully .	the truck is very very carefully .
the fork waves really perfectly .	the fork was really perfectly .
the dish talks really really slowly .	the dish was really really slowly .
the mirror cries slowly .	the mirror was slowly .
the box cries very perfectly .	the box was very perfectly .
the picture waves very quietly .	the picture is very quietly .
the mirror talks really really quickly .	the mirror was really really quickly .
the picture exercises really really quickly .	the picture was really really quickly .
the picture exercises very carefully .	the picture was very carefully .
the button reads very carefully .	the button was very carefully .
the boat reads really really perfectly .	the boat was really really perfectly .
the ring waves carefully .	the ring was carefully .
the spoon waves slowly .	the spoon was slowly .
the couch paints really really quietly .	the couch is really really quietly .
the plate cries very carefully .	the plate was very carefully .
the crayon reads quietly .	the crayon is quietly .
the picture cries really really quietly .	the picture was really really quietly .
the doll reads very very quietly .	the doll is very very quietly .
the bag exercises carefully .	the bag is carefully .
the ring exercises quietly .	the ring is quietly .
the plane sings quietly .	the plane is quietly .
the boat exercises really quietly .	the boat was really quietly .
the glass exercises really really quickly .	the glass was really really quickly .
the book paints really quickly .	the book was really quickly .
the cup talks very carefully .	the cup was very carefully .
the fork paints quickly .	the fork was quickly .
the spoon reads very very perfectly .	the spoon is very very perfectly .
the crayon reads slowly .	the crayon is slowly .
the toy talks quietly .	the toy is quietly .
the window cries very very quickly .	the window is very very quickly .
the toy talks quickly .	the toy was quickly .
the plane sings slowly .	the plane is slowly .
the candle sings really perfectly .	the candle is really perfectly .
the bicycle talks really really quietly .	the bicycle was really really quietly .
the box paints really quickly .	the box is really quickly .
the fork cries really really quickly .	the fork is really really quickly .
the glass reads very very perfectly .	the glass was very very perfectly .
the box paints quietly .	the box was quietly .
the hat waves really really perfectly .	the hat was really really perfectly .
the window reads really really perfectly .	the window was really really perfectly .
the glass reads quietly .	the glass is quietly .
the book cries very very quietly .	the book is very very quietly .
the rocket exercises really quietly .	the rocket was really quietly .
the picture talks very very perfectly .	the picture is very very perfectly .
the book reads very very slowly .	the book is very very slowly .
the ship cries really perfectly .	the ship is really perfectly .
the book talks very very carefully .	the book was very very carefully .
the boat paints very carefully .	the boat was very carefully .
the rug reads quietly .	the rug was quietly .
the crayon sings perfectly .	the crayon is perfectly .
the car waves very perfectly .	the car was very perfectly .
the boat sings very very carefully .	the boat is very very carefully .
the spoon cries really quickly .	the spoon is really quickly .
the shoe cries really really quietly .	the shoe is really really quietly .
the box reads quietly .	the box is quietly .
the car reads really really slowly .	the car was really really slowly .
the ship reads quietly .	the ship is quietly .
the car exercises very perfectly .	the car is very perfectly .
the plate reads very carefully .	the plate is very carefully .
the truck waves very very quickly .	the truck is very very quickly .
the ring waves very perfectly .	the ring was very perfectly .
the bed reads really slowly .	the bed was really slowly .
the bottle reads really really slowly .	the bottle is really really slowly .
the book paints quietly .	the book is quietly .
the bag cries really carefully .	the bag was really carefully .
the dish waves very perfectly .	the dish was very perfectly .
the fork cries really really perfectly .	the fork is really really perfectly .
the shoe talks really really quietly .	the shoe is really really quietly .
the toy waves very very quietly .	the toy was very very quietly .
the doll reads quickly .	the doll is quickly .
the book sings very very carefully .	the book is very very carefully .
the bowl talks very carefully .	the bowl was very carefully .
the chair sings really quietly .	the chair was really quietly .
the bowl cries very very slowly .	the bowl is very very slowly .
the couch talks slowly .	the couch was slowly .
the door cries quickly .	the door was quickly .
the ship exercises carefully .	the ship was carefully .
the bag reads really quietly .	the bag is really quietly .
the bed cries very very quietly .	the bed was very very quietly .
the bowl reads really really perfectly .	the bowl is really really perfectly .
the cup reads really really perfectly .	the cup was really really perfectly .
the bicycle talks quietly .	the bicycle was quietly .
the hat paints very very quickly .	the hat was very very quickly .
the picture sings very slowly .	the picture is very slowly .
the picture paints really quickly .	the picture was really quickly .
the toy talks very very perfectly .	the toy is very very perfectly .
the spoon exercises really really perfectly .	the spoon is really really perfectly .
the car waves very perfectly .	the car is very perfectly .
the box cries really perfectly .	the box was really perfectly .
the candle exercises really carefully .	the candle is really carefully .
the chair cries really slowly .	the chair is really slowly .
the plane paints very quickly .	the plane is very quickly .
the door talks really quickly .	the door was really quickly .
the fork reads quickly .	the fork was quickly .
the rug waves very quickly .	the rug is very quickly .
the dish talks perfectly .	the dish was perfectly .
the chair exercises really really carefully .	the chair is really really carefully .
the shoe sings really really quickly .	the shoe was really really quickly .
the fork waves really really carefully .	the fork is really really carefully .
the hat waves quietly .	the hat was quietly .
the rocket waves quietly .	the rocket is quietly .
the bicycle reads perfectly .	the bicycle is perfectly .
the button cries really really quickly .	the button was really really quickly .
the candle reads very very carefully .	the candle is very very carefully .
the chair reads very slowly .	the chair is very slowly .
the hat reads very quickly .	the hat was very quickly .
the rocket paints perfectly .	the rocket was perfectly .
the crayon cries very very carefully .	the crayon was very very carefully .
the spoon cries very very slowly .	the spoon is very very slowly .
the door reads very very perfectly .	the door was very very perfectly .
the rug reads very very perfectly .	the rug was very very perfectly .
the chair waves very very carefully .	the chair was very very carefully .
the crayon paints really slowly .	the crayon was really slowly .
the picture paints really really perfectly .	the picture was really really perfectly .
the cup reads quickly .	the cup is quickly .
the bottle reads quietly .	the bottle was quietly .
the shoe reads carefully .	the shoe was carefully .
