the shoe sent my dentist 's mom 's shirt the mirror .	the shoe kept my dentist 's mom 's shirt the mirror .
the plate gave my truck the hat .	the plate kept my truck the hat .
the book showed my dentist 's window the mirror .	the book shook my dentist 's window the mirror .
the cup sent my bowl the book .	the cup lost my bowl the book .
the doll bought your brother 's mother 's bed the bag .	the doll held your brother 's mother 's bed the bag .
the bag showed my mom 's friend 's glass the doll .	the bag kept my mom 's friend 's glass the doll .
the rocket gave your mom 's truck the shirt .	the rocket kept your mom 's truck the shirt .
the fork showed your cousin 's picture the book .	the fork kept your cousin 's picture the book .
the picture gave your rug the door .	the picture cleaned your rug the door .
the cup sent my cousin 's son 's door the truck .	the cup lost my cousin 's son 's door the truck .
the glass showed my dentist 's grandmother 's door the mirror .	the glass dropped my dentist 's grandmother 's door the mirror .
the rocket gave your mom 's mother 's spoon the spoon .	the rocket held your mom 's mother 's spoon the spoon .
the dish showed your doctor 's button the fork .	the dish lost your doctor 's button the fork .
the glass showed my mother 's doll the window .	the glass cleaned my mother 's doll the window .
the plate showed your glass the shirt .	the plate lost your glass the shirt .
the toy bought my husband 's picture the hat .	the toy kept my husband 's picture the hat .
the candle bought my car the truck .	the candle dropped my car the truck .
the truck sent your brother 's bottle the plane .	the truck held your brother 's bottle the plane .
the door showed my mirror the shirt .	the door lost my mirror the shirt .
the plane gave your husband 's glass the dish .	the plane lost your husband 's glass the dish .
the hat gave my mom 's bottle the mirror .	the hat cleaned my mom 's bottle the mirror .
the glass gave my toy the plane .	the glass dropped my toy the plane .
the box showed my father 's bowl the bicycle .	the box moved my father 's bowl the bicycle .
the crayon gave your car the truck .	the crayon kept your car the truck .
the spoon bought your bowl the dish .	the spoon kept your bowl the dish .
the doll showed your wife 's wife 's door the couch .	the doll kept your wife 's wife 's door the couch .
the bottle gave my crayon the bag .	the bottle kept my crayon the bag .
the bed bought your sister 's bicycle the book .	the bed dropped your sister 's bicycle the book .
the crayon sent your dentist 's grandmother 's crayon the rocket .	the crayon kept your dentist 's grandmother 's crayon the rocket .
the doll showed my doll the picture .	the doll shook my doll the picture .
the plane sent my dad 's spoon the crayon .	the plane kept my dad 's spoon the crayon .
the doll bought your boss 's glass the boat .	the doll lost your boss 's glass the boat .
the bicycle showed my book the shirt .	the bicycle cleaned my book the shirt .
the bag gave your friend 's son 's mirror the button .	the bag moved your friend 's son 's mirror the button .
the hat showed my son 's mother 's doll the plane .	the hat cleaned my son 's mother 's doll the plane .
the toy showed my boat the fork .	the toy dropped my boat the fork .
the shoe sent your shoe the door .	the shoe moved your shoe the door .
the bed gave my wife 's cup the candle .	the bed cleaned my wife 's cup the candle .
the dish showed your daughter 's ring the bed .	the dish cleaned your daughter 's ring the bed .
the toy bought your grandmother 's couch the bowl .	the toy moved your grandmother 's couch the bowl .
the plane sent your wife 's mother 's bicycle the plane .	the plane kept your wife 's mother 's bicycle the plane .
the couch gave my dad 's dish the shirt .	the couch lost my dad 's dish the shirt .
the toy sent your grandmother 's friend 's window the mirror .	the toy moved your grandmother 's friend 's window the mirror .
the fork showed your doctor 's button the window .	the fork held your doctor 's button the window .
the spoon gave your husband 's brother 's chair the shoe .	the spoon kept your husband 's brother 's chair the shoe .
the bottle showed my dentist 's toy the book .	the bottle kept my dentist 's toy the book .
the book showed your door the mirror .	the book held your door the mirror .
the bottle gave your friend 's candle the door .	the bottle held your friend 's candle the door .
the chair showed my dad 's brother 's truck the car .	the chair dropped my dad 's brother 's truck the car .
the hat bought my doctor 's brother 's fork the shoe .	the hat cleaned my doctor 's brother 's fork the shoe .
the door sent my wife 's bicycle the bed .	the door shook my wife 's bicycle the bed .
the spoon showed my fork the fork .	the spoon moved my fork the fork .
the doll bought my mother 's mirror the door .	the doll moved my mother 's mirror the door .
the rocket gave my son 's car the window .	the rocket moved my son 's car the window .
the bottle gave my wife 's sister 's ring the bicycle .	the bottle held my wife 's sister 's ring the bicycle .
the mirror sent your car the mirror .	the mirror cleaned your car the mirror .
the ship bought my husband 's husband 's book the boat .	the ship kept my husband 's husband 's book the boat .
the toy showed my boss 's couch the plane .	the toy moved my boss 's couch the plane .
the dish gave your cousin 's mother 's dish the glass .	the dish dropped your cousin 's mother 's dish the glass .
the cup gave my wife 's boss 's couch the button .	the cup dropped my wife 's boss 's couch the button .
the truck gave your doll the dish .	the truck dropped your doll the dish .
the window showed my fork the rug .	the window held my fork the rug .
the candle gave your glass the dish .	the candle dropped your glass the dish .
the plane bought your dad 's couch the book .	the plane held your dad 's couch the book .
the rocket gave your spoon the shirt .	the rocket dropped your spoon the shirt .
the fork showed my plate the bottle .	the fork moved my plate the bottle .
the bottle gave my friend 's friend 's bed the ring .	the bottle moved my friend 's friend 's bed the ring .
the couch sent your friend 's cousin 's book the button .	the couch moved your friend 's cousin 's book the button .
the button showed my boss 's glass the rocket .	the button moved my boss 's glass the rocket .
the bowl gave my chair the truck .	the bowl held my chair the truck .
the shoe sent my button the dish .	the shoe dropped my button the dish .
the bag gave your mom 's spoon the bottle .	the bag kept your mom 's spoon the bottle .
the truck bought your boss 's mother 's book the boat .	the truck dropped your boss 's mother 's book the boat .
the bed sent my dad 's door the doll .	the bed kept my dad 's door the doll .
the cup showed my dish the door .	the cup moved my dish the door .
the shirt sent your toy the car .	the shirt moved your toy the car .
the window gave your sister 's bag the spoon .	the window shook your sister 's bag the spoon .
the couch gave my husband 's doctor 's picture the rug .	the couch dropped my husband 's doctor 's picture the rug .
the fork bought my mom 's wife 's cup the door .	the fork cleaned my mom 's wife 's cup the door .
the button bought my wife 's mother 's rug the window .	the button moved my wife 's mother 's rug the window .
the box showed your spoon the car .	the box lost your spoon the car .
the ship sent my book the shoe .	the ship kept my book the shoe .
the window showed your daughter 's son 's cup the bag .	the window held your daughter 's son 's cup the bag .
the car showed my doctor 's hat the plate .	the car kept my doctor 's hat the plate .
the candle bought your teacher 's doll the mirror .	the candle lost your teacher 's doll the mirror .
the crayon sent your couch the mirror .	the crayon shook your couch the mirror .
the boat bought your son 's grandmother 's mirror the bottle .	the boat held your son 's grandmother 's mirror the bottle .
the bottle sent your cousin 's doctor 's chair the cup .	the bottle kept your cousin 's doctor 's chair the cup .
the book bought my dentist 's picture the car .	the book lost my dentist 's picture the car .
the hat sent my friend 's dentist 's doll the truck .	the hat lost my friend 's dentist 's doll the truck .
the doll showed your hat the rug .	the doll dropped your hat the rug .
the bowl bought my mother 's fork the spoon .	the bowl dropped my mother 's fork the spoon .
the button bought your window the window .	the button dropped your window the window .
the boat showed your dad 's boat the spoon .	the boat lost your dad 's boat the spoon .
the book sent my candle the truck .	the book dropped my candle the truck .
the door bought my dentist 's glass the window .	the door shook my dentist 's glass the window .
the book gave my son 's grandmother 's hat the rocket .	the book held my son 's grandmother 's hat the rocket .
the glass sent my daughter 's mom 's candle the shoe .	the glass cleaned my daughter 's mom 's candle the shoe .
the window showed your hat the glass .	the window kept your hat the glass .
the bowl showed my teacher 's bed the fork .	the bowl lost my teacher 's bed the fork .
the crayon showed my doctor 's grandmother 's plane the bowl .	the crayon cleaned my doctor 's grandmother 's plane the bowl .
the boat showed your dad 's toy the boat .	the boat lost your dad 's toy the boat .
the mirror bought my dish the box .	the mirror moved my dish the box .
the bed bought my teacher 's dentist 's shirt the spoon .	the bed cleaned my teacher 's dentist 's shirt the spoon .
the plate showed my wife 's car the doll .	the plate moved my wife 's car the doll .
the window gave your door the box .	the window moved your door the box .
the plane sent your dad 's friend 's bed the door .	the plane kept your dad 's friend 's bed the door .
the bed bought your ship the ring .	the bed dropped your ship the ring .
the book showed your sister 's daughter 's ship the hat .	the book moved your sister 's daughter 's ship the hat .
the bed bought your spoon the hat .	the bed cleaned your spoon the hat .
the toy gave your dentist 's mom 's plane the truck .	the toy lost your dentist 's mom 's plane the truck .
the box sent your teacher 's mother 's shoe the picture .	the box moved your teacher 's mother 's shoe the picture .
the crayon bought your mom 's teacher 's rocket the rocket .	the crayon kept your mom 's teacher 's rocket the rocket .
the couch gave my chair the shoe .	the couch held my chair the shoe .
the rocket showed my son 's button the cup .	the rocket shook my son 's button the cup .
the plate sent your wife 's boat the button .	the plate held your wife 's boat the button .
the ring sent your daughter 's husband 's bag the box .	the ring held your daughter 's husband 's bag the box .
the dish bought your grandmother 's mom 's rocket the crayon .	the dish cleaned your grandmother 's mom 's rocket the crayon .
the door gave your book the ring .	the door dropped your book the ring .
the truck showed your wife 's friend 's chair the couch .	the truck held your wife 's friend 's chair the couch .
the dish bought my mom 's book the chair .	the dish moved my mom 's book the chair .
the bed bought your teacher 's daughter 's box the glass .	the bed lost your teacher 's daughter 's box the glass .
the mirror gave your ring the car .	the mirror shook your ring the car .
the dish showed your daughter 's shirt the mirror .	the dish lost your daughter 's shirt the mirror .
the truck sent your husband 's brother 's dish the bag .	the truck lost your husband 's brother 's dish the bag .
the fork bought your wife 's button the rug .	the fork kept your wife 's button the rug .
the toy sent your mom 's car the mirror .	the toy cleaned your mom 's car the mirror .
the dish gave my grandmother 's dentist 's shirt the button .	the dish moved my grandmother 's dentist 's shirt the button .
the book gave my picture the fork .	the book cleaned my picture the fork .
the crayon sent my brother 's glass the box .	the crayon dropped my brother 's glass the box .
the door showed your cousin 's chair the bicycle .	the door lost your cousin 's chair the bicycle .
the truck bought your door the candle .	the truck moved your door the candle .
the button gave my bottle the book .	the button held my bottle the book .
the couch gave your daughter 's mirror the fork .	the couch shook your daughter 's mirror the fork .
the spoon bought my couch the bed .	the spoon shook my couch the bed .
the bicycle sent my friend 's dish the spoon .	the bicycle lost my friend 's dish the spoon .
the chair gave your grandmother 's car the glass .	the chair held your grandmother 's car the glass .
the ring gave your doctor 's ship the boat .	the ring dropped your doctor 's ship the boat .
the dish gave my mirror the box .	the dish held my mirror the box .
the button showed your daughter 's chair the bag .	the button moved your daughter 's chair the bag .
the door gave my mom 's dentist 's bowl the book .	the door cleaned my mom 's dentist 's bowl the book .
the window bought your glass the plate .	the window held your glass the plate .
the doll gave my friend 's ring the bicycle .	the doll moved my friend 's ring the bicycle .
the bowl bought your bicycle the mirror .	the bowl lost your bicycle the mirror .
the window sent my plate the candle .	the window held my plate the candle .
the car bought your sister 's rocket the button .	the car cleaned your sister 's rocket the button .
the button bought my sister 's friend 's bed the crayon .	the button kept my sister 's friend 's bed the crayon .
the bag sent your button the car .	the bag shook your button the car .
the hat gave your dad 's daughter 's bicycle the bicycle .	the hat moved your dad 's daughter 's bicycle the bicycle .
the door showed my cousin 's doctor 's cup the rug .	the door cleaned my cousin 's doctor 's cup the rug .
the bottle bought my dentist 's box the crayon .	the bottle cleaned my dentist 's box the crayon .
the bed sent your doll the car .	the bed kept your doll the car .
the mirror bought your couch the candle .	the mirror kept your couch the candle .
the dish sent your son 's shirt the button .	the dish dropped your son 's shirt the button .
the dish showed my daughter 's son 's spoon the bottle .	the dish moved my daughter 's son 's spoon the bottle .
the dish bought your dad 's sister 's doll the fork .	the dish moved your dad 's sister 's doll the fork .
the truck gave my teacher 's rocket the button .	the truck cleaned my teacher 's rocket the button .
the picture bought my cousin 's bottle the chair .	the picture dropped my cousin 's bottle the chair .
the shoe bought my mom 's grandmother 's mirror the cup .	the shoe dropped my mom 's grandmother 's mirror the cup .
the ring sent my dentist 's grandmother 's window the truck .	the ring kept my dentist 's grandmother 's window the truck .
the button sent my hat the fork .	the button lost my hat the fork .
the book showed your rocket the door .	the book kept your rocket the door .
the doll gave my son 's picture the boat .	the doll kept my son 's picture the boat .
the door gave your dad 's grandmother 's rocket the picture .	the door cleaned your dad 's grandmother 's rocket the picture .
the ship bought my grandmother 's boss 's shoe the fork .	the ship dropped my grandmother 's boss 's shoe the fork .
the bicycle showed my grandmother 's doctor 's dish the crayon .	the bicycle cleaned my grandmother 's doctor 's dish the crayon .
the crayon bought my mom 's dentist 's window the car .	the crayon cleaned my mom 's dentist 's window the car .
the bed bought my teacher 's candle the bed .	the bed moved my teacher 's candle the bed .
the picture gave my box the toy .	the picture shook my box the toy .
the door bought your ring the candle .	the door shook your ring the candle .
the box gave your wife 's teacher 's bowl the box .	the box dropped your wife 's teacher 's bowl the box .
the dish gave your mom 's father 's toy the crayon .	the dish dropped your mom 's father 's toy the crayon .
the boat bought my book the door .	the boat kept my book the door .
the plate sent my boss 's dentist 's boat the glass .	the plate cleaned my boss 's dentist 's boat the glass .
the candle sent my wife 's wife 's book the window .	the candle lost my wife 's wife 's book the window .
the picture showed your bag the dish .	the picture shook your bag the dish .
the car showed my plate the car .	the car kept my plate the car .
the chair showed your grandmother 's cousin 's candle the boat .	the chair held your grandmother 's cousin 's candle the boat .
the book showed your boat the plane .	the book kept your boat the plane .
the box sent my father 's plane the bed .	the box dropped my father 's plane the bed .
the bowl gave your mother 's truck the spoon .	the bowl held your mother 's truck the spoon .
the candle showed your father 's rocket the button .	the candle held your father 's rocket the button .
the candle gave your cup the plane .	the candle kept your cup the plane .
the couch sent my chair the crayon .	the couch dropped my chair the crayon .
the picture showed my boss 's friend 's bicycle the crayon .	the picture shook my boss 's friend 's bicycle the crayon .
the plane showed my dad 's hat the hat .	the plane kept my dad 's hat the hat .
the ship showed your father 's bed the boat .	the ship lost your father 's bed the boat .
the truck gave your dad 's book the couch .	the truck kept your dad 's book the couch .
the bottle showed my book the ring .	the bottle kept my book the ring .
the truck bought your plane the cup .	the truck kept your plane the cup .
the chair showed your teacher 's fork the car .	the chair dropped your teacher 's fork the car .
the plate bought your wife 's husband 's fork the ship .	the plate moved your wife 's husband 's fork the ship .
the ship showed your mother 's son 's plate the bowl .	the ship kept your mother 's son 's plate the bowl .
the box showed my husband 's mother 's chair the bowl .	the box held my husband 's mother 's chair the bowl .
the candle showed my son 's teacher 's glass the rug .	the candle shook my son 's teacher 's glass the rug .
the plane showed your dentist 's friend 's shoe the car .	the plane lost your dentist 's friend 's shoe the car .
the car showed your car the rocket .	the car kept your car the rocket .
the plane bought your father 's book the chair .	the plane held your father 's book the chair .
the ship gave your ring the crayon .	the ship held your ring the crayon .
the window bought my friend 's plane the toy .	the window held my friend 's plane the toy .
the bag bought your brother 's dad 's bed the car .	the bag moved your brother 's dad 's bed the car .
the glass showed your son 's son 's door the crayon .	the glass held your son 's son 's door the crayon .
the button sent your rug the plate .	the button kept your rug the plate .
the picture showed my daughter 's button the ring .	the picture shook my daughter 's button the ring .
the hat bought your glass the shoe .	the hat held your glass the shoe .
the plate showed your brother 's plane the ship .	the plate held your brother 's plane the ship .
the book showed my daughter 's crayon the fork .	the book cleaned my daughter 's crayon the fork .
the crayon showed my wife 's couch the cup .	the crayon dropped my wife 's couch the cup .
the cup sent your dad 's window the chair .	the cup held your dad 's window the chair .
the couch bought my ring the doll .	the couch kept my ring the doll .
the bag showed your chair the toy .	the bag dropped your chair the toy .
the box gave your daughter 's dish the window .	the box cleaned your daughter 's dish the window .
the rug gave my daughter 's car the shoe .	the rug cleaned my daughter 's car the shoe .
the shoe bought your cousin 's boss 's rug the doll .	the shoe shook your cousin 's boss 's rug the doll .
the bag showed your sister 's doctor 's plate the car .	the bag cleaned your sister 's doctor 's plate the car .
the fork bought my father 's teacher 's bowl the bag .	the fork shook my father 's teacher 's bowl the bag .
the boat bought my bicycle the spoon .	the boat held my bicycle the spoon .
the spoon showed your grandmother 's truck the plate .	the spoon held your grandmother 's truck the plate .
the doll sent your friend 's friend 's rug the window .	the doll kept your friend 's friend 's rug the window .
the glass showed my husband 's fork the button .	the glass shook my husband 's fork the button .
the mirror sent your cousin 's mother 's bicycle the doll .	the mirror cleaned your cousin 's mother 's bicycle the doll .
the car showed my friend 's shoe the picture .	the car cleaned my friend 's shoe the picture .
the doll gave my friend 's bottle the doll .	the doll moved my friend 's bottle the doll .
the plane bought my mother 's cousin 's ring the chair .	the plane moved my mother 's cousin 's ring the chair .
the bag gave your couch the box .	the bag lost your couch the box .
the bottle sent my son 's shirt the bag .	the bottle held my son 's shirt the bag .
the doll showed your cousin 's candle the shirt .	the doll moved your cousin 's candle the shirt .
the rug sent your bed the truck .	the rug shook your bed the truck .
the book sent my candle the boat .	the book lost my candle the boat .
the window bought your teacher 's mother 's book the window .	the window moved your teacher 's mother 's book the window .
the shoe gave my doctor 's car the car .	the shoe moved my doctor 's car the car .
the couch showed your son 's shirt the window .	the couch kept your son 's shirt the window .
the hat showed my plate the toy .	the hat shook my plate the toy .
the bicycle sent your spoon the boat .	the bicycle lost your spoon the boat .
the plate gave my book the candle .	the plate dropped my book the candle .
the plate gave my bag the bowl .	the plate shook my bag the bowl .
the car sent your cousin 's brother 's rug the mirror .	the car moved your cousin 's brother 's rug the mirror .
the candle bought your rug the car .	the candle dropped your rug the car .
the bag showed your teacher 's cousin 's ring the bowl .	the bag lost your teacher 's cousin 's ring the bowl .
the book gave my brother 's wife 's shoe the bed .	the book lost my brother 's wife 's shoe the bed .
the bicycle gave my daughter 's son 's shoe the candle .	the bicycle dropped my daughter 's son 's shoe the candle .
the picture bought your daughter 's box the fork .	the picture kept your daughter 's box the fork .
the spoon gave my dentist 's doll the glass .	the spoon shook my dentist 's doll the glass .
the toy bought your doctor 's fork the bag .	the toy shook your doctor 's fork the bag .
the rug showed my ship the candle .	the rug cleaned my ship the candle .
the ship showed my bowl the picture .	the ship shook my bowl the picture .
the truck sent my dentist 's toy the plane .	the truck cleaned my dentist 's toy the plane .
the rocket sent your teacher 's spoon the cup .	the rocket cleaned your teacher 's spoon the cup .
the dish sent your bed the mirror .	the dish lost your bed the mirror .
the ring gave my rocket the ring .	the ring lost my rocket the ring .
the bicycle gave your son 's door the car .	the bicycle held your son 's door the car .
the candle showed my son 's chair the ring .	the candle shook my son 's chair the ring .
the bag bought your ring the chair .	the bag held your ring the chair .
the plane sent my wife 's doctor 's crayon the glass .	the plane kept my wife 's doctor 's crayon the glass .
the fork sent your cousin 's teacher 's bottle the bag .	the fork moved your cousin 's teacher 's bottle the bag .
the shoe showed your bowl the couch .	the shoe cleaned your bowl the couch .
the window gave my mirror the chair .	the window shook my mirror the chair .
the toy bought your teacher 's ring the candle .	the toy dropped your teacher 's ring the candle .
the candle showed my candle the ship .	the candle cleaned my candle the ship .
the box bought your couch the glass .	the box moved your couch the glass .
the car bought my cousin 's hat the button .	the car lost my cousin 's hat the button .
the button bought your wife 's daughter 's boat the book .	the button kept your wife 's daughter 's boat the book .
the bag showed your couch the book .	the bag kept your couch the book .
the plane bought your ship the picture .	the plane dropped your ship the picture .
the hat showed my mother 's wife 's fork the spoon .	the hat moved my mother 's wife 's fork the spoon .
the candle gave your son 's door the bag .	the candle lost your son 's door the bag .
the ring bought my sister 's sister 's mirror the ship .	the ring moved my sister 's sister 's mirror the ship .
the plane showed my bowl the mirror .	the plane kept my bowl the mirror .
the chair bought my hat the ring .	the chair held my hat the ring .
the plate sent my hat the bag .	the plate dropped my hat the bag .
the ship showed your spoon the door .	the ship kept your spoon the door .
the mirror sent your ring the couch .	the mirror shook your ring the couch .
the ring bought my husband 's daughter 's ship the box .	the ring cleaned my husband 's daughter 's ship the box .
the chair showed your dad 's chair the toy .	the chair shook your dad 's chair the toy .
the cup sent my cousin 's sister 's box the bowl .	the cup moved my cousin 's sister 's box the bowl .
the hat gave my dentist 's rug the spoon .	the hat moved my dentist 's rug the spoon .
the picture gave your sister 's friend 's doll the candle .	the picture lost your sister 's friend 's doll the candle .
the box gave your dad 's spoon the hat .	the box shook your dad 's spoon the hat .
the shoe bought my door the shoe .	the shoe dropped my door the shoe .
the bowl sent my rocket the plate .	the bowl held my rocket the plate .
the boat bought your friend 's fork the truck .	the boat dropped your friend 's fork the truck .
the book bought my crayon the bicycle .	the book shook my crayon the bicycle .
the chair gave your father 's book the window .	the chair lost your father 's book the window .
the car gave my dad 's cup the picture .	the car kept my dad 's cup the picture .
the ring sent my brother 's dentist 's spoon the window .	the ring moved my brother 's dentist 's spoon the window .
the spoon bought your father 's shoe the ring .	the spoon kept your father 's shoe the ring .
the truck showed my dad 's car the truck .	the truck held my dad 's car the truck .
the ship showed my daughter 's brother 's toy the spoon .	the ship lost my daughter 's brother 's toy the spoon .
the chair gave your dad 's brother 's toy the ring .	the chair kept your dad 's brother 's toy the ring .
the dish gave your father 's crayon the shirt .	the dish kept your father 's crayon the shirt .
the truck sent my brother 's husband 's mirror the ship .	the truck shook my brother 's husband 's mirror the ship .
the box sent my cousin 's bed the button .	the box kept my cousin 's bed the button .
the dish sent my bed the couch .	the dish dropped my bed the couch .
the glass sent your son 's wife 's car the bicycle .	the glass kept your son 's wife 's car the bicycle .
the door sent your boss 's doctor 's shoe the bag .	the door dropped your boss 's doctor 's shoe the bag .
the car sent my cousin 's book the fork .	the car lost my cousin 's book the fork .
the glass showed your friend 's car the bed .	the glass dropped your friend 's car the bed .
the bed showed your husband 's friend 's crayon the crayon .	the bed lost your husband 's friend 's crayon the crayon .
the bottle showed my grandmother 's sister 's rug the box .	the bottle dropped my grandmother 's sister 's rug the box .
the rocket gave your dad 's brother 's ship the car .	the rocket cleaned your dad 's brother 's ship the car .
the rug gave your father 's box the door .	the rug kept your father 's box the door .
the rocket showed my wife 's bicycle the ring .	the rocket shook my wife 's bicycle the ring .
the car showed your mother 's teacher 's ring the hat .	the car moved your mother 's teacher 's ring the hat .
the plate sent your hat the picture .	the plate held your hat the picture .
the bottle gave my rocket the spoon .	the bottle cleaned my rocket the spoon .
the car showed my wife 's brother 's shoe the bowl .	the car moved my wife 's brother 's shoe the bowl .
the boat showed my bed the bottle .	the boat moved my bed the bottle .
the cup bought my cousin 's son 's mirror the window .	the cup shook my cousin 's son 's mirror the window .
the hat gave your shoe the crayon .	the hat cleaned your shoe the crayon .
the mirror bought my father 's dad 's ring the mirror .	the mirror held my father 's dad 's ring the mirror .
the ring bought my plane the bicycle .	the ring held my plane the bicycle .
the book gave my fork the car .	the book kept my fork the car .
the glass showed your wife 's dentist 's glass the boat .	the glass moved your wife 's dentist 's glass the boat .
the box sent my grandmother 's mother 's book the car .	the box cleaned my grandmother 's mother 's book the car .
the truck showed your cousin 's boat the cup .	the truck moved your cousin 's boat the cup .
the crayon bought your teacher 's dad 's bicycle the chair .	the crayon dropped your teacher 's dad 's bicycle the chair .
the dish gave your brother 's friend 's boat the truck .	the dish kept your brother 's friend 's boat the truck .
the doll gave your dentist 's box the bed .	the doll dropped your dentist 's box the bed .
the rug showed my boss 's mirror the truck .	the rug held my boss 's mirror the truck .
the bowl showed your wife 's dad 's glass the spoon .	the bowl cleaned your wife 's dad 's glass the spoon .
the crayon gave your doctor 's mirror the bowl .	the crayon held your doctor 's mirror the bowl .
the spoon showed my boss 's glass the cup .	the spoon dropped my boss 's glass the cup .
the plate gave your son 's box the rug .	the plate kept your son 's box the rug .
the spoon gave my wife 's bottle the rug .	the spoon shook my wife 's bottle the rug .
the hat gave your teacher 's boat the glass .	the hat shook your teacher 's boat the glass .
the spoon showed my rug the bicycle .	the spoon dropped my rug the bicycle .
the shoe sent your husband 's mirror the couch .	the shoe cleaned your husband 's mirror the couch .
the picture gave my bicycle the window .	the picture held my bicycle the window .
the car sent your bicycle the bicycle .	the car moved your bicycle the bicycle .
the candle sent my book the car .	the candle lost my book the car .
the glass bought my sister 's bicycle the bicycle .	the glass held my sister 's bicycle the bicycle .
the plate gave my son 's spoon the rocket .	the plate kept my son 's spoon the rocket .
the rug bought your mom 's cousin 's couch the rug .	the rug dropped your mom 's cousin 's couch the rug .
the bed bought your doll the mirror .	the bed shook your doll the mirror .
the plate gave my book the bottle .	the plate shook my book the bottle .
the book sent your hat the bowl .	the book kept your hat the bowl .
the book gave my chair the toy .	the book kept my chair the toy .
the ring sent my box the bottle .	the ring cleaned my box the bottle .
the bag bought your bed the bowl .	the bag kept your bed the bowl .
the cup sent my bag the plate .	the cup cleaned my bag the plate .
the candle bought your sister 's mother 's hat the rocket .	the candle shook your sister 's mother 's hat the rocket .
the bowl bought your dad 's grandmother 's spoon the hat .	the bowl lost your dad 's grandmother 's spoon the hat .
the car showed your fork the car .	the car shook your fork the car .
the dish showed your doctor 's bicycle the rocket .	the dish moved your doctor 's bicycle the rocket .
the bowl gave your friend 's button the mirror .	the bowl dropped your friend 's button the mirror .
the car gave my crayon the ship .	the car lost my crayon the ship .
the ring bought my grandmother 's mirror the dish .	the ring kept my grandmother 's mirror the dish .
the glass bought your mom 's mirror the hat .	the glass held your mom 's mirror the hat .
the candle gave your doctor 's grandmother 's chair the car .	the candle dropped your doctor 's grandmother 's chair the car .
the glass showed your bag the cup .	the glass lost your bag the cup .
the dish sent your couch the fork .	the dish dropped your couch the fork .
the candle bought your brother 's mother 's door the ship .	the candle moved your brother 's mother 's door the ship .
the rug bought my wife 's friend 's plane the plane .	the rug shook my wife 's friend 's plane the plane .
the cup showed your picture the plane .	the cup moved your picture the plane .
the bed showed your mother 's bottle the doll .	the bed dropped your mother 's bottle the doll .
the plane gave my glass the boat .	the plane shook my glass the boat .
the cup showed your friend 's husband 's plate the truck .	the cup moved your friend 's husband 's plate the truck .
the dish bought my dish the dish .	the dish shook my dish the dish .
the bottle gave my friend 's mom 's car the car .	the bottle moved my friend 's mom 's car the car .
the truck gave your daughter 's dentist 's boat the ship .	the truck moved your daughter 's dentist 's boat the ship .
the spoon sent your plane the button .	the spoon dropped your plane the button .
the glass sent your glass the shirt .	the glass kept your glass the shirt .
the button bought your box the plate .	the button held your box the plate .
the chair bought my boss 's cousin 's shoe the boat .	the chair cleaned my boss 's cousin 's shoe the boat .
the couch bought your shoe the bag .	the couch dropped your shoe the bag .
the bag sent my teacher 's teacher 's bowl the car .	the bag dropped my teacher 's teacher 's bowl the car .
the fork gave my mom 's husband 's chair the boat .	the fork kept my mom 's husband 's chair the boat .
the bicycle sent my son 's bowl the ship .	the bicycle shook my son 's bowl the ship .
the ring showed my husband 's book the bed .	the ring held my husband 's book the bed .
the bicycle sent my brother 's chair the ship .	the bicycle cleaned my brother 's chair the ship .
the ring showed my plate the plate .	the ring lost my plate the plate .
the bag sent my dad 's rocket the crayon .	the bag dropped my dad 's rocket the crayon .
the mirror bought my doctor 's spoon the candle .	the mirror held my doctor 's spoon the candle .
the truck showed your window the rug .	the truck lost your window the rug .
the window sent your doctor 's mother 's bed the candle .	the window moved your doctor 's mother 's bed the candle .
the window bought my doctor 's ring the car .	the window cleaned my doctor 's ring the car .
the book sent your mom 's dad 's truck the rocket .	the book cleaned your mom 's dad 's truck the rocket .
the bag sent your teacher 's bowl the bowl .	the bag kept your teacher 's bowl the bowl .
the boat showed my door the bicycle .	the boat kept my door the bicycle .
the shirt bought my candle the bottle .	the shirt lost my candle the bottle .
the mirror sent my doctor 's ship the bicycle .	the mirror shook my doctor 's ship the bicycle .
the dish sent your cousin 's cousin 's chair the truck .	the dish lost your cousin 's cousin 's chair the truck .
the spoon gave your boss 's friend 's crayon the bowl .	the spoon dropped your boss 's friend 's crayon the bowl .
the bicycle sent my grandmother 's box the car .	the bicycle lost my grandmother 's box the car .
the spoon bought my dentist 's dad 's plate the shirt .	the spoon cleaned my dentist 's dad 's plate the shirt .
the fork gave your crayon the boat .	the fork lost your crayon the boat .
the plate showed your rug the box .	the plate shook your rug the box .
the bicycle sent my son 's candle the plate .	the bicycle kept my son 's candle the plate .
the candle showed your mom 's book the bicycle .	the candle lost your mom 's book the bicycle .
the bottle bought my shirt the bottle .	the bottle lost my shirt the bottle .
the book gave my sister 's button the couch .	the book cleaned my sister 's button the couch .
the chair bought your mom 's sister 's crayon the bed .	the chair lost your mom 's sister 's crayon the bed .
the cup showed your car the spoon .	the cup cleaned your car the spoon .
the mirror gave my son 's teacher 's fork the car .	the mirror kept my son 's teacher 's fork the car .
the chair showed my box the button .	the chair moved my box the button .
the cup showed my sister 's car the glass .	the cup lost my sister 's car the glass .
the plate bought my father 's dad 's bag the bottle .	the plate lost my father 's dad 's bag the bottle .
the doll bought my dentist 's cousin 's couch the candle .	the doll lost my dentist 's cousin 's couch the candle .
the rug bought your bicycle the car .	the rug lost your bicycle the car .
the shoe showed your dad 's cup the bottle .	the shoe lost your dad 's cup the bottle .
the shoe gave my window the doll .	the shoe held my window the doll .
the spoon bought my daughter 's boat the book .	the spoon shook my daughter 's boat the book .
the spoon bought my sister 's grandmother 's boat the glass .	the spoon shook my sister 's grandmother 's boat the glass .
the toy gave my sister 's fork the bed .	the toy kept my sister 's fork the bed .
the bed gave my doll the ring .	the bed kept my doll the ring .
the button showed my dad 's bed the shirt .	the button held my dad 's bed the shirt .
the rug gave my son 's mirror the bowl .	the rug shook my son 's mirror the bowl .
the doll bought my cousin 's brother 's picture the plate .	the doll lost my cousin 's brother 's picture the plate .
the boat bought your wife 's bottle the spoon .	the boat dropped your wife 's bottle the spoon .
the candle gave my friend 's box the spoon .	the candle lost my friend 's box the spoon .
the book bought your teacher 's dentist 's crayon the shoe .	the book kept your teacher 's dentist 's crayon the shoe .
the candle bought my mom 's grandmother 's picture the fork .	the candle moved my mom 's grandmother 's picture the fork .
the bicycle gave your husband 's sister 's box the crayon .	the bicycle cleaned your husband 's sister 's box the crayon .
the fork bought my mom 's picture the door .	the fork shook my mom 's picture the door .
the bicycle showed your wife 's grandmother 's hat the plate .	the bicycle held your wife 's grandmother 's hat the plate .
the fork showed my dad 's wife 's fork the rocket .	the fork moved my dad 's wife 's fork the rocket .
the book showed your son 's sister 's book the shoe .	the book lost your son 's sister 's book the shoe .
the plane sent my daughter 's picture the car .	the plane moved my daughter 's picture the car .
the rocket bought my teacher 's book the picture .	the rocket cleaned my teacher 's book the picture .
the car bought your boss 's car the bicycle .	the car cleaned your boss 's car the bicycle .
the shoe gave my friend 's cousin 's button the bowl .	the shoe moved my friend 's cousin 's button the bowl .
the rug bought my cousin 's wife 's cup the chair .	the rug moved my cousin 's wife 's cup the chair .
the glass bought my bowl the cup .	the glass held my bowl the cup .
the doll showed your sister 's teacher 's glass the dish .	the doll shook your sister 's teacher 's glass the dish .
the plate showed your mother 's rug the bicycle .	the plate held your mother 's rug the bicycle .
the bicycle showed my wife 's hat the car .	the bicycle shook my wife 's hat the car .
the doll gave your button the door .	the doll cleaned your button the door .
the bicycle showed my picture the bottle .	the bicycle kept my picture the bottle .
the plane gave your daughter 's wife 's chair the car .	the plane lost your daughter 's wife 's chair the car .
the window sent your friend 's candle the bottle .	the window lost your friend 's candle the bottle .
the doll gave my dentist 's plane the door .	the doll held my dentist 's plane the door .
the button bought my glass the book .	the button moved my glass the book .
the mirror showed your rug the window .	the mirror kept your rug the window .
the dish sent your friend 's brother 's ship the box .	the dish moved your friend 's brother 's ship the box .
the car bought my car the chair .	the car kept my car the chair .
the chair showed my bed the rocket .	the chair lost my bed the rocket .
the picture sent your grandmother 's doctor 's ship the plate .	the picture cleaned your grandmother 's doctor 's ship the plate .
the rocket sent my bicycle the bottle .	the rocket cleaned my bicycle the bottle .
the boat showed your chair the rug .	the boat dropped your chair the rug .
the shoe gave my boss 's picture the bowl .	the shoe cleaned my boss 's picture the bowl .
the car gave your bed the glass .	the car kept your bed the glass .
the ring showed your cousin 's grandmother 's candle the car .	the ring kept your cousin 's grandmother 's candle the car .
the dish showed your rocket the bag .	the dish cleaned your rocket the bag .
the bicycle showed my dad 's mother 's ring the ship .	the bicycle kept my dad 's mother 's ring the ship .
the bed gave my door the couch .	the bed cleaned my door the couch .
the couch gave your spoon the mirror .	the couch dropped your spoon the mirror .
the spoon sent your dentist 's husband 's couch the candle .	the spoon shook your dentist 's husband 's couch the candle .
the ship showed my doctor 's bottle the bowl .	the ship moved my doctor 's bottle the bowl .
the crayon sent your teacher 's husband 's plate the glass .	the crayon shook your teacher 's husband 's plate the glass .
the car bought your cousin 's truck the truck .	the car shook your cousin 's truck the truck .
the chair sent your mom 's candle the rug .	the chair kept your mom 's candle the rug .
the book sent my mom 's brother 's door the couch .	the book dropped my mom 's brother 's door the couch .
the fork showed your car the rug .	the fork dropped your car the rug .
the door bought my boss 's grandmother 's plate the window .	the door cleaned my boss 's grandmother 's plate the window .
the toy sent your mother 's window the book .	the toy held your mother 's window the book .
the spoon bought your grandmother 's dish the bag .	the spoon dropped your grandmother 's dish the bag .
the ring sent my door the crayon .	the ring lost my door the crayon .
the rug sent your wife 's grandmother 's rocket the car .	the rug moved your wife 's grandmother 's rocket the car .
the glass sent your mother 's bottle the rocket .	the glass dropped your mother 's bottle the rocket .
the ship sent my cousin 's dad 's mirror the shirt .	the ship cleaned my cousin 's dad 's mirror the shirt .
the rug sent my daughter 's mother 's shirt the picture .	the rug shook my daughter 's mother 's shirt the picture .
the candle gave your husband 's son 's book the glass .	the candle lost your husband 's son 's book the glass .
the book gave your teacher 's ring the spoon .	the book kept your teacher 's ring the spoon .
the glass bought my husband 's dentist 's door the ship .	the glass held my husband 's dentist 's door the ship .
the box bought my door the toy .	the box moved my door the toy .
the crayon bought my dad 's grandmother 's plane the couch .	the crayon kept my dad 's grandmother 's plane the couch .
the cup gave my father 's bag the picture .	the cup cleaned my father 's bag the picture .
the boat showed my son 's husband 's window the cup .	the boat kept my son 's husband 's window the cup .
the couch gave your bowl the button .	the couch held your bowl the button .
the door showed your bottle the plane .	the door moved your bottle the plane .
the button showed your mom 's son 's spoon the window .	the button kept your mom 's son 's spoon the window .
the hat bought my grandmother 's plate the chair .	the hat kept my grandmother 's plate the chair .
the shirt gave your daughter 's fork the rocket .	the shirt dropped your daughter 's fork the rocket .
the bicycle gave your friend 's sister 's couch the plane .	the bicycle moved your friend 's sister 's couch the plane .
the toy bought your grandmother 's cousin 's ship the bicycle .	the toy moved your grandmother 's cousin 's ship the bicycle .
the bicycle gave your chair the book .	the bicycle kept your chair the book .
the shoe bought your grandmother 's window the doll .	the shoe lost your grandmother 's window the doll .
the mirror sent my dentist 's boss 's car the ring .	the mirror cleaned my dentist 's boss 's car the ring .
the shoe showed your shirt the couch .	the shoe dropped your shirt the couch .
the book gave your dentist 's rug the ship .	the book kept your dentist 's rug the ship .
the couch gave my button the hat .	the couch moved my button the hat .
the hat sent your bag the window .	the hat held your bag the window .
the bicycle bought my fork the bag .	the bicycle cleaned my fork the bag .
the door bought your spoon the dish .	the door held your spoon the dish .
the ship showed my mother 's crayon the candle .	the ship lost my mother 's crayon the candle .
the chair sent my dish the bowl .	the chair held my dish the bowl .
the couch showed your grandmother 's friend 's bowl the plate .	the couch dropped your grandmother 's friend 's bowl the plate .
the box bought your door the dish .	the box shook your door the dish .
the car showed my doctor 's ship the ship .	the car lost my doctor 's ship the ship .
the bottle sent your cousin 's father 's plate the window .	the bottle cleaned your cousin 's father 's plate the window .
the fork sent your father 's bowl the fork .	the fork shook your father 's bowl the fork .
the plate gave my picture the ship .	the plate moved my picture the ship .
the cup bought my door the couch .	the cup moved my door the couch .
the rug sent my doctor 's picture the plate .	the rug moved my doctor 's picture the plate .
the bottle showed your mother 's doctor 's plate the truck .	the bottle cleaned your mother 's doctor 's plate the truck .
the plane gave your couch the bowl .	the plane dropped your couch the bowl .
the candle showed your wife 's brother 's plate the car .	the candle lost your wife 's brother 's plate the car .
the shirt showed your father 's sister 's shoe the rocket .	the shirt shook your father 's sister 's shoe the rocket .
the box gave your wife 's mother 's book the bowl .	the box moved your wife 's mother 's book the bowl .
the bowl showed my husband 's sister 's car the crayon .	the bowl lost my husband 's sister 's car the crayon .
the bottle sent my son 's wife 's boat the shoe .	the bottle shook my son 's wife 's boat the shoe .
the bed sent my boss 's sister 's glass the rug .	the bed moved my boss 's sister 's glass the rug .
the plate gave your grandmother 's button the button .	the plate dropped your grandmother 's button the button .
the bicycle showed my grandmother 's bag the chair .	the bicycle moved my grandmother 's bag the chair .
the ring bought your daughter 's bag the window .	the ring lost your daughter 's bag the window .
the toy gave your son 's bowl the car .	the toy kept your son 's bowl the car .
the door gave my mother 's dentist 's cup the crayon .	the door held my mother 's dentist 's cup the crayon .
the fork showed my wife 's son 's bed the spoon .	the fork lost my wife 's son 's bed the spoon .
the toy sent your dad 's bowl the rug .	the toy moved your dad 's bowl the rug .
the button gave my chair the glass .	the button moved my chair the glass .
the shirt sent your mirror the shirt .	the shirt moved your mirror the shirt .
the book sent your window the bag .	the book moved your window the bag .
the book bought your mother 's mother 's hat the truck .	the book kept your mother 's mother 's hat the truck .
the toy gave your mother 's couch the dish .	the toy moved your mother 's couch the dish .
the bowl bought my box the car .	the bowl lost my box the car .
the box showed my spoon the bottle .	the box dropped my spoon the bottle .
the bed gave your dish the shirt .	the bed moved your dish the shirt .
the shirt showed my wife 's father 's bag the chair .	the shirt cleaned my wife 's father 's bag the chair .
the ring gave my cousin 's bowl the candle .	the ring cleaned my cousin 's bowl the candle .
the shirt bought your friend 's dentist 's truck the book .	the shirt lost your friend 's dentist 's truck the book .
the boat bought your brother 's bottle the spoon .	the boat held your brother 's bottle the spoon .
the bag sent my dentist 's ring the door .	the bag moved my dentist 's ring the door .
the candle sent my doll the window .	the candle moved my doll the window .
the mirror sent your wife 's sister 's ring the book .	the mirror kept your wife 's sister 's ring the book .
the spoon gave your doctor 's father 's rocket the ring .	the spoon shook your doctor 's father 's rocket the ring .
the crayon sent your doctor 's cousin 's plate the ship .	the crayon cleaned your doctor 's cousin 's plate the ship .
the picture bought my book the dish .	the picture cleaned my book the dish .
the boat gave your bicycle the cup .	the boat lost your bicycle the cup .
the door bought your mom 's cousin 's chair the car .	the door held your mom 's cousin 's chair the car .
the door gave my glass the bottle .	the door cleaned my glass the bottle .
the mirror bought my doctor 's boss 's cup the picture .	the mirror dropped my doctor 's boss 's cup the picture .
the cup sent your friend 's boss 's shirt the plane .	the cup shook your friend 's boss 's shirt the plane .
the mirror showed my grandmother 's bed the button .	the mirror lost my grandmother 's bed the button .
the boat sent your doll the plate .	the boat shook your doll the plate .
the car sent my doctor 's boss 's bowl the bowl .	the car held my doctor 's boss 's bowl the bowl .
the boat gave your plane the toy .	the boat kept your plane the toy .
the plane sent my ring the bicycle .	the plane kept my ring the bicycle .
the candle bought your shirt the bed .	the candle shook your shirt the bed .
the book bought my box the rug .	the book moved my box the rug .
the chair gave my teacher 's bowl the fork .	the chair dropped my teacher 's bowl the fork .
the ring bought my dentist 's door the spoon .	the ring kept my dentist 's door the spoon .
the ship showed my cousin 's doctor 's truck the plate .	the ship dropped my cousin 's doctor 's truck the plate .
the window bought my picture the cup .	the window dropped my picture the cup .
the cup gave your doctor 's crayon the fork .	the cup shook your doctor 's crayon the fork .
the picture gave your sister 's husband 's chair the shirt .	the picture held your sister 's husband 's chair the shirt .
the truck gave your brother 's book the crayon .	the truck shook your brother 's book the crayon .
the plate gave your hat the book .	the plate cleaned your hat the book .
the picture gave my doctor 's shoe the picture .	the picture moved my doctor 's shoe the picture .
the book bought my mom 's doll the shoe .	the book held my mom 's doll the shoe .
the cup bought your dad 's cup the picture .	the cup held your dad 's cup the picture .
the fork bought your mom 's book the picture .	the fork lost your mom 's book the picture .
the book sent my grandmother 's chair the glass .	the book held my grandmother 's chair the glass .
the ring gave my mother 's boat the doll .	the ring lost my mother 's boat the doll .
the fork sent my book the picture .	the fork dropped my book the picture .
the book gave my daughter 's cup the car .	the book cleaned my daughter 's cup the car .
the rocket bought my bottle the shoe .	the rocket moved my bottle the shoe .
the plate bought your teacher 's doll the shirt .	the plate moved your teacher 's doll the shirt .
the fork bought your son 's grandmother 's ship the rug .	the fork dropped your son 's grandmother 's ship the rug .
the bottle showed your brother 's car the mirror .	the bottle cleaned your brother 's car the mirror .
the glass showed your husband 's daughter 's spoon the boat .	the glass moved your husband 's daughter 's spoon the boat .
the window showed my ship the rocket .	the window kept my ship the rocket .
the glass sent my spoon the ship .	the glass held my spoon the ship .
the dish gave your teacher 's brother 's truck the cup .	the dish moved your teacher 's brother 's truck the cup .
the bowl showed my father 's sister 's cup the glass .	the bowl kept my father 's sister 's cup the glass .
the box bought your door the rug .	the box lost your door the rug .
the boat bought my son 's ring the book .	the boat lost my son 's ring the book .
the spoon sent your wife 's friend 's fork the mirror .	the spoon moved your wife 's friend 's fork the mirror .
the truck gave my dad 's boss 's truck the window .	the truck held my dad 's boss 's truck the window .
the candle sent your mirror the ring .	the candle lost your mirror the ring .
the rug sent your bottle the toy .	the rug moved your bottle the toy .
the car gave my dentist 's daughter 's dish the mirror .	the car moved my dentist 's daughter 's dish the mirror .
the box gave my brother 's window the mirror .	the box shook my brother 's window the mirror .
the glass gave my book the bottle .	the glass shook my book the bottle .
the rocket sent my book the door .	the rocket shook my book the door .
the book sent my shoe the ring .	the book cleaned my shoe the ring .
the boat gave my chair the ship .	the boat cleaned my chair the ship .
the bowl bought my dad 's cup the ring .	the bowl moved my dad 's cup the ring .
the rug gave my daughter 's ship the picture .	the rug dropped my daughter 's ship the picture .
the couch sent my spoon the fork .	the couch shook my spoon the fork .
the rocket bought your father 's mom 's picture the book .	the rocket moved your father 's mom 's picture the book .
the spoon gave your mom 's book the cup .	the spoon held your mom 's book the cup .
the button bought your father 's crayon the candle .	the button cleaned your father 's crayon the candle .
the couch gave your brother 's teacher 's bag the car .	the couch moved your brother 's teacher 's bag the car .
the shirt gave your hat the truck .	the shirt lost your hat the truck .
the plane bought your wife 's mother 's book the book .	the plane moved your wife 's mother 's book the book .
the book bought your mother 's bed the fork .	the book held your mother 's bed the fork .
the truck gave my dentist 's husband 's rocket the box .	the truck lost my dentist 's husband 's rocket the box .
the doll sent my cousin 's grandmother 's car the crayon .	the doll held my cousin 's grandmother 's car the crayon .
the rocket sent my teacher 's doll the door .	the rocket cleaned my teacher 's doll the door .
the ring sent my husband 's son 's bottle the plate .	the ring lost my husband 's son 's bottle the plate .
the book gave my daughter 's dad 's hat the ring .	the book cleaned my daughter 's dad 's hat the ring .
the book gave your book the plane .	the book lost your book the plane .
the rug gave my mom 's dentist 's car the book .	the rug kept my mom 's dentist 's car the book .
the plane sent my book the bag .	the plane moved my book the bag .
the rocket sent my cup the crayon .	the rocket dropped my cup the crayon .
the rug bought my plane the book .	the rug moved my plane the book .
the box gave my sister 's button the button .	the box held my sister 's button the button .
the plane gave your doctor 's fork the crayon .	the plane shook your doctor 's fork the crayon .
the mirror gave my book the spoon .	the mirror moved my book the spoon .
the bicycle bought my door the fork .	the bicycle moved my door the fork .
the car bought my button the door .	the car lost my button the door .
the door showed my boss 's dentist 's mirror the couch .	the door moved my boss 's dentist 's mirror the couch .
the car bought my wife 's friend 's window the cup .	the car lost my wife 's friend 's window the cup .
the doll gave your husband 's cousin 's picture the bowl .	the doll dropped your husband 's cousin 's picture the bowl .
the toy gave my window the candle .	the toy kept my window the candle .
the truck sent my son 's window the dish .	the truck held my son 's window the dish .
the shoe sent my friend 's mom 's doll the box .	the shoe cleaned my friend 's mom 's doll the box .
the car bought my brother 's bowl the plate .	the car cleaned my brother 's bowl the plate .
the couch gave your hat the boat .	the couch shook your hat the boat .
the truck bought your grandmother 's bag the candle .	the truck lost your grandmother 's bag the candle .
the car gave my grandmother 's sister 's plate the car .	the car moved my grandmother 's sister 's plate the car .
the ship showed my brother 's car the spoon .	the ship dropped my brother 's car the spoon .
the ring showed your father 's wife 's cup the shoe .	the ring moved your father 's wife 's cup the shoe .
the truck showed my grandmother 's boss 's car the box .	the truck kept my grandmother 's boss 's car the box .
the bicycle bought your crayon the book .	the bicycle cleaned your crayon the book .
the bottle showed my brother 's boss 's picture the ring .	the bottle lost my brother 's boss 's picture the ring .
the plate bought my ring the fork .	the plate lost my ring the fork .
the doll bought your friend 's glass the toy .	the doll dropped your friend 's glass the toy .
the toy sent your father 's sister 's window the bag .	the toy dropped your father 's sister 's window the bag .
the ship bought my friend 's shoe the fork .	the ship cleaned my friend 's shoe the fork .
the car sent your boss 's cup the doll .	the car lost your boss 's cup the doll .
the shirt gave your cousin 's glass the car .	the shirt moved your cousin 's glass the car .
the shoe sent your mother 's cousin 's bag the shoe .	the shoe moved your mother 's cousin 's bag the shoe .
the shirt sent your mom 's grandmother 's toy the mirror .	the shirt dropped your mom 's grandmother 's toy the mirror .
the car bought my toy the dish .	the car lost my toy the dish .
the ring gave your sister 's rug the car .	the ring kept your sister 's rug the car .
the button sent my sister 's mom 's window the cup .	the button kept my sister 's mom 's window the cup .
the crayon sent your dentist 's button the rug .	the crayon cleaned your dentist 's button the rug .
the shoe showed my boat the bottle .	the shoe dropped my boat the bottle .
the spoon sent your husband 's candle the car .	the spoon cleaned your husband 's candle the car .
the bowl sent your son 's sister 's car the bag .	the bowl kept your son 's sister 's car the bag .
the cup sent my friend 's dentist 's crayon the door .	the cup cleaned my friend 's dentist 's crayon the door .
the button bought my friend 's mother 's rug the bicycle .	the button dropped my friend 's mother 's rug the bicycle .
the door showed your friend 's father 's toy the cup .	the door shook your friend 's father 's toy the cup .
the glass bought your son 's husband 's shirt the crayon .	the glass dropped your son 's husband 's shirt the crayon .
the box sent your doctor 's daughter 's bowl the rocket .	the box moved your doctor 's daughter 's bowl the rocket .
the car bought my dentist 's doctor 's hat the box .	the car shook my dentist 's doctor 's hat the box .
the toy showed your daughter 's ring the dish .	the toy moved your daughter 's ring the dish .
the bicycle gave your doctor 's bowl the book .	the bicycle moved your doctor 's bowl the book .
the book sent your father 's mom 's rug the chair .	the book cleaned your father 's mom 's rug the chair .
the window bought your brother 's teacher 's book the car .	the window lost your brother 's teacher 's book the car .
the window sent your doctor 's plate the bowl .	the window lost your doctor 's plate the bowl .
the bed sent my picture the bicycle .	the bed cleaned my picture the bicycle .
the shoe bought your cousin 's son 's hat the car .	the shoe moved your cousin 's son 's hat the car .
the mirror showed your cousin 's glass the bag .	the mirror dropped your cousin 's glass the bag .
the shirt sent my boss 's chair the shirt .	the shirt moved my boss 's chair the shirt .
the bowl gave my mother 's son 's chair the fork .	the bowl dropped my mother 's son 's chair the fork .
the bag showed my mom 's wife 's bag the chair .	the bag held my mom 's wife 's bag the chair .
the button showed my dentist 's toy the rocket .	the button cleaned my dentist 's toy the rocket .
the dish showed my friend 's window the crayon .	the dish moved my friend 's window the crayon .
the ship showed my plate the book .	the ship held my plate the book .
the book bought my dad 's toy the truck .	the book moved my dad 's toy the truck .
the book bought my cup the plate .	the book shook my cup the plate .
the window bought my cup the doll .	the window cleaned my cup the doll .
the box sent my mom 's toy the book .	the box kept my mom 's toy the book .
the bed sent your boss 's car the book .	the bed cleaned your boss 's car the book .
the book sent my father 's car the bottle .	the book lost my father 's car the bottle .
the hat showed my sister 's boss 's shoe the book .	the hat kept my sister 's boss 's shoe the book .
the button sent your doll the shoe .	the button moved your doll the shoe .
the ring bought my mother 's mom 's crayon the ring .	the ring shook my mother 's mom 's crayon the ring .
the chair bought my glass the shirt .	the chair dropped my glass the shirt .
the fork bought my daughter 's boat the glass .	the fork shook my daughter 's boat the glass .
the doll sent your friend 's wife 's button the bowl .	the doll dropped your friend 's wife 's button the bowl .
the book showed your chair the rug .	the book kept your chair the rug .
the bowl gave your grandmother 's brother 's plane the candle .	the bowl lost your grandmother 's brother 's plane the candle .
the dish sent my book the hat .	the dish moved my book the hat .
the shirt sent my book the candle .	the shirt cleaned my book the candle .
the plate sent your dentist 's box the plane .	the plate held your dentist 's box the plane .
the bicycle gave your mom 's dish the door .	the bicycle moved your mom 's dish the door .
the bicycle bought your sister 's mom 's bowl the truck .	the bicycle held your sister 's mom 's bowl the truck .
the mirror bought your mom 's teacher 's ship the crayon .	the mirror lost your mom 's teacher 's ship the crayon .
the box bought your plate the spoon .	the box lost your plate the spoon .
the car bought my grandmother 's doctor 's ship the chair .	the car shook my grandmother 's doctor 's ship the chair .
the window gave my daughter 's daughter 's cup the bowl .	the window kept my daughter 's daughter 's cup the bowl .
the mirror gave my grandmother 's door the bowl .	the mirror cleaned my grandmother 's door the bowl .
the book sent your doctor 's bed the plane .	the book moved your doctor 's bed the plane .
the book bought my father 's rug the bag .	the book shook my father 's rug the bag .
the dish bought your doctor 's teacher 's car the crayon .	the dish dropped your doctor 's teacher 's car the crayon .
the fork bought your dad 's toy the rug .	the fork held your dad 's toy the rug .
the plane gave my teacher 's book the bed .	the plane kept my teacher 's book the bed .
the hat bought your plane the book .	the hat held your plane the book .
the window bought my grandmother 's glass the shoe .	the window moved my grandmother 's glass the shoe .
the spoon gave your son 's door the rug .	the spoon lost your son 's door the rug .
the glass showed my chair the window .	the glass held my chair the window .
the bed bought my dentist 's car the picture .	the bed dropped my dentist 's car the picture .
the window showed my fork the plane .	the window cleaned my fork the plane .
the button showed my teacher 's fork the truck .	the button kept my teacher 's fork the truck .
the bag gave my grandmother 's door the window .	the bag cleaned my grandmother 's door the window .
the truck sent your dentist 's teacher 's bag the bottle .	the truck held your dentist 's teacher 's bag the bottle .
the shirt showed your friend 's sister 's candle the spoon .	the shirt held your friend 's sister 's candle the spoon .
the chair gave your mom 's sister 's ring the glass .	the chair cleaned your mom 's sister 's ring the glass .
the bicycle showed your window the bowl .	the bicycle shook your window the bowl .
the bottle showed my husband 's candle the car .	the bottle held my husband 's candle the car .
the candle showed my door the glass .	the candle shook my door the glass .
the window bought your doctor 's wife 's bag the shirt .	the window shook your doctor 's wife 's bag the shirt .
the mirror sent my dad 's glass the bag .	the mirror shook my dad 's glass the bag .
the cup gave my bowl the dish .	the cup dropped my bowl the dish .
the couch gave your fork the ship .	the couch shook your fork the ship .
the bowl sent your doll the ship .	the bowl shook your doll the ship .
the picture bought my husband 's glass the chair .	the picture lost my husband 's glass the chair .
the door sent your daughter 's glass the book .	the door shook your daughter 's glass the book .
the picture sent my son 's book the bottle .	the picture lost my son 's book the bottle .
the door sent your cup the picture .	the door kept your cup the picture .
the bed gave your father 's dentist 's window the book .	the bed dropped your father 's dentist 's window the book .
the toy showed your friend 's plate the hat .	the toy dropped your friend 's plate the hat .
the bag sent your truck the shirt .	the bag cleaned your truck the shirt .
the glass gave your dad 's cousin 's hat the glass .	the glass shook your dad 's cousin 's hat the glass .
the book gave your son 's doll the bag .	the book held your son 's doll the bag .
the truck sent your daughter 's shirt the shirt .	the truck cleaned your daughter 's shirt the shirt .
the crayon gave your rug the mirror .	the crayon dropped your rug the mirror .
the spoon bought my mom 's bicycle the truck .	the spoon kept my mom 's bicycle the truck .
the rug bought my spoon the chair .	the rug kept my spoon the chair .
the box showed your cousin 's bag the shoe .	the box held your cousin 's bag the shoe .
the boat bought your father 's truck the window .	the boat dropped your father 's truck the window .
the glass bought my candle the book .	the glass moved my candle the book .
the picture sent my father 's mother 's shoe the bed .	the picture cleaned my father 's mother 's shoe the bed .
the book gave my toy the shirt .	the book cleaned my toy the shirt .
the book sent my dad 's picture the couch .	the book moved my dad 's picture the couch .
the spoon showed my mom 's husband 's bicycle the truck .	the spoon kept my mom 's husband 's bicycle the truck .
the bag gave my sister 's chair the crayon .	the bag held my sister 's chair the crayon .
the candle gave my shoe the box .	the candle cleaned my shoe the box .
the bed gave my wife 's window the bowl .	the bed lost my wife 's window the bowl .
the box bought my grandmother 's truck the hat .	the box cleaned my grandmother 's truck the hat .
the toy showed your brother 's glass the picture .	the toy shook your brother 's glass the picture .
the toy showed your car the crayon .	the toy dropped your car the crayon .
the ship sent my dad 's dad 's boat the doll .	the ship shook my dad 's dad 's boat the doll .
the bed bought my husband 's cousin 's plane the car .	the bed kept my husband 's cousin 's plane the car .
the chair sent your toy the toy .	the chair shook your toy the toy .
the fork bought your picture the dish .	the fork held your picture the dish .
the bed bought your cousin 's shirt the spoon .	the bed moved your cousin 's shirt the spoon .
the box showed my father 's doll the button .	the box dropped my father 's doll the button .
the crayon bought your mom 's boat the couch .	the crayon moved your mom 's boat the couch .
the boat bought your sister 's rug the ring .	the boat lost your sister 's rug the ring .
the book gave your truck the ship .	the book lost your truck the ship .
the spoon sent your daughter 's spoon the boat .	the spoon held your daughter 's spoon the boat .
the car sent your teacher 's toy the shoe .	the car moved your teacher 's toy the shoe .
the spoon showed your button the picture .	the spoon held your button the picture .
the book showed my bowl the bowl .	the book lost my bowl the bowl .
the plate showed your book the book .	the plate kept your book the book .
the toy showed your wife 's daughter 's bicycle the crayon .	the toy cleaned your wife 's daughter 's bicycle the crayon .
the rug bought your truck the mirror .	the rug kept your truck the mirror .
the book sent your dish the plate .	the book shook your dish the plate .
the ring sent your window the button .	the ring held your window the button .
the doll showed your spoon the cup .	the doll moved your spoon the cup .
the chair bought your brother 's brother 's ring the picture .	the chair held your brother 's brother 's ring the picture .
the bowl showed your rocket the truck .	the bowl held your rocket the truck .
the bottle sent my glass the rocket .	the bottle dropped my glass the rocket .
the bed gave your rug the book .	the bed dropped your rug the book .
the ring gave my plane the doll .	the ring held my plane the doll .
the shoe showed my doctor 's mirror the fork .	the shoe dropped my doctor 's mirror the fork .
the cup showed your picture the ship .	the cup lost your picture the ship .
the doll sent my cup the mirror .	the doll moved my cup the mirror .
the spoon gave your boss 's bottle the book .	the spoon dropped your boss 's bottle the book .
the dish gave your daughter 's sister 's chair the shoe .	the dish dropped your daughter 's sister 's chair the shoe .
the dish sent your father 's shirt the couch .	the dish shook your father 's shirt the couch .
the mirror showed my son 's mother 's bicycle the cup .	the mirror dropped my son 's mother 's bicycle the cup .
the plate bought my spoon the picture .	the plate shook my spoon the picture .
the crayon sent my teacher 's picture the book .	the crayon kept my teacher 's picture the book .
the button bought your sister 's ship the shoe .	the button held your sister 's ship the shoe .
the bottle sent my boat the fork .	the bottle shook my boat the fork .
the button gave your bed the hat .	the button cleaned your bed the hat .
the glass bought your doctor 's mom 's door the button .	the glass kept your doctor 's mom 's door the button .
the hat sent my mom 's brother 's spoon the bed .	the hat cleaned my mom 's brother 's spoon the bed .
the shirt gave your dentist 's button the ring .	the shirt shook your dentist 's button the ring .
the car showed my cousin 's brother 's button the shirt .	the car moved my cousin 's brother 's button the shirt .
the shirt bought your friend 's crayon the truck .	the shirt moved your friend 's crayon the truck .
the couch showed my toy the cup .	the couch lost my toy the cup .
the dish sent your bowl the toy .	the dish shook your bowl the toy .
the ring gave your friend 's ship the bed .	the ring moved your friend 's ship the bed .
the fork gave your daughter 's couch the book .	the fork moved your daughter 's couch the book .
the couch bought my mom 's daughter 's bottle the mirror .	the couch dropped my mom 's daughter 's bottle the mirror .
the hat gave my window the car .	the hat dropped my window the car .
the bowl showed my shoe the door .	the bowl dropped my shoe the door .
the bottle bought your dentist 's picture the chair .	the bottle dropped your dentist 's picture the chair .
the book gave my father 's husband 's car the button .	the book shook my father 's husband 's car the button .
the crayon sent my bag the glass .	the crayon moved my bag the glass .
the glass sent your teacher 's glass the bottle .	the glass shook your teacher 's glass the bottle .
the spoon gave my dad 's grandmother 's button the chair .	the spoon held my dad 's grandmother 's button the chair .
the bowl showed your mom 's son 's chair the fork .	the bowl lost your mom 's son 's chair the fork .
the ring showed my son 's cup the doll .	the ring kept my son 's cup the doll .
the hat bought my boss 's bag the bicycle .	the hat moved my boss 's bag the bicycle .
the shirt showed my sister 's ring the book .	the shirt kept my sister 's ring the book .
the door bought my daughter 's bottle the bowl .	the door lost my daughter 's bottle the bowl .
the bottle gave your mom 's son 's dish the shirt .	the bottle dropped your mom 's son 's dish the shirt .
the chair bought my mother 's dish the bicycle .	the chair lost my mother 's dish the bicycle .
the couch gave your button the shoe .	the couch kept your button the shoe .
the bottle sent my spoon the bed .	the bottle dropped my spoon the bed .
the mirror showed your husband 's dish the bowl .	the mirror lost your husband 's dish the bowl .
the glass bought my boat the button .	the glass cleaned my boat the button .
the shoe showed my grandmother 's husband 's doll the shoe .	the shoe kept my grandmother 's husband 's doll the shoe .
the bag gave my sister 's window the cup .	the bag dropped my sister 's window the cup .
the ship sent my doctor 's boss 's dish the car .	the ship shook my doctor 's boss 's dish the car .
the candle bought my daughter 's son 's couch the toy .	the candle dropped my daughter 's son 's couch the toy .
the fork sent my daughter 's dad 's cup the car .	the fork held my daughter 's dad 's cup the car .
the car gave my plate the ship .	the car cleaned my plate the ship .
the button bought my dentist 's daughter 's chair the candle .	the button held my dentist 's daughter 's chair the candle .
the ship bought your car the rocket .	the ship kept your car the rocket .
the car bought your dad 's rug the door .	the car shook your dad 's rug the door .
the rug showed your father 's book the bowl .	the rug kept your father 's book the bowl .
the spoon showed my friend 's grandmother 's shoe the rocket .	the spoon kept my friend 's grandmother 's shoe the rocket .
the bicycle sent my mother 's fork the plane .	the bicycle shook my mother 's fork the plane .
the ship bought your friend 's bicycle the book .	the ship lost your friend 's bicycle the book .
the truck showed your wife 's shoe the door .	the truck shook your wife 's shoe the door .
the glass sent your mother 's chair the crayon .	the glass kept your mother 's chair the crayon .
the book gave your picture the cup .	the book moved your picture the cup .
the glass gave your dad 's friend 's door the cup .	the glass moved your dad 's friend 's door the cup .
the glass sent your rug the glass .	the glass kept your rug the glass .
the hat gave your mother 's husband 's bed the car .	the hat lost your mother 's husband 's bed the car .
the bowl bought my sister 's bag the ship .	the bowl dropped my sister 's bag the ship .
the door sent your boss 's cup the rocket .	the door kept your boss 's cup the rocket .
the rocket showed your doctor 's rocket the door .	the rocket cleaned your doctor 's rocket the door .
the book sent my boss 's glass the book .	the book kept my boss 's glass the book .
the rug bought your dentist 's daughter 's mirror the truck .	the rug dropped your dentist 's daughter 's mirror the truck .
the mirror sent my husband 's button the bottle .	the mirror shook my husband 's button the bottle .
the chair gave your sister 's brother 's button the plate .	the chair shook your sister 's brother 's button the plate .
the shoe showed my son 's plate the spoon .	the shoe lost my son 's plate the spoon .
the book bought your ring the glass .	the book held your ring the glass .
the crayon sent my brother 's bed the boat .	the crayon held my brother 's bed the boat .
the doll showed my cup the book .	the doll lost my cup the book .
the glass sent my hat the cup .	the glass dropped my hat the cup .
the picture gave your son 's wife 's door the doll .	the picture kept your son 's wife 's door the doll .
the ship gave my friend 's brother 's shoe the bowl .	the ship held my friend 's brother 's shoe the bowl .
the doll sent my cousin 's doctor 's box the couch .	the doll cleaned my cousin 's doctor 's box the couch .
the rug bought my friend 's son 's bicycle the car .	the rug shook my friend 's son 's bicycle the car .
the ship bought my shoe the crayon .	the ship shook my shoe the crayon .
the hat showed my bed the box .	the hat dropped my bed the box .
the picture showed my wife 's brother 's dish the bicycle .	the picture moved my wife 's brother 's dish the bicycle .
the ship showed your wife 's husband 's picture the car .	the ship moved your wife 's husband 's picture the car .
the chair bought my bicycle the picture .	the chair held my bicycle the picture .
the rocket bought your sister 's book the boat .	the rocket shook your sister 's book the boat .
the cup sent my brother 's ship the rocket .	the cup kept my brother 's ship the rocket .
the couch showed my sister 's mother 's dish the bottle .	the couch kept my sister 's mother 's dish the bottle .
the shoe gave your doctor 's grandmother 's hat the bag .	the shoe cleaned your doctor 's grandmother 's hat the bag .
the bottle sent my mother 's rocket the picture .	the bottle moved my mother 's rocket the picture .
the car gave your dish the ship .	the car kept your dish the ship .
the crayon sent your cup the truck .	the crayon lost your cup the truck .
the dish sent your brother 's cousin 's hat the bottle .	the dish moved your brother 's cousin 's hat the bottle .
the truck sent my father 's dish the cup .	the truck dropped my father 's dish the cup .
the spoon showed my friend 's toy the bottle .	the spoon cleaned my friend 's toy the bottle .
the truck showed my father 's chair the rug .	the truck moved my father 's chair the rug .
the bicycle gave my doctor 's crayon the dish .	the bicycle dropped my doctor 's crayon the dish .
the couch gave your friend 's dad 's toy the bag .	the couch dropped your friend 's dad 's toy the bag .
the hat bought your dad 's candle the mirror .	the hat shook your dad 's candle the mirror .
the plate sent your brother 's ship the mirror .	the plate lost your brother 's ship the mirror .
the crayon bought your friend 's bicycle the box .	the crayon moved your friend 's bicycle the box .
the book showed your chair the car .	the book kept your chair the car .
the bed gave your boss 's picture the door .	the bed cleaned your boss 's picture the door .
the dish gave my brother 's rug the couch .	the dish kept my brother 's rug the couch .
the shirt sent my boss 's son 's window the doll .	the shirt dropped my boss 's son 's window the doll .
the ring bought your husband 's husband 's dish the plane .	the ring cleaned your husband 's husband 's dish the plane .
the rocket sent my book the shirt .	the rocket held my book the shirt .
the button gave your son 's hat the plate .	the button lost your son 's hat the plate .
the spoon showed your car the car .	the spoon kept your car the car .
the bowl gave my shirt the candle .	the bowl lost my shirt the candle .
the dish bought your rug the boat .	the dish kept your rug the boat .
the rug sent my mom 's brother 's ring the doll .	the rug shook my mom 's brother 's ring the doll .
the bottle bought my grandmother 's bag the chair .	the bottle kept my grandmother 's bag the chair .
the dish gave your father 's cousin 's box the chair .	the dish cleaned your father 's cousin 's box the chair .
the bowl bought my teacher 's boat the chair .	the bowl held my teacher 's boat the chair .
the doll sent my dentist 's father 's picture the chair .	the doll lost my dentist 's father 's picture the chair .
the door gave your rocket the door .	the door shook your rocket the door .
the couch showed your bowl the button .	the couch held your bowl the button .
the spoon bought your cousin 's mother 's car the couch .	the spoon kept your cousin 's mother 's car the couch .
the bag gave my picture the fork .	the bag cleaned my picture the fork .
the box bought my dentist 's sister 's car the fork .	the box held my dentist 's sister 's car the fork .
the shirt showed your daughter 's sister 's rug the bowl .	the shirt dropped your daughter 's sister 's rug the bowl .
the door bought my sister 's bicycle the toy .	the door cleaned my sister 's bicycle the toy .
the couch bought your boat the fork .	the couch moved your boat the fork .
the box sent your mom 's fork the bowl .	the box dropped your mom 's fork the bowl .
the bicycle bought my teacher 's bag the bottle .	the bicycle held my teacher 's bag the bottle .
the shirt bought your doctor 's cousin 's rocket the ship .	the shirt kept your doctor 's cousin 's rocket the ship .
the candle bought your wife 's daughter 's shirt the ring .	the candle cleaned your wife 's daughter 's shirt the ring .
the ring sent your father 's dad 's crayon the rocket .	the ring cleaned your father 's dad 's crayon the rocket .
the car bought your rocket the car .	the car moved your rocket the car .
the cup showed your dad 's bed the dish .	the cup shook your dad 's bed the dish .
the chair sent my sister 's doctor 's shirt the doll .	the chair dropped my sister 's doctor 's shirt the doll .
the shoe sent my dentist 's son 's bicycle the chair .	the shoe kept my dentist 's son 's bicycle the chair .
the couch showed your mother 's bicycle the crayon .	the couch dropped your mother 's bicycle the crayon .
the mirror showed your father 's father 's shirt the rocket .	the mirror shook your father 's father 's shirt the rocket .
the glass bought your grandmother 's bicycle the cup .	the glass kept your grandmother 's bicycle the cup .
the toy sent your dad 's mirror the candle .	the toy lost your dad 's mirror the candle .
the picture sent my cousin 's candle the rocket .	the picture moved my cousin 's candle the rocket .
the shirt showed my car the picture .	the shirt dropped my car the picture .
the book bought my bag the spoon .	the book held my bag the spoon .
the car showed my box the plate .	the car dropped my box the plate .
the picture showed my dad 's ring the book .	the picture held my dad 's ring the book .
the door showed my boss 's dad 's truck the car .	the door shook my boss 's dad 's truck the car .
the button sent my glass the door .	the button kept my glass the door .
the hat showed my mother 's glass the boat .	the hat lost my mother 's glass the boat .
the bag sent your brother 's son 's box the car .	the bag lost your brother 's son 's box the car .
the candle sent my wife 's toy the couch .	the candle lost my wife 's toy the couch .
the truck bought your teacher 's mom 's picture the bag .	the truck kept your teacher 's mom 's picture the bag .
the door showed my doctor 's doctor 's bicycle the button .	the door dropped my doctor 's doctor 's bicycle the button .
the box bought my father 's husband 's toy the box .	the box cleaned my father 's husband 's toy the box .
the doll sent your button the book .	the doll lost your button the book .
the crayon gave your box the door .	the crayon dropped your box the door .
the book showed my mother 's son 's window the chair .	the book moved my mother 's son 's window the chair .
the crayon sent my sister 's rug the bowl .	the crayon held my sister 's rug the bowl .
the dish gave my grandmother 's sister 's fork the rug .	the dish lost my grandmother 's sister 's fork the rug .
the picture sent my door the bed .	the picture kept my door the bed .
the button gave my truck the window .	the button cleaned my truck the window .
the cup sent your sister 's father 's car the book .	the cup moved your sister 's father 's car the book .
the door bought my cousin 's fork the book .	the door shook my cousin 's fork the book .
the book bought your plane the box .	the book shook your plane the box .
the plate sent my shirt the ring .	the plate held my shirt the ring .
the ship gave my truck the rug .	the ship kept my truck the rug .
the box gave my dad 's hat the toy .	the box cleaned my dad 's hat the toy .
the window gave my wife 's dentist 's ring the car .	the window moved my wife 's dentist 's ring the car .
the mirror gave my cousin 's bowl the rug .	the mirror held my cousin 's bowl the rug .
the boat bought my plane the bed .	the boat kept my plane the bed .
the rocket bought your friend 's mirror the cup .	the rocket held your friend 's mirror the cup .
the bed showed my teacher 's father 's shoe the car .	the bed shook my teacher 's father 's shoe the car .
the bowl sent my father 's plane the mirror .	the bowl shook my father 's plane the mirror .
the rug sent your daughter 's daughter 's bottle the shoe .	the rug kept your daughter 's daughter 's bottle the shoe .
the hat bought my plane the couch .	the hat cleaned my plane the couch .
the bottle showed my father 's chair the rocket .	the bottle cleaned my father 's chair the rocket .
the bowl showed your book the ship .	the bowl moved your book the ship .
the rug sent my dad 's son 's plate the cup .	the rug lost my dad 's son 's plate the cup .
the dish sent my car the truck .	the dish shook my car the truck .
the truck bought your daughter 's shoe the box .	the truck kept your daughter 's shoe the box .
the fork showed my bowl the bed .	the fork shook my bowl the bed .
the book bought your father 's boss 's car the truck .	the book kept your father 's boss 's car the truck .
the ship bought my shirt the crayon .	the ship held my shirt the crayon .
the box gave my teacher 's father 's bowl the couch .	the box lost my teacher 's father 's bowl the couch .
the shirt gave your window the mirror .	the shirt moved your window the mirror .
the cup bought your cousin 's picture the crayon .	the cup kept your cousin 's picture the crayon .
the book gave my wife 's mirror the rug .	the book moved my wife 's mirror the rug .
the bowl sent my plate the book .	the bowl moved my plate the book .
the bed bought your mother 's bag the car .	the bed shook your mother 's bag the car .
the shoe gave your mother 's car the car .	the shoe lost your mother 's car the car .
the candle sent my son 's rocket the car .	the candle kept my son 's rocket the car .
the plane bought your teacher 's couch the plate .	the plane moved your teacher 's couch the plate .
the truck showed your daughter 's dentist 's shoe the plane .	the truck dropped your daughter 's dentist 's shoe the plane .
the button showed your mother 's box the dish .	the button kept your mother 's box the dish .
the fork sent my teacher 's shirt the bicycle .	the fork shook my teacher 's shirt the bicycle .
the book bought your daughter 's mother 's hat the bottle .	the book dropped your daughter 's mother 's hat the bottle .
the button bought my door the crayon .	the button kept my door the crayon .
the car gave my rocket the window .	the car kept my rocket the window .
the bicycle sent my cousin 's bicycle the dish .	the bicycle held my cousin 's bicycle the dish .
the door bought your teacher 's ring the bowl .	the door cleaned your teacher 's ring the bowl .
the shirt bought my ring the toy .	the shirt moved my ring the toy .
the bicycle sent your mother 's dish the fork .	the bicycle moved your mother 's dish the fork .
the couch sent my boss 's plane the car .	the couch moved my boss 's plane the car .
the door showed my doll the boat .	the door kept my doll the boat .
the ring showed my plate the plane .	the ring moved my plate the plane .
the plane showed my book the couch .	the plane lost my book the couch .
the book sent your wife 's doctor 's rug the book .	the book lost your wife 's doctor 's rug the book .
the toy bought your doctor 's dish the crayon .	the toy cleaned your doctor 's dish the crayon .
the bicycle gave my boat the dish .	the bicycle lost my boat the dish .
the ring sent my brother 's bed the toy .	the ring dropped my brother 's bed the toy .
the car gave your shoe the rocket .	the car held your shoe the rocket .
the bicycle showed my button the dish .	the bicycle held my button the dish .
the bicycle gave my doctor 's mother 's car the car .	the bicycle cleaned my doctor 's mother 's car the car .
the car gave my shoe the picture .	the car shook my shoe the picture .
the fork gave my husband 's door the ship .	the fork held my husband 's door the ship .
the fork showed your box the candle .	the fork lost your box the candle .
the rug gave your brother 's bowl the dish .	the rug kept your brother 's bowl the dish .
the boat showed my mother 's mom 's bowl the candle .	the boat dropped my mother 's mom 's bowl the candle .
the rug gave my father 's spoon the spoon .	the rug lost my father 's spoon the spoon .
the toy showed my daughter 's mom 's crayon the ring .	the toy cleaned my daughter 's mom 's crayon the ring .
the door sent my mom 's daughter 's spoon the mirror .	the door dropped my mom 's daughter 's spoon the mirror .
the truck sent your brother 's couch the couch .	the truck lost your brother 's couch the couch .
the fork bought your car the button .	the fork moved your car the button .
the mirror gave my brother 's bed the window .	the mirror lost my brother 's bed the window .
the picture bought your wife 's dad 's car the bag .	the picture kept your wife 's dad 's car the bag .
the glass bought my friend 's cousin 's book the door .	the glass shook my friend 's cousin 's book the door .
the hat showed my shirt the window .	the hat held my shirt the window .
the rug gave my father 's book the box .	the rug dropped my father 's book the box .
the bottle showed my friend 's brother 's door the couch .	the bottle shook my friend 's brother 's door the couch .
the car sent my teacher 's daughter 's door the shoe .	the car held my teacher 's daughter 's door the shoe .
the door sent my bottle the book .	the door lost my bottle the book .
the boat gave your grandmother 's shoe the car .	the boat dropped your grandmother 's shoe the car .
the couch showed your doctor 's cousin 's toy the shoe .	the couch moved your doctor 's cousin 's toy the shoe .
the toy showed my grandmother 's plane the spoon .	the toy kept my grandmother 's plane the spoon .
the ring gave your father 's doctor 's book the mirror .	the ring shook your father 's doctor 's book the mirror .
the ring showed your shoe the shirt .	the ring moved your shoe the shirt .
the couch sent your bed the door .	the couch shook your bed the door .
the door bought my doctor 's husband 's plane the candle .	the door moved my doctor 's husband 's plane the candle .
the door sent your husband 's father 's candle the mirror .	the door held your husband 's father 's candle the mirror .
the couch sent your sister 's shoe the button .	the couch moved your sister 's shoe the button .
the fork bought your father 's wife 's truck the button .	the fork kept your father 's wife 's truck the button .
the rug sent my book the chair .	the rug lost my book the chair .
the book gave my doctor 's dish the bed .	the book shook my doctor 's dish the bed .
the book gave your sister 's father 's book the truck .	the book kept your sister 's father 's book the truck .
the rocket bought your grandmother 's teacher 's dish the dish .	the rocket held your grandmother 's teacher 's dish the dish .
the ship gave my dentist 's boss 's crayon the bicycle .	the ship moved my dentist 's boss 's crayon the bicycle .
the rug sent your friend 's son 's bottle the button .	the rug dropped your friend 's son 's bottle the button .
the fork showed my sister 's dentist 's bag the rocket .	the fork moved my sister 's dentist 's bag the rocket .
the door sent my son 's mom 's plane the bottle .	the door moved my son 's mom 's plane the bottle .
the dish bought your father 's glass the rug .	the dish dropped your father 's glass the rug .
the plate bought your door the candle .	the plate shook your door the candle .
the truck bought your picture the window .	the truck held your picture the window .
the bottle showed my bag the toy .	the bottle dropped my bag the toy .
the spoon sent your husband 's mirror the car .	the spoon dropped your husband 's mirror the car .
the boat sent your cousin 's teacher 's mirror the truck .	the boat cleaned your cousin 's teacher 's mirror the truck .
the bottle sent my dish the book .	the bottle kept my dish the book .
the spoon showed my daughter 's toy the window .	the spoon held my daughter 's toy the window .
the plate sent my daughter 's shoe the chair .	the plate kept my daughter 's shoe the chair .
the bowl showed my boss 's ring the chair .	the bowl cleaned my boss 's ring the chair .
the box showed my boss 's bicycle the shirt .	the box cleaned my boss 's bicycle the shirt .
