the bicycle sitting on the table is boring .	the bicycle sits on the table is boring .
the rug sitting in the museum is strong .	the rug sits in the museum is strong .
the bag sitting is wrong .	the bag sits is wrong .
the bottle sitting in the mall is careful .	the bottle sits in the mall is careful .
the spoon sitting in the library is surprised .	the spoon sits in the library is surprised .
the bag sitting by the spoon is happy .	the bag sits by the spoon is happy .
the rug sitting in the library is clever .	the rug sits in the library is clever .
the glass sitting in the library in the school is smart .	the glass sits in the library in the school is smart .
the couch sitting is excited .	the couch sits is excited .
the box sitting by the dish on the chair is smart .	the box sits by the dish on the chair is smart .
the boat sitting in the mall is busy .	the boat sits in the mall is busy .
the ship sitting on the floor by the door is happy .	the ship sits on the floor by the door is happy .
the candle sitting on the street is happy .	the candle sits on the street is happy .
the book sitting by the ship is clever .	the book sits by the ship is clever .
the window sitting in the room is angry .	the window sits in the room is angry .
the fork sitting in the restaurant is hungry .	the fork sits in the restaurant is hungry .
the bag sitting is bored .	the bag sits is bored .
the cup sitting on the couch in the school is sleepy .	the cup sits on the couch in the school is sleepy .
the shoe sitting is sleepy .	the shoe sits is sleepy .
the candle sitting on the ground is excited .	the candle sits on the ground is excited .
the bicycle sitting is hungry .	the bicycle sits is hungry .
the toy sitting by the book in the mall is gentle .	the toy sits by the book in the mall is gentle .
the plate sitting is busy .	the plate sits is busy .
the door sitting is tall .	the door sits is tall .
the toy sitting in the museum in the room is lucky .	the toy sits in the museum in the room is lucky .
the button sitting in the school is helpful .	the button sits in the school is helpful .
the plane sitting by the doll by the bowl is quiet .	the plane sits by the doll by the bowl is quiet .
the box sitting by the box in the mall is friendly .	the box sits by the box in the mall is friendly .
the car sitting is clever .	the car sits is clever .
the book sitting by the book is curious .	the book sits by the book is curious .
the ring sitting by the door in the kitchen is angry .	the ring sits by the door in the kitchen is angry .
the couch sitting on the bed on the ground is helpful .	the couch sits on the bed on the ground is helpful .
the truck sitting is upset .	the truck sits is upset .
the ring sitting on the couch in the museum is angry .	the ring sits on the couch in the museum is angry .
the doll sitting in the school on the floor is careful .	the doll sits in the school on the floor is careful .
the mirror sitting by the button by the book is friendly .	the mirror sits by the button by the book is friendly .
the car sitting on the ground is smart .	the car sits on the ground is smart .
the picture sitting in the hospital is important .	the picture sits in the hospital is important .
the bowl sitting is upset .	the bowl sits is upset .
the crayon sitting by the button is careful .	the crayon sits by the button is careful .
the bowl sitting is angry .	the bowl sits is angry .
the picture sitting is wrong .	the picture sits is wrong .
the shirt sitting by the dish is sleepy .	the shirt sits by the dish is sleepy .
the candle sitting on the bed is upset .	the candle sits on the bed is upset .
the bowl sitting on the bed on the street is young .	the bowl sits on the bed on the street is young .
the spoon sitting is excited .	the spoon sits is excited .
the window sitting is gentle .	the window sits is gentle .
the spoon sitting in the hospital in the bank is busy .	the spoon sits in the hospital in the bank is busy .
the toy sitting in the mall is curious .	the toy sits in the mall is curious .
the fork sitting in the museum is wrong .	the fork sits in the museum is wrong .
the mirror sitting by the hat on the chair is excited .	the mirror sits by the hat on the chair is excited .
the book sitting by the spoon is excited .	the book sits by the spoon is excited .
the window sitting in the library by the ship is kind .	the window sits in the library by the ship is kind .
the rug sitting by the box on the ground is gentle .	the rug sits by the box on the ground is gentle .
the button sitting in the park is confused .	the button sits in the park is confused .
the car sitting in the restaurant is healthy .	the car sits in the restaurant is healthy .
the couch sitting is tired .	the couch sits is tired .
the glass sitting in the mall in the library is confused .	the glass sits in the mall in the library is confused .
the doll sitting in the restaurant is bored .	the doll sits in the restaurant is bored .
the car sitting is young .	the car sits is young .
the bowl sitting is boring .	the bowl sits is boring .
the ring sitting is smart .	the ring sits is smart .
the ship sitting is kind .	the ship sits is kind .
the shoe sitting by the plane by the boat is healthy .	the shoe sits by the plane by the boat is healthy .
the bag sitting by the fork is kind .	the bag sits by the fork is kind .
the shirt sitting in the museum is sleepy .	the shirt sits in the museum is sleepy .
the rug sitting on the bed is nice .	the rug sits on the bed is nice .
the hat sitting is young .	the hat sits is young .
the bed sitting is quiet .	the bed sits is quiet .
the chair sitting is healthy .	the chair sits is healthy .
the book sitting is bored .	the book sits is bored .
the boat sitting by the bicycle by the toy is tall .	the boat sits by the bicycle by the toy is tall .
the box sitting by the doll is angry .	the box sits by the doll is angry .
the chair sitting in the bank on the bed is kind .	the chair sits in the bank on the bed is kind .
the chair sitting in the library by the window is lucky .	the chair sits in the library by the window is lucky .
the window sitting in the museum is surprised .	the window sits in the museum is surprised .
the mirror sitting in the school in the park is friendly .	the mirror sits in the school in the park is friendly .
the book sitting in the room is sleepy .	the book sits in the room is sleepy .
the doll sitting is kind .	the doll sits is kind .
the glass sitting is friendly .	the glass sits is friendly .
the car sitting on the chair is angry .	the car sits on the chair is angry .
the book sitting on the ground in the room is friendly .	the book sits on the ground in the room is friendly .
the ship sitting on the ground by the plane is healthy .	the ship sits on the ground by the plane is healthy .
the bed sitting is smart .	the bed sits is smart .
the picture sitting on the ground by the shirt is boring .	the picture sits on the ground by the shirt is boring .
the ring sitting is kind .	the ring sits is kind .
the mirror sitting by the bed in the bank is gentle .	the mirror sits by the bed in the bank is gentle .
the picture sitting by the plate is wrong .	the picture sits by the plate is wrong .
the door sitting is friendly .	the door sits is friendly .
the book sitting is tall .	the book sits is tall .
the shirt sitting in the room is angry .	the shirt sits in the room is angry .
the dish sitting in the restaurant is happy .	the dish sits in the restaurant is happy .
the bed sitting by the bicycle is confused .	the bed sits by the bicycle is confused .
the shirt sitting is tired .	the shirt sits is tired .
the spoon sitting by the chair on the street is careful .	the spoon sits by the chair on the street is careful .
the glass sitting in the bank in the restaurant is strong .	the glass sits in the bank in the restaurant is strong .
the mirror sitting by the rug is sleepy .	the mirror sits by the rug is sleepy .
the picture sitting is tired .	the picture sits is tired .
the couch sitting on the bed on the ground is clever .	the couch sits on the bed on the ground is clever .
the picture sitting by the shoe in the park is clever .	the picture sits by the shoe in the park is clever .
the book sitting is healthy .	the book sits is healthy .
the ring sitting on the stool is confused .	the ring sits on the stool is confused .
the dish sitting by the glass in the hospital is angry .	the dish sits by the glass in the hospital is angry .
the dish sitting on the ground is tired .	the dish sits on the ground is tired .
the dish sitting on the chair is healthy .	the dish sits on the chair is healthy .
the chair sitting is upset .	the chair sits is upset .
the cup sitting in the mall is wrong .	the cup sits in the mall is wrong .
the bottle sitting is surprised .	the bottle sits is surprised .
the glass sitting by the hat is nice .	the glass sits by the hat is nice .
the mirror sitting by the shirt is excited .	the mirror sits by the shirt is excited .
the plane sitting is clever .	the plane sits is clever .
the candle sitting in the park in the library is angry .	the candle sits in the park in the library is angry .
the crayon sitting in the museum on the table is quiet .	the crayon sits in the museum on the table is quiet .
the bowl sitting in the school is lucky .	the bowl sits in the school is lucky .
the book sitting in the mall in the kitchen is friendly .	the book sits in the mall in the kitchen is friendly .
the book sitting in the school on the ground is sleepy .	the book sits in the school on the ground is sleepy .
the truck sitting on the bed in the school is boring .	the truck sits on the bed in the school is boring .
the hat sitting in the school is strong .	the hat sits in the school is strong .
the plate sitting in the school is lucky .	the plate sits in the school is lucky .
the door sitting in the school on the stool is gentle .	the door sits in the school on the stool is gentle .
the button sitting on the street by the box is nice .	the button sits on the street by the box is nice .
the button sitting on the table is angry .	the button sits on the table is angry .
the bowl sitting on the ground on the bed is important .	the bowl sits on the ground on the bed is important .
the spoon sitting in the school is tall .	the spoon sits in the school is tall .
the bottle sitting is hungry .	the bottle sits is hungry .
the rug sitting on the table in the restaurant is strong .	the rug sits on the table in the restaurant is strong .
the glass sitting in the mall on the floor is upset .	the glass sits in the mall on the floor is upset .
the bottle sitting is confused .	the bottle sits is confused .
the candle sitting is busy .	the candle sits is busy .
the rug sitting in the park is kind .	the rug sits in the park is kind .
the hat sitting on the ground is busy .	the hat sits on the ground is busy .
the rocket sitting is gentle .	the rocket sits is gentle .
the bag sitting is hungry .	the bag sits is hungry .
the candle sitting by the bed on the floor is tired .	the candle sits by the bed on the floor is tired .
the rocket sitting is helpful .	the rocket sits is helpful .
the couch sitting on the table is upset .	the couch sits on the table is upset .
the truck sitting by the ring on the stool is tired .	the truck sits by the ring on the stool is tired .
the rug sitting by the toy in the restaurant is healthy .	the rug sits by the toy in the restaurant is healthy .
the fork sitting is upset .	the fork sits is upset .
the mirror sitting on the ground is clever .	the mirror sits on the ground is clever .
the bag sitting on the stool by the fork is wrong .	the bag sits on the stool by the fork is wrong .
the toy sitting by the chair is tall .	the toy sits by the chair is tall .
the door sitting is curious .	the door sits is curious .
the candle sitting by the plate is strong .	the candle sits by the plate is strong .
the button sitting by the dish is hungry .	the button sits by the dish is hungry .
the crayon sitting on the bed is strong .	the crayon sits on the bed is strong .
the plane sitting in the library is tall .	the plane sits in the library is tall .
the boat sitting is busy .	the boat sits is busy .
the cup sitting by the bag is confused .	the cup sits by the bag is confused .
the car sitting is busy .	the car sits is busy .
the button sitting by the dish by the ring is important .	the button sits by the dish by the ring is important .
the car sitting is healthy .	the car sits is healthy .
the dish sitting is excited .	the dish sits is excited .
the bag sitting on the table in the park is careful .	the bag sits on the table in the park is careful .
the book sitting on the chair is bored .	the book sits on the chair is bored .
the doll sitting in the school is quiet .	the doll sits in the school is quiet .
the boat sitting is smart .	the boat sits is smart .
the car sitting is curious .	the car sits is curious .
the crayon sitting on the bed in the bank is upset .	the crayon sits on the bed in the bank is upset .
the plate sitting on the floor in the library is quiet .	the plate sits on the floor in the library is quiet .
the plane sitting is careful .	the plane sits is careful .
the doll sitting is careful .	the doll sits is careful .
the rocket sitting in the bank in the museum is helpful .	the rocket sits in the bank in the museum is helpful .
the fork sitting in the school in the school is boring .	the fork sits in the school in the school is boring .
the toy sitting in the school by the truck is bored .	the toy sits in the school by the truck is bored .
the spoon sitting in the restaurant on the table is tall .	the spoon sits in the restaurant on the table is tall .
the rocket sitting is quiet .	the rocket sits is quiet .
the plate sitting is gentle .	the plate sits is gentle .
the ship sitting is nice .	the ship sits is nice .
the glass sitting is important .	the glass sits is important .
the bag sitting in the mall on the stool is curious .	the bag sits in the mall on the stool is curious .
the door sitting in the museum is angry .	the door sits in the museum is angry .
the bicycle sitting on the street on the chair is quiet .	the bicycle sits on the street on the chair is quiet .
the mirror sitting by the picture is wrong .	the mirror sits by the picture is wrong .
the candle sitting is angry .	the candle sits is angry .
the boat sitting is quiet .	the boat sits is quiet .
the book sitting by the plane is tall .	the book sits by the plane is tall .
the bowl sitting is confused .	the bowl sits is confused .
the box sitting in the school is tall .	the box sits in the school is tall .
the candle sitting by the hat is excited .	the candle sits by the hat is excited .
the plate sitting is sleepy .	the plate sits is sleepy .
the bicycle sitting in the mall on the couch is hungry .	the bicycle sits in the mall on the couch is hungry .
the crayon sitting by the truck is angry .	the crayon sits by the truck is angry .
the hat sitting is hungry .	the hat sits is hungry .
the rocket sitting is careful .	the rocket sits is careful .
the shoe sitting on the table is angry .	the shoe sits on the table is angry .
the boat sitting is confused .	the boat sits is confused .
the car sitting by the couch in the school is careful .	the car sits by the couch in the school is careful .
the rug sitting by the candle is young .	the rug sits by the candle is young .
the box sitting is curious .	the box sits is curious .
the rug sitting on the street is friendly .	the rug sits on the street is friendly .
the couch sitting is upset .	the couch sits is upset .
the boat sitting on the bed is nice .	the boat sits on the bed is nice .
the box sitting is friendly .	the box sits is friendly .
the glass sitting by the fork on the ground is strong .	the glass sits by the fork on the ground is strong .
the toy sitting is smart .	the toy sits is smart .
the fork sitting is excited .	the fork sits is excited .
the ring sitting is tired .	the ring sits is tired .
the ring sitting on the ground on the floor is upset .	the ring sits on the ground on the floor is upset .
the couch sitting in the park is careful .	the couch sits in the park is careful .
the car sitting in the hospital is wrong .	the car sits in the hospital is wrong .
the spoon sitting in the kitchen by the ship is nice .	the spoon sits in the kitchen by the ship is nice .
the ship sitting is clever .	the ship sits is clever .
the bowl sitting is sleepy .	the bowl sits is sleepy .
the bowl sitting by the spoon on the bed is curious .	the bowl sits by the spoon on the bed is curious .
the shirt sitting is confused .	the shirt sits is confused .
the mirror sitting by the couch is gentle .	the mirror sits by the couch is gentle .
the bed sitting in the mall is young .	the bed sits in the mall is young .
the boat sitting on the table on the ground is helpful .	the boat sits on the table on the ground is helpful .
the ring sitting is healthy .	the ring sits is healthy .
the bed sitting by the window is friendly .	the bed sits by the window is friendly .
the bed sitting on the table on the stool is helpful .	the bed sits on the table on the stool is helpful .
the bag sitting is confused .	the bag sits is confused .
the picture sitting by the book in the bank is curious .	the picture sits by the book in the bank is curious .
the shirt sitting is young .	the shirt sits is young .
the ring sitting is helpful .	the ring sits is helpful .
the shirt sitting on the chair on the table is nice .	the shirt sits on the chair on the table is nice .
the chair sitting in the school is busy .	the chair sits in the school is busy .
the door sitting is nice .	the door sits is nice .
the glass sitting by the picture by the toy is boring .	the glass sits by the picture by the toy is boring .
the box sitting is quiet .	the box sits is quiet .
the plate sitting is angry .	the plate sits is angry .
the hat sitting is bored .	the hat sits is bored .
the dish sitting in the mall is kind .	the dish sits in the mall is kind .
the bicycle sitting by the truck by the window is upset .	the bicycle sits by the truck by the window is upset .
the crayon sitting is busy .	the crayon sits is busy .
the truck sitting in the restaurant is excited .	the truck sits in the restaurant is excited .
the chair sitting is nice .	the chair sits is nice .
the crayon sitting on the street on the table is sleepy .	the crayon sits on the street on the table is sleepy .
the book sitting in the restaurant on the floor is wrong .	the book sits in the restaurant on the floor is wrong .
the rocket sitting by the bag is excited .	the rocket sits by the bag is excited .
the toy sitting on the chair in the school is boring .	the toy sits on the chair in the school is boring .
the button sitting is healthy .	the button sits is healthy .
the cup sitting by the shirt on the street is sleepy .	the cup sits by the shirt on the street is sleepy .
the chair sitting is angry .	the chair sits is angry .
the shirt sitting on the chair on the bed is helpful .	the shirt sits on the chair on the bed is helpful .
the fork sitting on the couch is friendly .	the fork sits on the couch is friendly .
the bottle sitting by the rug is healthy .	the bottle sits by the rug is healthy .
the bottle sitting is tall .	the bottle sits is tall .
the candle sitting in the mall in the museum is tired .	the candle sits in the mall in the museum is tired .
the shoe sitting is upset .	the shoe sits is upset .
the car sitting is lucky .	the car sits is lucky .
the bicycle sitting on the ground in the school is bored .	the bicycle sits on the ground in the school is bored .
the couch sitting is surprised .	the couch sits is surprised .
the candle sitting in the hospital by the shoe is excited .	the candle sits in the hospital by the shoe is excited .
the crayon sitting in the kitchen is clever .	the crayon sits in the kitchen is clever .
the mirror sitting on the street is nice .	the mirror sits on the street is nice .
the doll sitting is friendly .	the doll sits is friendly .
the car sitting by the fork is tired .	the car sits by the fork is tired .
the crayon sitting on the ground by the shoe is clever .	the crayon sits on the ground by the shoe is clever .
the cup sitting is hungry .	the cup sits is hungry .
the book sitting by the ring on the street is healthy .	the book sits by the ring on the street is healthy .
the box sitting in the bank by the rug is quiet .	the box sits in the bank by the rug is quiet .
the ship sitting on the ground is strong .	the ship sits on the ground is strong .
the rug sitting by the book is healthy .	the rug sits by the book is healthy .
the picture sitting in the museum is curious .	the picture sits in the museum is curious .
the cup sitting by the shoe by the couch is friendly .	the cup sits by the shoe by the couch is friendly .
the rug sitting by the car is wrong .	the rug sits by the car is wrong .
the spoon sitting is hungry .	the spoon sits is hungry .
the plate sitting is careful .	the plate sits is careful .
the candle sitting is lucky .	the candle sits is lucky .
the ring sitting is tall .	the ring sits is tall .
the cup sitting is quiet .	the cup sits is quiet .
the chair sitting is quiet .	the chair sits is quiet .
the ring sitting on the table is nice .	the ring sits on the table is nice .
the cup sitting is helpful .	the cup sits is helpful .
the bottle sitting is tired .	the bottle sits is tired .
the window sitting is healthy .	the window sits is healthy .
the window sitting on the couch is sleepy .	the window sits on the couch is sleepy .
the boat sitting is careful .	the boat sits is careful .
the shoe sitting is excited .	the shoe sits is excited .
the rocket sitting by the button on the chair is tall .	the rocket sits by the button on the chair is tall .
the bag sitting by the car by the couch is busy .	the bag sits by the car by the couch is busy .
the chair sitting in the kitchen in the room is tired .	the chair sits in the kitchen in the room is tired .
the window sitting is wrong .	the window sits is wrong .
the bed sitting by the box is upset .	the bed sits by the box is upset .
the bag sitting in the school on the stool is helpful .	the bag sits in the school on the stool is helpful .
the mirror sitting by the spoon on the floor is lucky .	the mirror sits by the spoon on the floor is lucky .
the shirt sitting by the bicycle is careful .	the shirt sits by the bicycle is careful .
the cup sitting in the library is healthy .	the cup sits in the library is healthy .
the bottle sitting by the doll in the park is curious .	the bottle sits by the doll in the park is curious .
the mirror sitting on the chair in the hospital is boring .	the mirror sits on the chair in the hospital is boring .
the ring sitting in the kitchen is strong .	the ring sits in the kitchen is strong .
the car sitting by the book is curious .	the car sits by the book is curious .
the candle sitting by the plate by the bottle is busy .	the candle sits by the plate by the bottle is busy .
the fork sitting in the school is upset .	the fork sits in the school is upset .
the glass sitting by the mirror is tall .	the glass sits by the mirror is tall .
the couch sitting is boring .	the couch sits is boring .
the boat sitting in the school on the chair is smart .	the boat sits in the school on the chair is smart .
the button sitting by the shirt in the kitchen is tall .	the button sits by the shirt in the kitchen is tall .
the box sitting is sleepy .	the box sits is sleepy .
the car sitting is important .	the car sits is important .
the bowl sitting by the cup is important .	the bowl sits by the cup is important .
the bottle sitting in the room by the bed is healthy .	the bottle sits in the room by the bed is healthy .
the button sitting is happy .	the button sits is happy .
the mirror sitting in the kitchen on the ground is hungry .	the mirror sits in the kitchen on the ground is hungry .
the mirror sitting on the floor is quiet .	the mirror sits on the floor is quiet .
the shoe sitting is smart .	the shoe sits is smart .
the picture sitting on the couch is important .	the picture sits on the couch is important .
the ship sitting in the mall is gentle .	the ship sits in the mall is gentle .
the ship sitting by the plane is busy .	the ship sits by the plane is busy .
the glass sitting by the spoon in the bank is confused .	the glass sits by the spoon in the bank is confused .
the bottle sitting by the fork is busy .	the bottle sits by the fork is busy .
the hat sitting on the floor on the table is quiet .	the hat sits on the floor on the table is quiet .
the candle sitting by the toy is hungry .	the candle sits by the toy is hungry .
the candle sitting on the couch is curious .	the candle sits on the couch is curious .
the box sitting on the table is happy .	the box sits on the table is happy .
the boat sitting is upset .	the boat sits is upset .
the book sitting on the couch by the bottle is lucky .	the book sits on the couch by the bottle is lucky .
the bottle sitting on the ground is helpful .	the bottle sits on the ground is helpful .
the toy sitting in the hospital is angry .	the toy sits in the hospital is angry .
the book sitting in the hospital in the room is boring .	the book sits in the hospital in the room is boring .
the door sitting by the candle is clever .	the door sits by the candle is clever .
the picture sitting on the chair is young .	the picture sits on the chair is young .
the door sitting in the restaurant is important .	the door sits in the restaurant is important .
the dish sitting on the couch is smart .	the dish sits on the couch is smart .
the boat sitting is kind .	the boat sits is kind .
the car sitting in the restaurant is friendly .	the car sits in the restaurant is friendly .
the bicycle sitting is lucky .	the bicycle sits is lucky .
the car sitting is friendly .	the car sits is friendly .
the rocket sitting is tired .	the rocket sits is tired .
the bottle sitting on the ground is strong .	the bottle sits on the ground is strong .
the truck sitting by the picture is surprised .	the truck sits by the picture is surprised .
the toy sitting in the mall is surprised .	the toy sits in the mall is surprised .
the plate sitting by the candle is happy .	the plate sits by the candle is happy .
the doll sitting by the bowl by the mirror is tall .	the doll sits by the bowl by the mirror is tall .
the box sitting by the button in the kitchen is upset .	the box sits by the button in the kitchen is upset .
the shirt sitting on the street by the button is young .	the shirt sits on the street by the button is young .
the fork sitting by the ring on the ground is helpful .	the fork sits by the ring on the ground is helpful .
the door sitting by the door on the ground is smart .	the door sits by the door on the ground is smart .
the plane sitting by the door is important .	the plane sits by the door is important .
the boat sitting is curious .	the boat sits is curious .
the plate sitting by the car is careful .	the plate sits by the car is careful .
the shirt sitting is hungry .	the shirt sits is hungry .
the window sitting on the table in the restaurant is surprised .	the window sits on the table in the restaurant is surprised .
the mirror sitting in the room is happy .	the mirror sits in the room is happy .
the picture sitting is hungry .	the picture sits is hungry .
the book sitting in the park on the floor is confused .	the book sits in the park on the floor is confused .
the toy sitting is friendly .	the toy sits is friendly .
the truck sitting on the stool is clever .	the truck sits on the stool is clever .
the couch sitting is nice .	the couch sits is nice .
the bed sitting on the couch by the bed is wrong .	the bed sits on the couch by the bed is wrong .
the door sitting on the couch is busy .	the door sits on the couch is busy .
the hat sitting is kind .	the hat sits is kind .
the shirt sitting on the floor in the hospital is boring .	the shirt sits on the floor in the hospital is boring .
the boat sitting in the library is confused .	the boat sits in the library is confused .
the doll sitting is angry .	the doll sits is angry .
the crayon sitting in the restaurant is bored .	the crayon sits in the restaurant is bored .
the rocket sitting in the restaurant is tall .	the rocket sits in the restaurant is tall .
the car sitting by the shirt in the restaurant is strong .	the car sits by the shirt in the restaurant is strong .
the couch sitting by the rug is confused .	the couch sits by the rug is confused .
the truck sitting by the hat is confused .	the truck sits by the hat is confused .
the boat sitting in the bank by the bowl is excited .	the boat sits in the bank by the bowl is excited .
the window sitting in the mall is boring .	the window sits in the mall is boring .
the picture sitting is friendly .	the picture sits is friendly .
the fork sitting by the dish on the couch is important .	the fork sits by the dish on the couch is important .
the crayon sitting in the museum is clever .	the crayon sits in the museum is clever .
the picture sitting is clever .	the picture sits is clever .
the toy sitting is tired .	the toy sits is tired .
the bottle sitting is young .	the bottle sits is young .
the rug sitting is bored .	the rug sits is bored .
the doll sitting on the floor is careful .	the doll sits on the floor is careful .
the ship sitting on the ground is smart .	the ship sits on the ground is smart .
the book sitting on the couch is kind .	the book sits on the couch is kind .
the shoe sitting is surprised .	the shoe sits is surprised .
the candle sitting on the couch by the bed is nice .	the candle sits on the couch by the bed is nice .
the rug sitting on the couch on the chair is boring .	the rug sits on the couch on the chair is boring .
the fork sitting in the bank on the street is angry .	the fork sits in the bank on the street is angry .
the window sitting is young .	the window sits is young .
the bicycle sitting in the restaurant by the truck is kind .	the bicycle sits in the restaurant by the truck is kind .
the ring sitting by the bowl is tired .	the ring sits by the bowl is tired .
the couch sitting in the room is nice .	the couch sits in the room is nice .
the plate sitting is important .	the plate sits is important .
the cup sitting is tall .	the cup sits is tall .
the car sitting is boring .	the car sits is boring .
the chair sitting by the boat is busy .	the chair sits by the boat is busy .
the bed sitting is nice .	the bed sits is nice .
the shirt sitting is quiet .	the shirt sits is quiet .
the toy sitting in the museum is clever .	the toy sits in the museum is clever .
the doll sitting is healthy .	the doll sits is healthy .
the cup sitting on the chair on the table is smart .	the cup sits on the chair on the table is smart .
the box sitting on the ground in the museum is busy .	the box sits on the ground in the museum is busy .
the plate sitting on the street is angry .	the plate sits on the street is angry .
the ring sitting is busy .	the ring sits is busy .
the couch sitting in the bank is boring .	the couch sits in the bank is boring .
the plane sitting in the room is quiet .	the plane sits in the room is quiet .
the window sitting is excited .	the window sits is excited .
the book sitting on the street on the bed is busy .	the book sits on the street on the bed is busy .
the doll sitting is upset .	the doll sits is upset .
the mirror sitting in the park is happy .	the mirror sits in the park is happy .
the rug sitting in the library by the door is clever .	the rug sits in the library by the door is clever .
the cup sitting by the couch on the bed is excited .	the cup sits by the couch on the bed is excited .
the box sitting by the book is smart .	the box sits by the book is smart .
the shoe sitting by the couch on the street is angry .	the shoe sits by the couch on the street is angry .
the toy sitting on the floor is happy .	the toy sits on the floor is happy .
the mirror sitting in the restaurant is quiet .	the mirror sits in the restaurant is quiet .
the glass sitting on the bed by the ship is happy .	the glass sits on the bed by the ship is happy .
the door sitting by the ship by the mirror is sleepy .	the door sits by the ship by the mirror is sleepy .
the book sitting is surprised .	the book sits is surprised .
the shirt sitting by the mirror by the car is busy .	the shirt sits by the mirror by the car is busy .
the button sitting in the school is careful .	the button sits in the school is careful .
the book sitting in the park is kind .	the book sits in the park is kind .
the rocket sitting in the hospital by the toy is tired .	the rocket sits in the hospital by the toy is tired .
the fork sitting is important .	the fork sits is important .
the shoe sitting is careful .	the shoe sits is careful .
the bag sitting by the bicycle is young .	the bag sits by the bicycle is young .
the picture sitting on the bed in the library is sleepy .	the picture sits on the bed in the library is sleepy .
the mirror sitting by the car is important .	the mirror sits by the car is important .
the shirt sitting is careful .	the shirt sits is careful .
the bag sitting is quiet .	the bag sits is quiet .
the truck sitting is friendly .	the truck sits is friendly .
the chair sitting in the restaurant is careful .	the chair sits in the restaurant is careful .
the hat sitting is surprised .	the hat sits is surprised .
the mirror sitting in the restaurant is surprised .	the mirror sits in the restaurant is surprised .
the door sitting by the couch is wrong .	the door sits by the couch is wrong .
the candle sitting by the car is helpful .	the candle sits by the car is helpful .
the door sitting in the mall is excited .	the door sits in the mall is excited .
the shoe sitting by the button is lucky .	the shoe sits by the button is lucky .
the book sitting is gentle .	the book sits is gentle .
the ring sitting in the restaurant on the stool is strong .	the ring sits in the restaurant on the stool is strong .
the mirror sitting in the room in the kitchen is wrong .	the mirror sits in the room in the kitchen is wrong .
the shoe sitting is confused .	the shoe sits is confused .
the box sitting is lucky .	the box sits is lucky .
the button sitting in the kitchen by the door is careful .	the button sits in the kitchen by the door is careful .
the rocket sitting is young .	the rocket sits is young .
the book sitting on the chair is hungry .	the book sits on the chair is hungry .
the spoon sitting on the street by the rug is angry .	the spoon sits on the street by the rug is angry .
the bed sitting in the museum by the bicycle is clever .	the bed sits in the museum by the bicycle is clever .
the car sitting on the table is healthy .	the car sits on the table is healthy .
the plane sitting is friendly .	the plane sits is friendly .
the truck sitting on the ground is young .	the truck sits on the ground is young .
the bottle sitting is happy .	the bottle sits is happy .
the book sitting is nice .	the book sits is nice .
the chair sitting is tired .	the chair sits is tired .
the picture sitting in the mall on the chair is important .	the picture sits in the mall on the chair is important .
the bicycle sitting in the school is upset .	the bicycle sits in the school is upset .
the shoe sitting is angry .	the shoe sits is angry .
the car sitting is helpful .	the car sits is helpful .
the shoe sitting on the street is quiet .	the shoe sits on the street is quiet .
the ship sitting on the floor in the room is important .	the ship sits on the floor in the room is important .
the couch sitting is confused .	the couch sits is confused .
the ring sitting is angry .	the ring sits is angry .
the plane sitting on the floor is bored .	the plane sits on the floor is bored .
the shoe sitting is busy .	the shoe sits is busy .
the ring sitting on the chair in the park is tall .	the ring sits on the chair in the park is tall .
the bag sitting in the bank in the museum is busy .	the bag sits in the bank in the museum is busy .
the dish sitting on the floor on the couch is gentle .	the dish sits on the floor on the couch is gentle .
the candle sitting is curious .	the candle sits is curious .
the bag sitting is lucky .	the bag sits is lucky .
the spoon sitting is important .	the spoon sits is important .
the car sitting on the stool on the ground is nice .	the car sits on the stool on the ground is nice .
the boat sitting is healthy .	the boat sits is healthy .
the shirt sitting by the ring is kind .	the shirt sits by the ring is kind .
the bag sitting is surprised .	the bag sits is surprised .
the door sitting by the ship in the mall is young .	the door sits by the ship in the mall is young .
the plate sitting is upset .	the plate sits is upset .
the dish sitting on the floor is busy .	the dish sits on the floor is busy .
the book sitting on the stool on the bed is nice .	the book sits on the stool on the bed is nice .
the glass sitting on the chair is busy .	the glass sits on the chair is busy .
the picture sitting is confused .	the picture sits is confused .
the dish sitting on the bed by the plane is curious .	the dish sits on the bed by the plane is curious .
the car sitting in the restaurant by the toy is angry .	the car sits in the restaurant by the toy is angry .
the toy sitting by the bowl is wrong .	the toy sits by the bowl is wrong .
the picture sitting by the box by the toy is boring .	the picture sits by the box by the toy is boring .
the bowl sitting is smart .	the bowl sits is smart .
the bowl sitting in the mall on the table is kind .	the bowl sits in the mall on the table is kind .
the window sitting on the table in the kitchen is bored .	the window sits on the table in the kitchen is bored .
the rug sitting on the floor on the table is lucky .	the rug sits on the floor on the table is lucky .
the boat sitting in the kitchen is angry .	the boat sits in the kitchen is angry .
the ring sitting in the library by the chair is confused .	the ring sits in the library by the chair is confused .
the plane sitting by the ring is kind .	the plane sits by the ring is kind .
the couch sitting in the restaurant is smart .	the couch sits in the restaurant is smart .
the rug sitting is important .	the rug sits is important .
the candle sitting on the bed is lucky .	the candle sits on the bed is lucky .
the couch sitting by the book in the school is curious .	the couch sits by the book in the school is curious .
the picture sitting is upset .	the picture sits is upset .
the spoon sitting is sleepy .	the spoon sits is sleepy .
the bag sitting on the ground on the ground is upset .	the bag sits on the ground on the ground is upset .
the bed sitting is wrong .	the bed sits is wrong .
the button sitting in the school on the table is friendly .	the button sits in the school on the table is friendly .
the picture sitting in the museum is careful .	the picture sits in the museum is careful .
the glass sitting on the floor is clever .	the glass sits on the floor is clever .
the crayon sitting by the plate by the shirt is careful .	the crayon sits by the plate by the shirt is careful .
the boat sitting in the school on the ground is happy .	the boat sits in the school on the ground is happy .
the shirt sitting by the cup is happy .	the shirt sits by the cup is happy .
the plane sitting is happy .	the plane sits is happy .
the chair sitting is young .	the chair sits is young .
the box sitting in the bank on the chair is sleepy .	the box sits in the bank on the chair is sleepy .
the bed sitting in the museum by the plate is young .	the bed sits in the museum by the plate is young .
the boat sitting on the floor is young .	the boat sits on the floor is young .
the ring sitting is gentle .	the ring sits is gentle .
the button sitting is lucky .	the button sits is lucky .
the rocket sitting on the stool by the plate is upset .	the rocket sits on the stool by the plate is upset .
the chair sitting is smart .	the chair sits is smart .
the picture sitting is quiet .	the picture sits is quiet .
the doll sitting in the hospital is important .	the doll sits in the hospital is important .
the plate sitting is helpful .	the plate sits is helpful .
the book sitting is young .	the book sits is young .
the toy sitting is sleepy .	the toy sits is sleepy .
the plane sitting by the fork is young .	the plane sits by the fork is young .
the bicycle sitting is important .	the bicycle sits is important .
the box sitting in the restaurant is healthy .	the box sits in the restaurant is healthy .
the crayon sitting in the mall in the mall is nice .	the crayon sits in the mall in the mall is nice .
the toy sitting in the bank in the kitchen is happy .	the toy sits in the bank in the kitchen is happy .
the plane sitting is hungry .	the plane sits is hungry .
the cup sitting is careful .	the cup sits is careful .
the chair sitting by the window is important .	the chair sits by the window is important .
the door sitting is upset .	the door sits is upset .
the cup sitting is excited .	the cup sits is excited .
the bottle sitting in the mall on the bed is upset .	the bottle sits in the mall on the bed is upset .
the plate sitting in the school on the floor is nice .	the plate sits in the school on the floor is nice .
the chair sitting in the school by the button is tall .	the chair sits in the school by the button is tall .
the crayon sitting by the button in the museum is careful .	the crayon sits by the button in the museum is careful .
the car sitting in the bank is strong .	the car sits in the bank is strong .
the spoon sitting is helpful .	the spoon sits is helpful .
the spoon sitting is tired .	the spoon sits is tired .
the chair sitting is hungry .	the chair sits is hungry .
the candle sitting is friendly .	the candle sits is friendly .
the plane sitting in the school by the candle is quiet .	the plane sits in the school by the candle is quiet .
the dish sitting is smart .	the dish sits is smart .
the bottle sitting on the street on the chair is wrong .	the bottle sits on the street on the chair is wrong .
the box sitting in the library is quiet .	the box sits in the library is quiet .
the fork sitting in the mall is tall .	the fork sits in the mall is tall .
the doll sitting on the street in the park is angry .	the doll sits on the street in the park is angry .
the book sitting on the chair is confused .	the book sits on the chair is confused .
the ship sitting on the ground is bored .	the ship sits on the ground is bored .
the couch sitting is angry .	the couch sits is angry .
the bicycle sitting is careful .	the bicycle sits is careful .
the book sitting is excited .	the book sits is excited .
the book sitting by the box in the museum is friendly .	the book sits by the box in the museum is friendly .
the dish sitting on the table is tired .	the dish sits on the table is tired .
the cup sitting is lucky .	the cup sits is lucky .
the button sitting is quiet .	the button sits is quiet .
the spoon sitting is kind .	the spoon sits is kind .
the mirror sitting in the bank is important .	the mirror sits in the bank is important .
the couch sitting in the bank is clever .	the couch sits in the bank is clever .
the bed sitting on the chair by the truck is excited .	the bed sits on the chair by the truck is excited .
the ship sitting by the dish is bored .	the ship sits by the dish is bored .
the glass sitting is gentle .	the glass sits is gentle .
the chair sitting on the bed is bored .	the chair sits on the bed is bored .
the window sitting in the hospital is gentle .	the window sits in the hospital is gentle .
the hat sitting on the chair is helpful .	the hat sits on the chair is helpful .
the button sitting on the floor on the ground is young .	the button sits on the floor on the ground is young .
the cup sitting on the floor in the library is curious .	the cup sits on the floor in the library is curious .
the book sitting is careful .	the book sits is careful .
the bed sitting in the library is strong .	the bed sits in the library is strong .
the chair sitting is wrong .	the chair sits is wrong .
the book sitting in the room is excited .	the book sits in the room is excited .
the hat sitting is smart .	the hat sits is smart .
the car sitting in the bank is bored .	the car sits in the bank is bored .
the crayon sitting by the ring in the mall is boring .	the crayon sits by the ring in the mall is boring .
the shirt sitting by the door is lucky .	the shirt sits by the door is lucky .
the mirror sitting is sleepy .	the mirror sits is sleepy .
the bowl sitting in the library is helpful .	the bowl sits in the library is helpful .
the truck sitting on the table is young .	the truck sits on the table is young .
the shirt sitting by the cup is young .	the shirt sits by the cup is young .
the shoe sitting in the school on the chair is boring .	the shoe sits in the school on the chair is boring .
the bottle sitting by the crayon is kind .	the bottle sits by the crayon is kind .
the rug sitting by the window on the ground is gentle .	the rug sits by the window on the ground is gentle .
the glass sitting on the table is quiet .	the glass sits on the table is quiet .
the bag sitting is smart .	the bag sits is smart .
the toy sitting in the room is surprised .	the toy sits in the room is surprised .
the plane sitting on the table by the car is hungry .	the plane sits on the table by the car is hungry .
the toy sitting in the park is wrong .	the toy sits in the park is wrong .
the hat sitting is tired .	the hat sits is tired .
the mirror sitting on the floor is confused .	the mirror sits on the floor is confused .
the bag sitting by the candle on the table is strong .	the bag sits by the candle on the table is strong .
the spoon sitting is young .	the spoon sits is young .
the plane sitting by the cup is excited .	the plane sits by the cup is excited .
the rug sitting in the kitchen by the couch is happy .	the rug sits in the kitchen by the couch is happy .
the bicycle sitting on the bed is busy .	the bicycle sits on the bed is busy .
the bag sitting in the museum is tired .	the bag sits in the museum is tired .
the picture sitting in the kitchen is strong .	the picture sits in the kitchen is strong .
the bowl sitting is wrong .	the bowl sits is wrong .
the plate sitting in the school on the table is sleepy .	the plate sits in the school on the table is sleepy .
the bicycle sitting is nice .	the bicycle sits is nice .
the plane sitting on the bed by the spoon is wrong .	the plane sits on the bed by the spoon is wrong .
the rug sitting in the museum in the museum is surprised .	the rug sits in the museum in the museum is surprised .
the glass sitting in the restaurant in the bank is happy .	the glass sits in the restaurant in the bank is happy .
the plate sitting by the doll by the plate is lucky .	the plate sits by the doll by the plate is lucky .
the shoe sitting on the stool is sleepy .	the shoe sits on the stool is sleepy .
the ship sitting is important .	the ship sits is important .
the candle sitting in the room by the ring is friendly .	the candle sits in the room by the ring is friendly .
the couch sitting by the fork is clever .	the couch sits by the fork is clever .
the bed sitting on the floor is young .	the bed sits on the floor is young .
the button sitting on the chair by the hat is gentle .	the button sits on the chair by the hat is gentle .
the boat sitting on the couch on the chair is smart .	the boat sits on the couch on the chair is smart .
the bag sitting in the restaurant on the table is healthy .	the bag sits in the restaurant on the table is healthy .
the bowl sitting in the school is sleepy .	the bowl sits in the school is sleepy .
the button sitting on the ground is excited .	the button sits on the ground is excited .
the dish sitting in the school is hungry .	the dish sits in the school is hungry .
the ship sitting by the picture is confused .	the ship sits by the picture is confused .
the car sitting on the street is helpful .	the car sits on the street is helpful .
the bowl sitting is happy .	the bowl sits is happy .
the ship sitting is tall .	the ship sits is tall .
the bowl sitting in the school is wrong .	the bowl sits in the school is wrong .
the plane sitting on the table on the bed is wrong .	the plane sits on the table on the bed is wrong .
the crayon sitting is friendly .	the crayon sits is friendly .
the bottle sitting on the stool is healthy .	the bottle sits on the stool is healthy .
the mirror sitting by the door is lucky .	the mirror sits by the door is lucky .
the couch sitting is hungry .	the couch sits is hungry .
the spoon sitting is boring .	the spoon sits is boring .
the ship sitting is gentle .	the ship sits is gentle .
the button sitting on the ground by the dish is boring .	the button sits on the ground by the dish is boring .
the doll sitting on the stool by the truck is kind .	the doll sits on the stool by the truck is kind .
the fork sitting is smart .	the fork sits is smart .
the bottle sitting is gentle .	the bottle sits is gentle .
the couch sitting on the bed on the ground is wrong .	the couch sits on the bed on the ground is wrong .
the cup sitting is strong .	the cup sits is strong .
the plane sitting on the table by the bottle is upset .	the plane sits on the table by the bottle is upset .
the door sitting is bored .	the door sits is bored .
the boat sitting by the bottle is healthy .	the boat sits by the bottle is healthy .
the picture sitting is surprised .	the picture sits is surprised .
the dish sitting is young .	the dish sits is young .
the candle sitting in the bank on the couch is tired .	the candle sits in the bank on the couch is tired .
the window sitting is helpful .	the window sits is helpful .
the bag sitting on the chair is tired .	the bag sits on the chair is tired .
the glass sitting in the library by the rug is smart .	the glass sits in the library by the rug is smart .
the box sitting on the table is bored .	the box sits on the table is bored .
the plate sitting in the bank is bored .	the plate sits in the bank is bored .
the dish sitting by the toy is important .	the dish sits by the toy is important .
the boat sitting is excited .	the boat sits is excited .
the chair sitting on the stool on the bed is sleepy .	the chair sits on the stool on the bed is sleepy .
the bottle sitting on the street by the dish is curious .	the bottle sits on the street by the dish is curious .
the car sitting is excited .	the car sits is excited .
the plate sitting is curious .	the plate sits is curious .
the button sitting by the bottle is curious .	the button sits by the bottle is curious .
the rug sitting by the button is careful .	the rug sits by the button is careful .
the ring sitting by the candle is happy .	the ring sits by the candle is happy .
the candle sitting by the ring is excited .	the candle sits by the ring is excited .
the dish sitting is helpful .	the dish sits is helpful .
the bowl sitting is gentle .	the bowl sits is gentle .
the boat sitting on the couch by the bottle is sleepy .	the boat sits on the couch by the bottle is sleepy .
the box sitting by the mirror is healthy .	the box sits by the mirror is healthy .
the rug sitting by the bed in the mall is sleepy .	the rug sits by the bed in the mall is sleepy .
the spoon sitting in the museum is smart .	the spoon sits in the museum is smart .
the window sitting by the door by the spoon is curious .	the window sits by the door by the spoon is curious .
the window sitting on the street in the bank is tall .	the window sits on the street in the bank is tall .
the fork sitting by the door is young .	the fork sits by the door is young .
the spoon sitting in the hospital by the toy is bored .	the spoon sits in the hospital by the toy is bored .
the shirt sitting is strong .	the shirt sits is strong .
the box sitting in the museum in the bank is smart .	the box sits in the museum in the bank is smart .
the spoon sitting is happy .	the spoon sits is happy .
the plate sitting is boring .	the plate sits is boring .
the bed sitting is clever .	the bed sits is clever .
the book sitting is busy .	the book sits is busy .
the shoe sitting in the room on the table is confused .	the shoe sits in the room on the table is confused .
the ring sitting in the room is friendly .	the ring sits in the room is friendly .
the shoe sitting by the truck on the stool is friendly .	the shoe sits by the truck on the stool is friendly .
the door sitting by the book on the floor is helpful .	the door sits by the book on the floor is helpful .
the box sitting is nice .	the box sits is nice .
the bicycle sitting in the room is curious .	the bicycle sits in the room is curious .
the crayon sitting on the table is important .	the crayon sits on the table is important .
the door sitting by the plate is tall .	the door sits by the plate is tall .
the toy sitting is excited .	the toy sits is excited .
the bicycle sitting is tall .	the bicycle sits is tall .
the door sitting by the ring is tired .	the door sits by the ring is tired .
the plane sitting is angry .	the plane sits is angry .
the picture sitting is busy .	the picture sits is busy .
the bicycle sitting is bored .	the bicycle sits is bored .
the bowl sitting is clever .	the bowl sits is clever .
the rocket sitting is happy .	the rocket sits is happy .
the cup sitting on the table is friendly .	the cup sits on the table is friendly .
the boat sitting by the rocket in the museum is careful .	the boat sits by the rocket in the museum is careful .
the bicycle sitting in the school is nice .	the bicycle sits in the school is nice .
the car sitting is upset .	the car sits is upset .
the rug sitting by the bowl is kind .	the rug sits by the bowl is kind .
the mirror sitting by the car is strong .	the mirror sits by the car is strong .
the window sitting by the boat is curious .	the window sits by the boat is curious .
the car sitting in the school is clever .	the car sits in the school is clever .
the bicycle sitting is curious .	the bicycle sits is curious .
the door sitting by the bag on the floor is bored .	the door sits by the bag on the floor is bored .
the ship sitting in the library by the chair is gentle .	the ship sits in the library by the chair is gentle .
the boat sitting is strong .	the boat sits is strong .
the ring sitting is careful .	the ring sits is careful .
the picture sitting in the bank on the couch is excited .	the picture sits in the bank on the couch is excited .
the bag sitting by the book by the mirror is helpful .	the bag sits by the book by the mirror is helpful .
the dish sitting is kind .	the dish sits is kind .
the cup sitting on the bed is bored .	the cup sits on the bed is bored .
the plane sitting is curious .	the plane sits is curious .
the mirror sitting in the mall is excited .	the mirror sits in the mall is excited .
the car sitting in the hospital in the museum is confused .	the car sits in the hospital in the museum is confused .
the rug sitting is angry .	the rug sits is angry .
the hat sitting is happy .	the hat sits is happy .
the cup sitting is happy .	the cup sits is happy .
the toy sitting is kind .	the toy sits is kind .
the candle sitting is careful .	the candle sits is careful .
the crayon sitting by the window on the ground is sleepy .	the crayon sits by the window on the ground is sleepy .
the boat sitting is young .	the boat sits is young .
the hat sitting by the toy is friendly .	the hat sits by the toy is friendly .
the couch sitting by the book in the bank is curious .	the couch sits by the book in the bank is curious .
the car sitting by the crayon is important .	the car sits by the crayon is important .
the boat sitting is angry .	the boat sits is angry .
the doll sitting by the rocket in the kitchen is smart .	the doll sits by the rocket in the kitchen is smart .
the car sitting is wrong .	the car sits is wrong .
the box sitting in the museum by the spoon is gentle .	the box sits in the museum by the spoon is gentle .
the rocket sitting in the room is careful .	the rocket sits in the room is careful .
the bowl sitting by the car is nice .	the bowl sits by the car is nice .
the book sitting is smart .	the book sits is smart .
the shirt sitting on the floor is hungry .	the shirt sits on the floor is hungry .
the bicycle sitting by the plane is gentle .	the bicycle sits by the plane is gentle .
the cup sitting on the chair is bored .	the cup sits on the chair is bored .
the rug sitting by the car in the hospital is happy .	the rug sits by the car in the hospital is happy .
the rug sitting is helpful .	the rug sits is helpful .
the hat sitting is clever .	the hat sits is clever .
the truck sitting is healthy .	the truck sits is healthy .
the doll sitting is important .	the doll sits is important .
the mirror sitting is wrong .	the mirror sits is wrong .
the book sitting on the chair by the button is strong .	the book sits on the chair by the button is strong .
the doll sitting by the rocket is angry .	the doll sits by the rocket is angry .
the rocket sitting on the chair is surprised .	the rocket sits on the chair is surprised .
the rocket sitting by the ship is lucky .	the rocket sits by the ship is lucky .
the plane sitting is confused .	the plane sits is confused .
the hat sitting on the stool in the hospital is careful .	the hat sits on the stool in the hospital is careful .
the doll sitting is clever .	the doll sits is clever .
the crayon sitting is excited .	the crayon sits is excited .
the fork sitting is wrong .	the fork sits is wrong .
the bed sitting in the kitchen in the mall is happy .	the bed sits in the kitchen in the mall is happy .
the plate sitting on the floor in the kitchen is young .	the plate sits on the floor in the kitchen is young .
the toy sitting on the table on the bed is surprised .	the toy sits on the table on the bed is surprised .
the fork sitting on the table by the couch is boring .	the fork sits on the table by the couch is boring .
the toy sitting in the kitchen in the room is strong .	the toy sits in the kitchen in the room is strong .
the window sitting on the table in the library is young .	the window sits on the table in the library is young .
the button sitting by the picture on the street is angry .	the button sits by the picture on the street is angry .
the couch sitting on the floor is gentle .	the couch sits on the floor is gentle .
the shirt sitting is friendly .	the shirt sits is friendly .
the plate sitting is bored .	the plate sits is bored .
the hat sitting in the kitchen is curious .	the hat sits in the kitchen is curious .
the shoe sitting by the window is busy .	the shoe sits by the window is busy .
the ship sitting on the table on the table is curious .	the ship sits on the table on the table is curious .
the window sitting is surprised .	the window sits is surprised .
the door sitting by the car in the school is helpful .	the door sits by the car in the school is helpful .
the plate sitting on the ground in the mall is upset .	the plate sits on the ground in the mall is upset .
the car sitting in the school is wrong .	the car sits in the school is wrong .
the button sitting is curious .	the button sits is curious .
the spoon sitting on the ground is strong .	the spoon sits on the ground is strong .
the window sitting on the floor by the boat is healthy .	the window sits on the floor by the boat is healthy .
the car sitting is smart .	the car sits is smart .
the bottle sitting in the museum is wrong .	the bottle sits in the museum is wrong .
the shirt sitting by the boat on the bed is tired .	the shirt sits by the boat on the bed is tired .
the dish sitting in the restaurant is bored .	the dish sits in the restaurant is bored .
the couch sitting in the school is lucky .	the couch sits in the school is lucky .
the book sitting in the mall is upset .	the book sits in the mall is upset .
the car sitting by the boat in the hospital is quiet .	the car sits by the boat in the hospital is quiet .
the hat sitting on the table is tired .	the hat sits on the table is tired .
the toy sitting in the school on the ground is quiet .	the toy sits in the school on the ground is quiet .
the button sitting by the bag is quiet .	the button sits by the bag is quiet .
the button sitting is nice .	the button sits is nice .
the plate sitting on the table is upset .	the plate sits on the table is upset .
the shirt sitting in the mall is friendly .	the shirt sits in the mall is friendly .
the plate sitting is young .	the plate sits is young .
the chair sitting in the kitchen is surprised .	the chair sits in the kitchen is surprised .
the doll sitting by the spoon by the shoe is bored .	the doll sits by the spoon by the shoe is bored .
the rocket sitting is kind .	the rocket sits is kind .
the plane sitting on the ground in the restaurant is quiet .	the plane sits on the ground in the restaurant is quiet .
the button sitting on the ground on the stool is young .	the button sits on the ground on the stool is young .
the doll sitting by the doll by the cup is smart .	the doll sits by the doll by the cup is smart .
the spoon sitting on the stool in the room is curious .	the spoon sits on the stool in the room is curious .
the plane sitting is sleepy .	the plane sits is sleepy .
the crayon sitting is tall .	the crayon sits is tall .
the hat sitting on the table is busy .	the hat sits on the table is busy .
the spoon sitting in the room in the restaurant is healthy .	the spoon sits in the room in the restaurant is healthy .
the glass sitting is lucky .	the glass sits is lucky .
the book sitting is lucky .	the book sits is lucky .
the toy sitting is surprised .	the toy sits is surprised .
the shirt sitting is tall .	the shirt sits is tall .
the candle sitting in the library on the table is young .	the candle sits in the library on the table is young .
the toy sitting by the car is lucky .	the toy sits by the car is lucky .
the bowl sitting by the car by the bed is angry .	the bowl sits by the car by the bed is angry .
the candle sitting is clever .	the candle sits is clever .
the car sitting on the floor is wrong .	the car sits on the floor is wrong .
the window sitting by the candle by the toy is lucky .	the window sits by the candle by the toy is lucky .
the truck sitting is angry .	the truck sits is angry .
the shirt sitting is busy .	the shirt sits is busy .
the bicycle sitting on the table is gentle .	the bicycle sits on the table is gentle .
the door sitting on the table by the shirt is helpful .	the door sits on the table by the shirt is helpful .
the cup sitting in the school on the bed is friendly .	the cup sits in the school on the bed is friendly .
the button sitting is young .	the button sits is young .
the door sitting on the table is smart .	the door sits on the table is smart .
the shirt sitting by the car is important .	the shirt sits by the car is important .
the book sitting in the room on the floor is smart .	the book sits in the room on the floor is smart .
the shirt sitting on the stool by the shoe is strong .	the shirt sits on the stool by the shoe is strong .
the dish sitting by the bag in the restaurant is sleepy .	the dish sits by the bag in the restaurant is sleepy .
the ring sitting on the stool on the floor is lucky .	the ring sits on the stool on the floor is lucky .
the bag sitting by the window is friendly .	the bag sits by the window is friendly .
the spoon sitting on the couch in the hospital is quiet .	the spoon sits on the couch in the hospital is quiet .
the picture sitting in the park by the fork is important .	the picture sits in the park by the fork is important .
the bottle sitting on the ground on the table is upset .	the bottle sits on the ground on the table is upset .
the crayon sitting on the stool is excited .	the crayon sits on the stool is excited .
the book sitting by the ring on the floor is curious .	the book sits by the ring on the floor is curious .
the candle sitting by the dish by the couch is lucky .	the candle sits by the dish by the couch is lucky .
the spoon sitting by the car in the restaurant is quiet .	the spoon sits by the car in the restaurant is quiet .
the crayon sitting in the hospital is clever .	the crayon sits in the hospital is clever .
the dish sitting in the library by the plate is healthy .	the dish sits in the library by the plate is healthy .
the ring sitting is wrong .	the ring sits is wrong .
the shirt sitting in the restaurant in the kitchen is upset .	the shirt sits in the restaurant in the kitchen is upset .
the doll sitting by the book is wrong .	the doll sits by the book is wrong .
the rug sitting is young .	the rug sits is young .
the window sitting in the hospital is important .	the window sits in the hospital is important .
the doll sitting by the book by the rocket is clever .	the doll sits by the book by the rocket is clever .
the hat sitting is quiet .	the hat sits is quiet .
the bicycle sitting is wrong .	the bicycle sits is wrong .
the book sitting by the chair in the bank is clever .	the book sits by the chair in the bank is clever .
the car sitting in the restaurant is upset .	the car sits in the restaurant is upset .
the picture sitting by the shirt is angry .	the picture sits by the shirt is angry .
the button sitting on the chair is hungry .	the button sits on the chair is hungry .
the truck sitting by the rug on the floor is surprised .	the truck sits by the rug on the floor is surprised .
the toy sitting on the couch on the chair is clever .	the toy sits on the couch on the chair is clever .
the book sitting in the park is angry .	the book sits in the park is angry .
the shoe sitting on the stool is smart .	the shoe sits on the stool is smart .
the mirror sitting on the chair is angry .	the mirror sits on the chair is angry .
the car sitting by the box is tired .	the car sits by the box is tired .
the spoon sitting is upset .	the spoon sits is upset .
the boat sitting on the chair in the hospital is quiet .	the boat sits on the chair in the hospital is quiet .
the candle sitting is smart .	the candle sits is smart .
the crayon sitting is hungry .	the crayon sits is hungry .
the button sitting in the park is helpful .	the button sits in the park is helpful .
the shirt sitting by the cup on the bed is healthy .	the shirt sits by the cup on the bed is healthy .
the button sitting is helpful .	the button sits is helpful .
the bottle sitting is excited .	the bottle sits is excited .
the candle sitting is tired .	the candle sits is tired .
the couch sitting by the spoon in the school is helpful .	the couch sits by the spoon in the school is helpful .
the spoon sitting is gentle .	the spoon sits is gentle .
the bed sitting in the mall in the restaurant is healthy .	the bed sits in the mall in the restaurant is healthy .
the car sitting on the couch is tired .	the car sits on the couch is tired .
the chair sitting is sleepy .	the chair sits is sleepy .
the bag sitting on the stool in the bank is quiet .	the bag sits on the stool in the bank is quiet .
the bowl sitting in the kitchen is curious .	the bowl sits in the kitchen is curious .
the bowl sitting is lucky .	the bowl sits is lucky .
the bowl sitting by the ship is strong .	the bowl sits by the ship is strong .
the chair sitting in the restaurant by the glass is tall .	the chair sits in the restaurant by the glass is tall .
the spoon sitting in the bank by the plane is young .	the spoon sits in the bank by the plane is young .
the dish sitting is bored .	the dish sits is bored .
the button sitting on the stool is clever .	the button sits on the stool is clever .
the picture sitting by the spoon is tall .	the picture sits by the spoon is tall .
the rocket sitting by the box is kind .	the rocket sits by the box is kind .
the bicycle sitting is busy .	the bicycle sits is busy .
the glass sitting by the boat by the candle is boring .	the glass sits by the boat by the candle is boring .
the bicycle sitting is helpful .	the bicycle sits is helpful .
the bottle sitting in the school is hungry .	the bottle sits in the school is hungry .
the book sitting in the hospital is angry .	the book sits in the hospital is angry .
the mirror sitting is gentle .	the mirror sits is gentle .
the boat sitting by the plane is upset .	the boat sits by the plane is upset .
the chair sitting on the chair by the boat is quiet .	the chair sits on the chair by the boat is quiet .
the shoe sitting in the mall is bored .	the shoe sits in the mall is bored .
the ring sitting in the library in the library is smart .	the ring sits in the library in the library is smart .
the button sitting is upset .	the button sits is upset .
the bottle sitting by the cup by the spoon is wrong .	the bottle sits by the cup by the spoon is wrong .
the glass sitting by the ship is nice .	the glass sits by the ship is nice .
the box sitting is clever .	the box sits is clever .
the picture sitting by the bed on the couch is young .	the picture sits by the bed on the couch is young .
the shirt sitting on the stool is happy .	the shirt sits on the stool is happy .
the plate sitting is happy .	the plate sits is happy .
the glass sitting by the car is tall .	the glass sits by the car is tall .
the bag sitting in the mall on the floor is important .	the bag sits in the mall on the floor is important .
the plane sitting in the mall is helpful .	the plane sits in the mall is helpful .
the bowl sitting by the couch is tired .	the bowl sits by the couch is tired .
the doll sitting by the rug is strong .	the doll sits by the rug is strong .
the spoon sitting in the school in the restaurant is angry .	the spoon sits in the school in the restaurant is angry .
the box sitting is healthy .	the box sits is healthy .
the rocket sitting on the chair on the bed is busy .	the rocket sits on the chair on the bed is busy .
the hat sitting is wrong .	the hat sits is wrong .
the ring sitting is boring .	the ring sits is boring .
the truck sitting is surprised .	the truck sits is surprised .
the shirt sitting in the hospital is helpful .	the shirt sits in the hospital is helpful .
the bed sitting in the park by the hat is kind .	the bed sits in the park by the hat is kind .
the bicycle sitting in the kitchen is excited .	the bicycle sits in the kitchen is excited .
the button sitting in the museum in the school is boring .	the button sits in the museum in the school is boring .
the spoon sitting in the museum on the couch is confused .	the spoon sits in the museum on the couch is confused .
the spoon sitting is wrong .	the spoon sits is wrong .
the doll sitting on the bed on the table is excited .	the doll sits on the bed on the table is excited .
the ship sitting is wrong .	the ship sits is wrong .
the truck sitting is boring .	the truck sits is boring .
the bowl sitting in the hospital on the table is hungry .	the bowl sits in the hospital on the table is hungry .
the candle sitting is happy .	the candle sits is happy .
the car sitting is bored .	the car sits is bored .
the rocket sitting is strong .	the rocket sits is strong .
the boat sitting in the school by the boat is boring .	the boat sits in the school by the boat is boring .
the hat sitting is important .	the hat sits is important .
the shirt sitting is gentle .	the shirt sits is gentle .
the shirt sitting on the stool on the couch is confused .	the shirt sits on the stool on the couch is confused .
the rocket sitting is boring .	the rocket sits is boring .
the hat sitting in the restaurant by the bag is hungry .	the hat sits in the restaurant by the bag is hungry .
the ring sitting on the street on the ground is busy .	the ring sits on the street on the ground is busy .
the hat sitting in the hospital is smart .	the hat sits in the hospital is smart .
the window sitting is sleepy .	the window sits is sleepy .
the glass sitting is kind .	the glass sits is kind .
the bowl sitting on the ground is happy .	the bowl sits on the ground is happy .
the plane sitting by the shirt is hungry .	the plane sits by the shirt is hungry .
the toy sitting on the street is important .	the toy sits on the street is important .
the mirror sitting is friendly .	the mirror sits is friendly .
the truck sitting on the bed is tired .	the truck sits on the bed is tired .
the mirror sitting on the stool on the ground is gentle .	the mirror sits on the stool on the ground is gentle .
the truck sitting on the couch by the bag is healthy .	the truck sits on the couch by the bag is healthy .
the book sitting is kind .	the book sits is kind .
the chair sitting on the street on the stool is upset .	the chair sits on the street on the stool is upset .
the couch sitting in the library is helpful .	the couch sits in the library is helpful .
the button sitting by the door is nice .	the button sits by the door is nice .
the cup sitting by the mirror is wrong .	the cup sits by the mirror is wrong .
the rug sitting on the floor is happy .	the rug sits on the floor is happy .
the box sitting by the toy by the ring is bored .	the box sits by the toy by the ring is bored .
the spoon sitting by the window is confused .	the spoon sits by the window is confused .
the ship sitting is hungry .	the ship sits is hungry .
the truck sitting on the bed is gentle .	the truck sits on the bed is gentle .
the boat sitting in the museum in the bank is kind .	the boat sits in the museum in the bank is kind .
the bowl sitting by the spoon by the box is curious .	the bowl sits by the spoon by the box is curious .
the door sitting on the floor by the bowl is nice .	the door sits on the floor by the bowl is nice .
the couch sitting by the candle is busy .	the couch sits by the candle is busy .
the truck sitting on the stool is surprised .	the truck sits on the stool is surprised .
the book sitting by the window by the car is strong .	the book sits by the window by the car is strong .
the book sitting is boring .	the book sits is boring .
the door sitting in the hospital is kind .	the door sits in the hospital is kind .
the box sitting by the rocket is excited .	the box sits by the rocket is excited .
the couch sitting by the plane in the park is surprised .	the couch sits by the plane in the park is surprised .
the shirt sitting on the floor on the table is happy .	the shirt sits on the floor on the table is happy .
the crayon sitting is curious .	the crayon sits is curious .
the bag sitting on the street is smart .	the bag sits on the street is smart .
the door sitting on the table is helpful .	the door sits on the table is helpful .
the car sitting by the rug by the spoon is strong .	the car sits by the rug by the spoon is strong .
the chair sitting in the room is smart .	the chair sits in the room is smart .
the book sitting by the picture is clever .	the book sits by the picture is clever .
the toy sitting is busy .	the toy sits is busy .
the shoe sitting on the ground on the stool is nice .	the shoe sits on the ground on the stool is nice .
the glass sitting is healthy .	the glass sits is healthy .
the car sitting on the table is important .	the car sits on the table is important .
the doll sitting on the bed on the ground is angry .	the doll sits on the bed on the ground is angry .
the fork sitting in the museum by the rocket is bored .	the fork sits in the museum by the rocket is bored .
the car sitting in the library is happy .	the car sits in the library is happy .
the boat sitting on the ground on the couch is smart .	the boat sits on the ground on the couch is smart .
the plane sitting on the floor in the school is angry .	the plane sits on the floor in the school is angry .
the plate sitting by the glass is busy .	the plate sits by the glass is busy .
the cup sitting is wrong .	the cup sits is wrong .
the shoe sitting on the chair is confused .	the shoe sits on the chair is confused .
the dish sitting is boring .	the dish sits is boring .
the mirror sitting in the school in the hospital is happy .	the mirror sits in the school in the hospital is happy .
the couch sitting in the kitchen is young .	the couch sits in the kitchen is young .
the button sitting by the chair on the stool is surprised .	the button sits by the chair on the stool is surprised .
the crayon sitting is angry .	the crayon sits is angry .
the rug sitting on the ground is sleepy .	the rug sits on the ground is sleepy .
the glass sitting by the car is important .	the glass sits by the car is important .
the car sitting by the ring is sleepy .	the car sits by the ring is sleepy .
the mirror sitting is busy .	the mirror sits is busy .
the glass sitting is careful .	the glass sits is careful .
the box sitting in the restaurant is nice .	the box sits in the restaurant is nice .
the dish sitting by the box is sleepy .	the dish sits by the box is sleepy .
the bottle sitting by the window in the library is nice .	the bottle sits by the window in the library is nice .
the ring sitting by the glass is tired .	the ring sits by the glass is tired .
the rocket sitting is hungry .	the rocket sits is hungry .
the plate sitting is healthy .	the plate sits is healthy .
the boat sitting by the shirt is hungry .	the boat sits by the shirt is hungry .
the picture sitting by the boat is boring .	the picture sits by the boat is boring .
the book sitting is confused .	the book sits is confused .
the plate sitting by the shirt is important .	the plate sits by the shirt is important .
the glass sitting in the hospital on the chair is quiet .	the glass sits in the hospital on the chair is quiet .
the crayon sitting by the candle is angry .	the crayon sits by the candle is angry .
the glass sitting on the stool is happy .	the glass sits on the stool is happy .
the hat sitting in the room in the room is boring .	the hat sits in the room in the room is boring .
the dish sitting is sleepy .	the dish sits is sleepy .
the fork sitting is friendly .	the fork sits is friendly .
the hat sitting by the fork is boring .	the hat sits by the fork is boring .
the rug sitting in the room on the floor is kind .	the rug sits in the room on the floor is kind .
the bowl sitting by the bicycle is helpful .	the bowl sits by the bicycle is helpful .
the door sitting on the couch is bored .	the door sits on the couch is bored .
the bicycle sitting by the ship in the hospital is curious .	the bicycle sits by the ship in the hospital is curious .
the bag sitting is boring .	the bag sits is boring .
the ship sitting in the restaurant by the plane is angry .	the ship sits in the restaurant by the plane is angry .
the candle sitting in the room is nice .	the candle sits in the room is nice .
the bed sitting is kind .	the bed sits is kind .
the bicycle sitting by the shoe in the museum is healthy .	the bicycle sits by the shoe in the museum is healthy .
the hat sitting by the door is surprised .	the hat sits by the door is surprised .
the spoon sitting on the couch in the restaurant is confused .	the spoon sits on the couch in the restaurant is confused .
the bed sitting in the room is young .	the bed sits in the room is young .
the door sitting by the bowl by the bed is friendly .	the door sits by the bowl by the bed is friendly .
the bag sitting on the floor in the school is lucky .	the bag sits on the floor in the school is lucky .
the boat sitting in the room is smart .	the boat sits in the room is smart .
the bottle sitting is friendly .	the bottle sits is friendly .
the doll sitting in the kitchen is angry .	the doll sits in the kitchen is angry .
the bicycle sitting is happy .	the bicycle sits is happy .
the spoon sitting in the museum in the room is tired .	the spoon sits in the museum in the room is tired .
the rocket sitting in the museum in the kitchen is confused .	the rocket sits in the museum in the kitchen is confused .
the ship sitting is friendly .	the ship sits is friendly .
the bowl sitting on the chair is clever .	the bowl sits on the chair is clever .
the mirror sitting by the truck is hungry .	the mirror sits by the truck is hungry .
the boat sitting in the room in the mall is gentle .	the boat sits in the room in the mall is gentle .
the bag sitting on the stool is gentle .	the bag sits on the stool is gentle .
the rocket sitting in the bank in the school is wrong .	the rocket sits in the bank in the school is wrong .
the glass sitting in the hospital by the rocket is healthy .	the glass sits in the hospital by the rocket is healthy .
the bicycle sitting is surprised .	the bicycle sits is surprised .
the door sitting is careful .	the door sits is careful .
the fork sitting on the couch on the stool is helpful .	the fork sits on the couch on the stool is helpful .
the button sitting is important .	the button sits is important .
the rocket sitting by the car in the room is wrong .	the rocket sits by the car in the room is wrong .
the bed sitting is upset .	the bed sits is upset .
the truck sitting on the street in the restaurant is boring .	the truck sits on the street in the restaurant is boring .
the bowl sitting by the rug on the bed is bored .	the bowl sits by the rug on the bed is bored .
the truck sitting in the mall is angry .	the truck sits in the mall is angry .
the box sitting in the room on the bed is young .	the box sits in the room on the bed is young .
the bottle sitting in the restaurant on the bed is confused .	the bottle sits in the restaurant on the bed is confused .
the shoe sitting on the ground on the ground is hungry .	the shoe sits on the ground on the ground is hungry .
the ring sitting in the hospital is confused .	the ring sits in the hospital is confused .
