who had n't these candles realized they answer ?	who had n't these candles realized who answer ?
who is n't that ring hoping he would scare ?	who is n't that ring hoping who would scare ?
who has n't this bicycle realized she knows ?	who has n't this bicycle realized who knows ?
who did n't that spoon realize she will hear ?	who did n't that spoon realize who will hear ?
who were n't those shirts hoping they would care for ?	who were n't those shirts hoping who would care for ?
who should n't the bags say they talk to ?	who should n't the bags say who talk to ?
who would n't those plates forget they lost ?	who would n't those plates forget who lost ?
who had n't the doors figured out they were helping ?	who had n't the doors figured out who were helping ?
who had n't that cup thought she scares ?	who had n't that cup thought who scares ?
who would n't these buttons realize they can understand ?	who would n't these buttons realize who can understand ?
who had the ring realized she would teach ?	who had the ring realized who would teach ?
who may those forks say they scared ?	who may those forks say who scared ?
who have those beds remembered they did talk to ?	who have those beds remembered who did talk to ?
who may the chair know he would praise ?	who may the chair know who would praise ?
who was this fork hoping she will hear ?	who was this fork hoping who will hear ?
who will these dolls know they answered ?	who will these dolls know who answered ?
who is that book saying he can scare ?	who is that book saying who can scare ?
who had the books realized they have worried ?	who had the books realized who have worried ?
who has n't that mirror realized she was teaching ?	who has n't that mirror realized who was teaching ?
who should these glasses think they worked with ?	who should these glasses think who worked with ?
who was n't the bowl thinking she heard ?	who was n't the bowl thinking who heard ?
who do n't those dolls hope they care for ?	who do n't those dolls hope who care for ?
who is this ring thinking he had taught ?	who is this ring thinking who had taught ?
who were n't those beds learning they should listen to ?	who were n't those beds learning who should listen to ?
who might those dishes hope they scared ?	who might those dishes hope who scared ?
who could that doll believe he should talk to ?	who could that doll believe who should talk to ?
who had the bowls said they would worry ?	who had the bowls said who would worry ?
who were those glasses saying they lost ?	who were those glasses saying who lost ?
who could n't the dolls figure out they were talking to ?	who could n't the dolls figure out who were talking to ?
who was that plate hoping she was bothering ?	who was that plate hoping who was bothering ?
who might this mirror realize he could understand ?	who might this mirror realize who could understand ?
who should the plates figure out they were working with ?	who should the plates figure out who were working with ?
who should n't this candle say she talked to ?	who should n't this candle say who talked to ?
who had n't the button realized she knows ?	who had n't the button realized who knows ?
who had n't this glass learned she found ?	who had n't this glass learned who found ?
who are these bowls hoping they help ?	who are these bowls hoping who help ?
who can that candle remember he helped ?	who can that candle remember who helped ?
who had this truck realized she would worry ?	who had this truck realized who would worry ?
who has n't that fork realized she works with ?	who has n't that fork realized who works with ?
who has n't the toy remembered she had heard ?	who has n't the toy remembered who had heard ?
who had n't that doll realized she has taught ?	who had n't that doll realized who has taught ?
who is this cup learning she does work with ?	who is this cup learning who does work with ?
who might the book think she was visiting ?	who might the book think who was visiting ?
who must the shirts figure out they have bothered ?	who must the shirts figure out who have bothered ?
who do n't those cups believe they will hear ?	who do n't those cups believe who will hear ?
who will those cars remember they could scare ?	who will those cars remember who could scare ?
who would those rings say they have heard ?	who would those rings say who have heard ?
who had these doors known they talked to ?	who had these doors known who talked to ?
who does n't this toy hope he talked to ?	who does n't this toy hope who talked to ?
who has n't this car figured out he bothered ?	who has n't this car figured out who bothered ?
who could the doors think they visited ?	who could the doors think who visited ?
who is n't the plate hoping he would know ?	who is n't the plate hoping who would know ?
who had n't these dishes figured out they do praise ?	who had n't these dishes figured out who do praise ?
who has this car thought she confused ?	who has this car thought who confused ?
who should the forks know they would listen to ?	who should the forks know who would listen to ?
who had those rings thought they were talking to ?	who had those rings thought who were talking to ?
who have the books thought they answer ?	who have the books thought who answer ?
who does n't the bowl think he scared ?	who does n't the bowl think who scared ?
who was n't the box saying he knew ?	who was n't the box saying who knew ?
who would the rocket know she is helping ?	who would the rocket know who is helping ?
who must this crayon forget he has talked to ?	who must this crayon forget who has talked to ?
who may these books remember they talked to ?	who may these books remember who talked to ?
who was n't this toy saying she should work with ?	who was n't this toy saying who should work with ?
who was n't this shoe learning she can know ?	who was n't this shoe learning who can know ?
who were those hats saying they would know ?	who were those hats saying who would know ?
who had n't the pictures realized they will bother ?	who had n't the pictures realized who will bother ?
who does n't the boat hope he bothered ?	who does n't the boat hope who bothered ?
who can this hat hope she has bothered ?	who can this hat hope who has bothered ?
who did n't the spoons know they should answer ?	who did n't the spoons know who should answer ?
who is this picture saying he worked with ?	who is this picture saying who worked with ?
who is the bicycle thinking she would hear ?	who is the bicycle thinking who would hear ?
who are n't these toys thinking they can understand ?	who are n't these toys thinking who can understand ?
who had n't the ring thought she confused ?	who had n't the ring thought who confused ?
who may these books know they should talk to ?	who may these books know who should talk to ?
who were the doors thinking they will visit ?	who were the doors thinking who will visit ?
who may this button know he is listening to ?	who may this button know who is listening to ?
who are n't the dishes thinking they have heard ?	who are n't the dishes thinking who have heard ?
who should n't the books forget they had heard ?	who should n't the books forget who had heard ?
who has the shirt thought she has worked with ?	who has the shirt thought who has worked with ?
who did n't those spoons learn they could worry ?	who did n't those spoons learn who could worry ?
who were these pictures saying they talked to ?	who were these pictures saying who talked to ?
who must these hats forget they worked with ?	who must these hats forget who worked with ?
who must this truck believe she answered ?	who must this truck believe who answered ?
who should this door remember she hears ?	who should this door remember who hears ?
who had this picture realized she has answered ?	who had this picture realized who has answered ?
who could this bottle know she had worried ?	who could this bottle know who had worried ?
who are n't the hats thinking they understand ?	who are n't the hats thinking who understand ?
who are n't these bowls learning they work with ?	who are n't these bowls learning who work with ?
who are those shirts hoping they scare ?	who are those shirts hoping who scare ?
who is n't this bed learning he could hear ?	who is n't this bed learning who could hear ?
who could these windows figure out they heard ?	who could these windows figure out who heard ?
who are n't the cups learning they heard ?	who are n't the cups learning who heard ?
who have n't these chairs known they can work with ?	who have n't these chairs known who can work with ?
who has n't the bottle thought he has talked to ?	who has n't the bottle thought who has talked to ?
who had the truck remembered she could answer ?	who had the truck remembered who could answer ?
who had n't these hats realized they will appreciate ?	who had n't these hats realized who will appreciate ?
who had this shoe said he knows ?	who had this shoe said who knows ?
who had this crayon remembered he hears ?	who had this crayon remembered who hears ?
who is that car learning she had heard ?	who is that car learning who had heard ?
who were those boxes hoping they had heard ?	who were those boxes hoping who had heard ?
who will these doors forget they appreciate ?	who will these doors forget who appreciate ?
who were these chairs learning they can bother ?	who were these chairs learning who can bother ?
who was n't the hat hoping he can praise ?	who was n't the hat hoping who can praise ?
who had n't this shirt said he was working with ?	who had n't this shirt said who was working with ?
who is n't that doll learning he answered ?	who is n't that doll learning who answered ?
who can the glasses realize they scared ?	who can the glasses realize who scared ?
who was n't this shoe thinking he does visit ?	who was n't this shoe thinking who does visit ?
who had n't the dishes remembered they should help ?	who had n't the dishes remembered who should help ?
who is n't this window hoping she knew ?	who is n't this window hoping who knew ?
who may that bed believe she talks to ?	who may that bed believe who talks to ?
who did n't those dolls remember they knew ?	who did n't those dolls remember who knew ?
who is n't that rocket hoping he should appreciate ?	who is n't that rocket hoping who should appreciate ?
who has this fork remembered he can worry ?	who has this fork remembered who can worry ?
who is n't that dish learning she is teaching ?	who is n't that dish learning who is teaching ?
who could n't the bowl believe he will hear ?	who could n't the bowl believe who will hear ?
who should n't the boxes believe they will visit ?	who should n't the boxes believe who will visit ?
who had that crayon realized he could answer ?	who had that crayon realized who could answer ?
who had n't these hats known they had worked with ?	who had n't these hats known who had worked with ?
who are n't those bags hoping they worry ?	who are n't those bags hoping who worry ?
who did n't the couch realize she has lost ?	who did n't the couch realize who has lost ?
who should n't that couch learn he lost ?	who should n't that couch learn who lost ?
who are n't these forks saying they had worried ?	who are n't these forks saying who had worried ?
who had n't that toy realized she confused ?	who had n't that toy realized who confused ?
who is n't the crayon saying she helped ?	who is n't the crayon saying who helped ?
who had n't these cars learned they have helped ?	who had n't these cars learned who have helped ?
who can that bed learn she lost ?	who can that bed learn who lost ?
who would n't those cups realize they have scared ?	who would n't those cups realize who have scared ?
who had this hat learned she has heard ?	who had this hat learned who has heard ?
who could n't that shirt learn he works with ?	who could n't that shirt learn who works with ?
who had this chair remembered she worked with ?	who had this chair remembered who worked with ?
who is this bicycle hoping she works with ?	who is this bicycle hoping who works with ?
who are n't these cars learning they knew ?	who are n't these cars learning who knew ?
who must the rings say they visited ?	who must the rings say who visited ?
who will those books say they bother ?	who will those books say who bother ?
who may the shoes forget they had taught ?	who may the shoes forget who had taught ?
who has n't this picture thought she can praise ?	who has n't this picture thought who can praise ?
who wo n't the rings learn they helped ?	who wo n't the rings learn who helped ?
who will the shirt realize she knows ?	who will the shirt realize who knows ?
who was n't this candle thinking she did talk to ?	who was n't this candle thinking who did talk to ?
who was n't that bowl hoping she has taught ?	who was n't that bowl hoping who has taught ?
who could n't these candles say they have confused ?	who could n't these candles say who have confused ?
who do n't these trucks realize they will scare ?	who do n't these trucks realize who will scare ?
who is n't the boat thinking she would know ?	who is n't the boat thinking who would know ?
who were n't those chairs saying they would hear ?	who were n't those chairs saying who would hear ?
who are these toys thinking they help ?	who are these toys thinking who help ?
who has this hat thought she had taught ?	who has this hat thought who had taught ?
who is that button hoping she had visited ?	who is that button hoping who had visited ?
who would n't the car know she visited ?	who would n't the car know who visited ?
who has this button realized she should scare ?	who has this button realized who should scare ?
who was that bottle hoping he talked to ?	who was that bottle hoping who talked to ?
who was the spoon saying she heard ?	who was the spoon saying who heard ?
who should the bicycle know she has heard ?	who should the bicycle know who has heard ?
who may the rings figure out they could know ?	who may the rings figure out who could know ?
who had n't those cups thought they know ?	who had n't those cups thought who know ?
who can that rocket realize she does know ?	who can that rocket realize who does know ?
who would n't those glasses realize they can worry ?	who would n't those glasses realize who can worry ?
who have those cars figured out they work with ?	who have those cars figured out who work with ?
who should n't this button realize she had worked with ?	who should n't this button realize who had worked with ?
who had the dolls said they had bothered ?	who had the dolls said who had bothered ?
who has n't this rug learned he had visited ?	who has n't this rug learned who had visited ?
who could n't the spoon know she was talking to ?	who could n't the spoon know who was talking to ?
who had n't the hat learned he has worried ?	who had n't the hat learned who has worried ?
who might that picture figure out he talks to ?	who might that picture figure out who talks to ?
who had the beds said they have heard ?	who had the beds said who have heard ?
who was that fork saying she scares ?	who was that fork saying who scares ?
who had n't the spoon known he heard ?	who had n't the spoon known who heard ?
who has that truck thought she hears ?	who has that truck thought who hears ?
who were these beds saying they are helping ?	who were these beds saying who are helping ?
who are n't these windows saying they would teach ?	who are n't these windows saying who would teach ?
who can n't the rug figure out she could visit ?	who can n't the rug figure out who could visit ?
who had n't the plates learned they helped ?	who had n't the plates learned who helped ?
who was that door hoping he visited ?	who was that door hoping who visited ?
who do n't those glasses say they will hear ?	who do n't those glasses say who will hear ?
who had those chairs thought they had answered ?	who had those chairs thought who had answered ?
who has that plane figured out he can listen to ?	who has that plane figured out who can listen to ?
who can this candle learn she does worry ?	who can this candle learn who does worry ?
who have n't the shoes thought they are helping ?	who have n't the shoes thought who are helping ?
who had n't those doors thought they had heard ?	who had n't those doors thought who had heard ?
who will this candle think she knows ?	who will this candle think who knows ?
who was n't this button thinking she was helping ?	who was n't this button thinking who was helping ?
who was that picture learning she hears ?	who was that picture learning who hears ?
who is that bottle hoping he heard ?	who is that bottle hoping who heard ?
who had these crayons remembered they care for ?	who had these crayons remembered who care for ?
who can the trucks realize they could know ?	who can the trucks realize who could know ?
who does n't this shoe hope she was working with ?	who does n't this shoe hope who was working with ?
who must this chair learn he knew ?	who must this chair learn who knew ?
who had this mirror learned she hears ?	who had this mirror learned who hears ?
who has n't the shoe remembered he should work with ?	who has n't the shoe remembered who should work with ?
who had that rocket remembered she will answer ?	who had that rocket remembered who will answer ?
who would n't these shoes hope they help ?	who would n't these shoes hope who help ?
who was that ship thinking she should know ?	who was that ship thinking who should know ?
who did n't the bottles think they helped ?	who did n't the bottles think who helped ?
who must that shirt know he had lost ?	who must that shirt know who had lost ?
who had those doors realized they could understand ?	who had those doors realized who could understand ?
who had n't those hats thought they listen to ?	who had n't those hats thought who listen to ?
who have n't the hats remembered they answer ?	who have n't the hats remembered who answer ?
who have n't those books remembered they bother ?	who have n't those books remembered who bother ?
who can that car forget he did visit ?	who can that car forget who did visit ?
who should n't these windows say they talk to ?	who should n't these windows say who talk to ?
who is the car saying he can care for ?	who is the car saying who can care for ?
who has n't that bottle known she confused ?	who has n't that bottle known who confused ?
who was this bag learning she scared ?	who was this bag learning who scared ?
who had this window thought she lost ?	who had this window thought who lost ?
who are the bowls thinking they praise ?	who are the bowls thinking who praise ?
who must that bag figure out she talks to ?	who must that bag figure out who talks to ?
who do n't the dishes hope they work with ?	who do n't the dishes hope who work with ?
who would n't those hats hope they worked with ?	who would n't those hats hope who worked with ?
who have n't these bottles learned they would visit ?	who have n't these bottles learned who would visit ?
who have the cups said they answer ?	who have the cups said who answer ?
who had n't the bottles thought they do bother ?	who had n't the bottles thought who do bother ?
who had this fork figured out he visited ?	who had this fork figured out who visited ?
who may the fork realize he would care for ?	who may the fork realize who would care for ?
who might the rug know he talks to ?	who might the rug know who talks to ?
who will the spoon think she had confused ?	who will the spoon think who had confused ?
who wo n't this toy realize he scares ?	who wo n't this toy realize who scares ?
who can those cars realize they worried ?	who can those cars realize who worried ?
who would n't the crayons realize they bother ?	who would n't the crayons realize who bother ?
who are n't these dolls learning they worked with ?	who are n't these dolls learning who worked with ?
who are those shirts learning they bothered ?	who are those shirts learning who bothered ?
who could these boats know they appreciate ?	who could these boats know who appreciate ?
who did n't that plane hope she did work with ?	who did n't that plane hope who did work with ?
who is that boat saying she does answer ?	who is that boat saying who does answer ?
who might that window think she is listening to ?	who might that window think who is listening to ?
who had n't this fork thought she should hear ?	who had n't this fork thought who should hear ?
who could n't that plane believe he works with ?	who could n't that plane believe who works with ?
who has n't that rocket known she does work with ?	who has n't that rocket known who does work with ?
who had n't the dishes known they knew ?	who had n't the dishes known who knew ?
who is the rocket hoping she should talk to ?	who is the rocket hoping who should talk to ?
who have n't those hats remembered they had worried ?	who have n't those hats remembered who had worried ?
who was n't the button saying she visited ?	who was n't the button saying who visited ?
who can the beds figure out they have worked with ?	who can the beds figure out who have worked with ?
who are n't these shirts learning they hear ?	who are n't these shirts learning who hear ?
who does n't this toy learn he answered ?	who does n't this toy learn who answered ?
who were the doors hoping they had worked with ?	who were the doors hoping who had worked with ?
who should the car hope she had answered ?	who should the car hope who had answered ?
who have n't those chairs known they did answer ?	who have n't those chairs known who did answer ?
who was n't the plate saying she had visited ?	who was n't the plate saying who had visited ?
who should these cups know they lost ?	who should these cups know who lost ?
who should n't these dolls learn they taught ?	who should n't these dolls learn who taught ?
who will the books learn they talk to ?	who will the books learn who talk to ?
who had n't the bowl figured out she has taught ?	who had n't the bowl figured out who has taught ?
who can these rings know they have worried ?	who can these rings know who have worried ?
who does n't the bottle believe she will scare ?	who does n't the bottle believe who will scare ?
who wo n't these books learn they answered ?	who wo n't these books learn who answered ?
who had n't that door known he has worried ?	who had n't that door known who has worried ?
who would that rug figure out she worried ?	who would that rug figure out who worried ?
who has that rocket figured out he was teaching ?	who has that rocket figured out who was teaching ?
who had n't those hats realized they were helping ?	who had n't those hats realized who were helping ?
who had this chair known he heard ?	who had this chair known who heard ?
who were the books hoping they hear ?	who were the books hoping who hear ?
who are n't these bags thinking they can understand ?	who are n't these bags thinking who can understand ?
who had n't the cars realized they talk to ?	who had n't the cars realized who talk to ?
who may the bicycle say she knows ?	who may the bicycle say who knows ?
who are n't these shoes saying they hear ?	who are n't these shoes saying who hear ?
who could n't that glass think he knew ?	who could n't that glass think who knew ?
who are the boxes thinking they do bother ?	who are the boxes thinking who do bother ?
who is this bicycle learning he has found ?	who is this bicycle learning who has found ?
who would n't that book remember she is visiting ?	who would n't that book remember who is visiting ?
who would these toys realize they did visit ?	who would these toys realize who did visit ?
who would n't the candle hope she was working with ?	who would n't the candle hope who was working with ?
who were those windows thinking they do understand ?	who were those windows thinking who do understand ?
who can the shoes think they have taught ?	who can the shoes think who have taught ?
who wo n't that bag remember she helps ?	who wo n't that bag remember who helps ?
who does n't the car hope she worried ?	who does n't the car hope who worried ?
who could the spoons forget they hear ?	who could the spoons forget who hear ?
who can these dolls know they have worried ?	who can these dolls know who have worried ?
who is that bottle hoping she knew ?	who is that bottle hoping who knew ?
who may the crayon know she did help ?	who may the crayon know who did help ?
who were those pictures saying they were talking to ?	who were those pictures saying who were talking to ?
who should these books know they understand ?	who should these books know who understand ?
who were the dishes hoping they were talking to ?	who were the dishes hoping who were talking to ?
who might those forks remember they will bother ?	who might those forks remember who will bother ?
who can n't this picture think he found ?	who can n't this picture think who found ?
who wo n't the crayons forget they teach ?	who wo n't the crayons forget who teach ?
who could n't that spoon hope he had taught ?	who could n't that spoon hope who had taught ?
who were these spoons hoping they heard ?	who were these spoons hoping who heard ?
who wo n't this rocket figure out he had lost ?	who wo n't this rocket figure out who had lost ?
who would the book realize he scares ?	who would the book realize who scares ?
who had n't these forks learned they will scare ?	who had n't these forks learned who will scare ?
who is this bicycle hoping she had talked to ?	who is this bicycle hoping who had talked to ?
who should this glass figure out she will know ?	who should this glass figure out who will know ?
who should the ship believe he should bother ?	who should the ship believe who should bother ?
who is n't this couch learning he was listening to ?	who is n't this couch learning who was listening to ?
who was the shoe saying he was teaching ?	who was the shoe saying who was teaching ?
who were n't these plates thinking they have helped ?	who were n't these plates thinking who have helped ?
who had those dolls learned they did talk to ?	who had those dolls learned who did talk to ?
who wo n't these windows think they can work with ?	who wo n't these windows think who can work with ?
who would that button learn he had found ?	who would that button learn who had found ?
who could n't this picture think she heard ?	who could n't this picture think who heard ?
who was the car hoping she will understand ?	who was the car hoping who will understand ?
who have n't the beds realized they scare ?	who have n't the beds realized who scare ?
who must the box say she knows ?	who must the box say who knows ?
who was n't the book saying he will work with ?	who was n't the book saying who will work with ?
who has n't the crayon remembered he has scared ?	who has n't the crayon remembered who has scared ?
who had this bicycle known he worried ?	who had this bicycle known who worried ?
who can the book remember he has heard ?	who can the book remember who has heard ?
who should the bowl say he was listening to ?	who should the bowl say who was listening to ?
who had the windows remembered they heard ?	who had the windows remembered who heard ?
who had n't that doll known he has worked with ?	who had n't that doll known who has worked with ?
who had n't those boxes known they knew ?	who had n't those boxes known who knew ?
who have n't those dishes figured out they can help ?	who have n't those dishes figured out who can help ?
who does n't this crayon know he works with ?	who does n't this crayon know who works with ?
who would n't these shoes figure out they knew ?	who would n't these shoes figure out who knew ?
who did n't this car realize he hears ?	who did n't this car realize who hears ?
who had n't those bags known they are bothering ?	who had n't those bags known who are bothering ?
who has the car said she worked with ?	who has the car said who worked with ?
who can n't these buttons figure out they know ?	who can n't these buttons figure out who know ?
who wo n't the cups know they do understand ?	who wo n't the cups know who do understand ?
who is n't that toy learning he bothered ?	who is n't that toy learning who bothered ?
who is n't the crayon learning he has heard ?	who is n't the crayon learning who has heard ?
who was the dish hoping he has lost ?	who was the dish hoping who has lost ?
who must the book learn he will answer ?	who must the book learn who will answer ?
who has the hat known she helped ?	who has the hat known who helped ?
who were the candles hoping they did care for ?	who were the candles hoping who did care for ?
who had the bags thought they could work with ?	who had the bags thought who could work with ?
who are n't the cars saying they have worked with ?	who are n't the cars saying who have worked with ?
who would the hat remember she did praise ?	who would the hat remember who did praise ?
who were n't these pictures learning they do answer ?	who were n't these pictures learning who do answer ?
who were n't these windows learning they can praise ?	who were n't these windows learning who can praise ?
who does n't that mirror think she was visiting ?	who does n't that mirror think who was visiting ?
who is the car thinking she talks to ?	who is the car thinking who talks to ?
who was that rug thinking he had answered ?	who was that rug thinking who had answered ?
who is this candle learning he had bothered ?	who is this candle learning who had bothered ?
who has n't that rug known he did hear ?	who has n't that rug known who did hear ?
who will the dishes hope they had bothered ?	who will the dishes hope who had bothered ?
who could those boats figure out they had heard ?	who could those boats figure out who had heard ?
who must those rings realize they should hear ?	who must those rings realize who should hear ?
who are n't the forks hoping they have bothered ?	who are n't the forks hoping who have bothered ?
who was n't this hat saying he can help ?	who was n't this hat saying who can help ?
who were these rings learning they talk to ?	who were these rings learning who talk to ?
who was the mirror hoping he hears ?	who was the mirror hoping who hears ?
who has the bed remembered he is working with ?	who has the bed remembered who is working with ?
who do n't these shoes think they were bothering ?	who do n't these shoes think who were bothering ?
who was the bicycle saying she should scare ?	who was the bicycle saying who should scare ?
who was n't the button learning he had visited ?	who was n't the button learning who had visited ?
who had n't the hats figured out they worried ?	who had n't the hats figured out who worried ?
who should n't these shirts know they teach ?	who should n't these shirts know who teach ?
who may those windows know they know ?	who may those windows know who know ?
who should n't the rug hope she knows ?	who should n't the rug hope who knows ?
who is n't the window learning he worried ?	who is n't the window learning who worried ?
who has n't this book learned she knows ?	who has n't this book learned who knows ?
who had that hat known she would know ?	who had that hat known who would know ?
who could n't that shirt believe she should help ?	who could n't that shirt believe who should help ?
who were those spoons learning they answered ?	who were those spoons learning who answered ?
who is the fork saying he does care for ?	who is the fork saying who does care for ?
who has n't that box realized he talks to ?	who has n't that box realized who talks to ?
who had n't those books thought they would hear ?	who had n't those books thought who would hear ?
who will these doors realize they understand ?	who will these doors realize who understand ?
who had these cups said they will talk to ?	who had these cups said who will talk to ?
who is this rug thinking she hears ?	who is this rug thinking who hears ?
who had the doors realized they should answer ?	who had the doors realized who should answer ?
who was n't this doll thinking he helped ?	who was n't this doll thinking who helped ?
who did n't this bowl forget he has answered ?	who did n't this bowl forget who has answered ?
who does n't that car remember she can praise ?	who does n't that car remember who can praise ?
who has this bicycle figured out she helped ?	who has this bicycle figured out who helped ?
who must these bags say they listen to ?	who must these bags say who listen to ?
who was the truck saying he hears ?	who was the truck saying who hears ?
who were n't these glasses thinking they were working with ?	who were n't these glasses thinking who were working with ?
who have n't the hats realized they lost ?	who have n't the hats realized who lost ?
who is this rocket hoping he scared ?	who is this rocket hoping who scared ?
who have n't those cups said they have helped ?	who have n't those cups said who have helped ?
who can n't these hats remember they will hear ?	who can n't these hats remember who will hear ?
who must the hat remember she would work with ?	who must the hat remember who would work with ?
who were n't these cups thinking they could hear ?	who were n't these cups thinking who could hear ?
who should these chairs forget they listen to ?	who should these chairs forget who listen to ?
who had n't these dolls known they should hear ?	who had n't these dolls known who should hear ?
who is that mirror thinking he had scared ?	who is that mirror thinking who had scared ?
who wo n't the glass learn he could hear ?	who wo n't the glass learn who could hear ?
who has that cup figured out she did know ?	who has that cup figured out who did know ?
who has n't this bag said she should work with ?	who has n't this bag said who should work with ?
who have those shirts figured out they heard ?	who have those shirts figured out who heard ?
who has this window learned he could care for ?	who has this window learned who could care for ?
who wo n't these dishes realize they heard ?	who wo n't these dishes realize who heard ?
who were the bags saying they care for ?	who were the bags saying who care for ?
who had n't the plane known he lost ?	who had n't the plane known who lost ?
who have the dishes remembered they taught ?	who have the dishes remembered who taught ?
who was this cup learning she had answered ?	who was this cup learning who had answered ?
who wo n't that couch know she works with ?	who wo n't that couch know who works with ?
who should the spoon realize she was talking to ?	who should the spoon realize who was talking to ?
who should the car say she talked to ?	who should the car say who talked to ?
who was that ring hoping he had talked to ?	who was that ring hoping who had talked to ?
who had n't that spoon learned she visited ?	who had n't that spoon learned who visited ?
who do n't those toys forget they taught ?	who do n't those toys forget who taught ?
who had n't this ring learned she was helping ?	who had n't this ring learned who was helping ?
who had n't those cars said they should know ?	who had n't those cars said who should know ?
who wo n't these candles remember they lost ?	who wo n't these candles remember who lost ?
who had these chairs figured out they could hear ?	who had these chairs figured out who could hear ?
who are n't the windows learning they talk to ?	who are n't the windows learning who talk to ?
who had n't the picture said he should praise ?	who had n't the picture said who should praise ?
who should n't these hats realize they visit ?	who should n't these hats realize who visit ?
who had n't the book known she is helping ?	who had n't the book known who is helping ?
who were the shoes saying they talk to ?	who were the shoes saying who talk to ?
who wo n't that cup hope she could bother ?	who wo n't that cup hope who could bother ?
who could these crayons learn they do listen to ?	who could these crayons learn who do listen to ?
who are n't these forks thinking they work with ?	who are n't these forks thinking who work with ?
who was the glass thinking she did listen to ?	who was the glass thinking who did listen to ?
who are n't these books learning they heard ?	who are n't these books learning who heard ?
who were n't these buttons saying they care for ?	who were n't these buttons saying who care for ?
who are these crayons thinking they could understand ?	who are these crayons thinking who could understand ?
who had this window thought he understands ?	who had this window thought who understands ?
who should n't those spoons think they knew ?	who should n't those spoons think who knew ?
who was that bag thinking he heard ?	who was that bag thinking who heard ?
who were the spoons learning they had heard ?	who were the spoons learning who had heard ?
who must this window remember she does understand ?	who must this window remember who does understand ?
who did n't this spoon think he does teach ?	who did n't this spoon think who does teach ?
who had n't this shoe realized she was teaching ?	who had n't this shoe realized who was teaching ?
who are n't those rings learning they appreciate ?	who are n't those rings learning who appreciate ?
who is n't that candle saying he was helping ?	who is n't that candle saying who was helping ?
who had n't those boxes remembered they had bothered ?	who had n't those boxes remembered who had bothered ?
who had n't these forks known they listen to ?	who had n't these forks known who listen to ?
who have n't these pictures figured out they appreciate ?	who have n't these pictures figured out who appreciate ?
who might the dolls forget they had worked with ?	who might the dolls forget who had worked with ?
who had n't the plane known she has helped ?	who had n't the plane known who has helped ?
who had those glasses learned they worked with ?	who had those glasses learned who worked with ?
who may that dish think she understands ?	who may that dish think who understands ?
who were those glasses hoping they scare ?	who were those glasses hoping who scare ?
who has this candle remembered he helps ?	who has this candle remembered who helps ?
who are these boxes saying they had heard ?	who are these boxes saying who had heard ?
who has this crayon said he has worked with ?	who has this crayon said who has worked with ?
who have those rings known they are working with ?	who have those rings known who are working with ?
who must the beds remember they were talking to ?	who must the beds remember who were talking to ?
who could this plate learn he is bothering ?	who could this plate learn who is bothering ?
who does n't that car learn she has heard ?	who does n't that car learn who has heard ?
who did n't the crayons think they would understand ?	who did n't the crayons think who would understand ?
who does n't this car figure out she had heard ?	who does n't this car figure out who had heard ?
who are n't these toys hoping they hear ?	who are n't these toys hoping who hear ?
who had n't the glass remembered he answered ?	who had n't the glass remembered who answered ?
who will these cars believe they had helped ?	who will these cars believe who had helped ?
who had that glass known he worried ?	who had that glass known who worried ?
who is that rug saying she understands ?	who is that rug saying who understands ?
who had n't that door figured out he can answer ?	who had n't that door figured out who can answer ?
who were n't the dolls learning they had worried ?	who were n't the dolls learning who had worried ?
who may that chair know he can care for ?	who may that chair know who can care for ?
who might those boats say they had taught ?	who might those boats say who had taught ?
who have the books realized they answered ?	who have the books realized who answered ?
who have n't those pictures learned they can visit ?	who have n't those pictures learned who can visit ?
who was n't that mirror hoping she did understand ?	who was n't that mirror hoping who did understand ?
who must these doors know they were talking to ?	who must these doors know who were talking to ?
who might these cars say they were visiting ?	who might these cars say who were visiting ?
who can these bottles hope they should talk to ?	who can these bottles hope who should talk to ?
who was the cup learning she worried ?	who was the cup learning who worried ?
who had this plane thought she worked with ?	who had this plane thought who worked with ?
who had the couch learned he is working with ?	who had the couch learned who is working with ?
who had n't those crayons learned they had answered ?	who had n't those crayons learned who had answered ?
who should n't the glass know she helps ?	who should n't the glass know who helps ?
who has that bed realized he hears ?	who has that bed realized who hears ?
who are n't those cars hoping they are teaching ?	who are n't those cars hoping who are teaching ?
who had n't this chair known she knew ?	who had n't this chair known who knew ?
who will the dishes hope they had worked with ?	who will the dishes hope who had worked with ?
who has n't this car thought she was teaching ?	who has n't this car thought who was teaching ?
who wo n't these shirts remember they scared ?	who wo n't these shirts remember who scared ?
who has this crayon remembered he is teaching ?	who has this crayon remembered who is teaching ?
who are n't those boats hoping they hear ?	who are n't those boats hoping who hear ?
who will these bags figure out they should help ?	who will these bags figure out who should help ?
who are n't the shoes thinking they do hear ?	who are n't the shoes thinking who do hear ?
who have n't the chairs learned they do understand ?	who have n't the chairs learned who do understand ?
who could that mirror think he has scared ?	who could that mirror think who has scared ?
who could n't this crayon say he is bothering ?	who could n't this crayon say who is bothering ?
who can n't the shirt say she would understand ?	who can n't the shirt say who would understand ?
who should n't this ring remember she had heard ?	who should n't this ring remember who had heard ?
who did n't those dolls forget they can bother ?	who did n't those dolls forget who can bother ?
who are the boxes learning they do know ?	who are the boxes learning who do know ?
who was that bowl thinking she knew ?	who was that bowl thinking who knew ?
who had n't the trucks realized they taught ?	who had n't the trucks realized who taught ?
who have these chairs realized they can understand ?	who have these chairs realized who can understand ?
who can these beds realize they bother ?	who can these beds realize who bother ?
who could this couch realize he found ?	who could this couch realize who found ?
who can those pictures believe they help ?	who can those pictures believe who help ?
who was n't the chair thinking she confused ?	who was n't the chair thinking who confused ?
who were the cups hoping they understand ?	who were the cups hoping who understand ?
who are these beds thinking they will know ?	who are these beds thinking who will know ?
who wo n't that glass learn she does work with ?	who wo n't that glass learn who does work with ?
who must that couch learn he heard ?	who must that couch learn who heard ?
who has that ring said he is talking to ?	who has that ring said who is talking to ?
who could n't those books learn they taught ?	who could n't those books learn who taught ?
who are these glasses learning they answer ?	who are these glasses learning who answer ?
who had n't this bicycle learned she could help ?	who had n't this bicycle learned who could help ?
who had n't the shirt figured out she scared ?	who had n't the shirt figured out who scared ?
who should those candles learn they will work with ?	who should those candles learn who will work with ?
who has that shirt thought she had taught ?	who has that shirt thought who had taught ?
who wo n't that bowl forget he could bother ?	who wo n't that bowl forget who could bother ?
who might these doors learn they have heard ?	who might these doors learn who have heard ?
who must the ring hope she taught ?	who must the ring hope who taught ?
who are the candles hoping they knew ?	who are the candles hoping who knew ?
who was that plane saying he had lost ?	who was that plane saying who had lost ?
who did n't the doll learn he had lost ?	who did n't the doll learn who had lost ?
who were n't the windows thinking they have worked with ?	who were n't the windows thinking who have worked with ?
who is that box hoping she visited ?	who is that box hoping who visited ?
who wo n't the doors believe they can know ?	who wo n't the doors believe who can know ?
who had the chair remembered he lost ?	who had the chair remembered who lost ?
who is that couch learning he hears ?	who is that couch learning who hears ?
who might the bottle believe he knows ?	who might the bottle believe who knows ?
who should n't this glass know he knows ?	who should n't this glass know who knows ?
who have those bowls realized they have worried ?	who have those bowls realized who have worried ?
who could those beds learn they visit ?	who could those beds learn who visit ?
who might the button forget she should hear ?	who might the button forget who should hear ?
who would the toys hope they appreciate ?	who would the toys hope who appreciate ?
who is this candle learning he had visited ?	who is this candle learning who had visited ?
who are n't these hats hoping they are bothering ?	who are n't these hats hoping who are bothering ?
who is n't the dish saying he was teaching ?	who is n't the dish saying who was teaching ?
who would n't this rocket say she is working with ?	who would n't this rocket say who is working with ?
who do n't those forks remember they were visiting ?	who do n't those forks remember who were visiting ?
who may these dishes learn they help ?	who may these dishes learn who help ?
who can these boxes learn they are talking to ?	who can these boxes learn who are talking to ?
who were these bottles hoping they had confused ?	who were these bottles hoping who had confused ?
who wo n't those crayons know they heard ?	who wo n't those crayons know who heard ?
who is that picture hoping she answered ?	who is that picture hoping who answered ?
who are n't these trucks saying they had bothered ?	who are n't these trucks saying who had bothered ?
who should that mirror say she has talked to ?	who should that mirror say who has talked to ?
who could n't that rocket realize she has heard ?	who could n't that rocket realize who has heard ?
who are these chairs learning they were helping ?	who are these chairs learning who were helping ?
who do n't these spoons figure out they help ?	who do n't these spoons figure out who help ?
who should n't these candles remember they were helping ?	who should n't these candles remember who were helping ?
who may the ring forget he knows ?	who may the ring forget who knows ?
who had the dish remembered she understands ?	who had the dish remembered who understands ?
who has n't this doll realized she can know ?	who has n't this doll realized who can know ?
who did n't the trucks figure out they were listening to ?	who did n't the trucks figure out who were listening to ?
who would n't these cars hope they know ?	who would n't these cars hope who know ?
who was n't this plate thinking she worked with ?	who was n't this plate thinking who worked with ?
who were n't those pictures hoping they praise ?	who were n't those pictures hoping who praise ?
who were these plates saying they had helped ?	who were these plates saying who had helped ?
who has the chair thought he would worry ?	who has the chair thought who would worry ?
who had those plates figured out they listen to ?	who had those plates figured out who listen to ?
who had these crayons learned they visit ?	who had these crayons learned who visit ?
who should n't those forks realize they had worked with ?	who should n't those forks realize who had worked with ?
who was the car hoping he worked with ?	who was the car hoping who worked with ?
who did n't this door think he will help ?	who did n't this door think who will help ?
who had these cars figured out they hear ?	who had these cars figured out who hear ?
who should these candles think they could hear ?	who should these candles think who could hear ?
who are n't those glasses saying they do praise ?	who are n't those glasses saying who do praise ?
who has that bag learned he understands ?	who has that bag learned who understands ?
who could n't this bottle know she works with ?	who could n't this bottle know who works with ?
who should that glass know he will know ?	who should that glass know who will know ?
who can n't this spoon forget she has heard ?	who can n't this spoon forget who has heard ?
who is n't this hat saying she talks to ?	who is n't this hat saying who talks to ?
who had that plate known she is helping ?	who had that plate known who is helping ?
who may these hats learn they were teaching ?	who may these hats learn who were teaching ?
who had that chair figured out she will teach ?	who had that chair figured out who will teach ?
who can those toys say they are teaching ?	who can those toys say who are teaching ?
who was that book hoping he is listening to ?	who was that book hoping who is listening to ?
who are n't these trucks hoping they know ?	who are n't these trucks hoping who know ?
who had this book thought she has lost ?	who had this book thought who has lost ?
who is n't that chair hoping she hears ?	who is n't that chair hoping who hears ?
who have n't the shoes known they could bother ?	who have n't the shoes known who could bother ?
who could the crayon figure out he has lost ?	who could the crayon figure out who has lost ?
who had the hats realized they have worried ?	who had the hats realized who have worried ?
who had n't these cups figured out they worked with ?	who had n't these cups figured out who worked with ?
who has n't the chair known he does hear ?	who has n't the chair known who does hear ?
who are those buttons saying they had answered ?	who are those buttons saying who had answered ?
who should n't that hat realize she was helping ?	who should n't that hat realize who was helping ?
who wo n't those toys believe they could work with ?	who wo n't those toys believe who could work with ?
who could the bottle forget he did know ?	who could the bottle forget who did know ?
who is the door hoping he knew ?	who is the door hoping who knew ?
who were n't the plates saying they were talking to ?	who were n't the plates saying who were talking to ?
who can this fork learn she could worry ?	who can this fork learn who could worry ?
who could those pictures think they had heard ?	who could those pictures think who had heard ?
who was n't that toy learning she knew ?	who was n't that toy learning who knew ?
who must that mirror remember she helped ?	who must that mirror remember who helped ?
who was n't the couch hoping she is helping ?	who was n't the couch hoping who is helping ?
who might the mirror hope she has worried ?	who might the mirror hope who has worried ?
who had n't those spoons thought they can answer ?	who had n't those spoons thought who can answer ?
who do n't those cups remember they do appreciate ?	who do n't those cups remember who do appreciate ?
who has this bag thought she knew ?	who has this bag thought who knew ?
who are n't those spoons saying they are working with ?	who are n't those spoons saying who are working with ?
who is that boat saying he knows ?	who is that boat saying who knows ?
who was n't this plane thinking she helps ?	who was n't this plane thinking who helps ?
who had n't that car known he had confused ?	who had n't that car known who had confused ?
who have n't these dishes said they scared ?	who have n't these dishes said who scared ?
who should this book know he confused ?	who should this book know who confused ?
who has n't this hat said he had lost ?	who has n't this hat said who had lost ?
who are n't those bags thinking they scare ?	who are n't those bags thinking who scare ?
who might the cup learn he knows ?	who might the cup learn who knows ?
who would that bag hope he has scared ?	who would that bag hope who has scared ?
who had n't this glass known she will know ?	who had n't this glass known who will know ?
who is the bowl hoping he knew ?	who is the bowl hoping who knew ?
who had the doll known she had scared ?	who had the doll known who had scared ?
who have n't the cups figured out they have helped ?	who have n't the cups figured out who have helped ?
who do n't those books hope they would care for ?	who do n't those books hope who would care for ?
who is n't the box saying he heard ?	who is n't the box saying who heard ?
who would n't the button hope he has scared ?	who would n't the button hope who has scared ?
who had n't the picture said she will bother ?	who had n't the picture said who will bother ?
who had n't those plates learned they praise ?	who had n't those plates learned who praise ?
who wo n't this spoon remember he worked with ?	who wo n't this spoon remember who worked with ?
who should n't those glasses believe they should understand ?	who should n't those glasses believe who should understand ?
who had those bottles realized they talk to ?	who had those bottles realized who talk to ?
who had n't that ring realized she talks to ?	who had n't that ring realized who talks to ?
who can the bags remember they answered ?	who can the bags remember who answered ?
who could n't these bowls know they teach ?	who could n't these bowls know who teach ?
who did n't these hats learn they appreciate ?	who did n't these hats learn who appreciate ?
who had these chairs realized they could visit ?	who had these chairs realized who could visit ?
who can the cups learn they bother ?	who can the cups learn who bother ?
who has n't the bowl known he did answer ?	who has n't the bowl known who did answer ?
who should n't that shoe figure out she knew ?	who should n't that shoe figure out who knew ?
who were n't the shoes learning they scared ?	who were n't the shoes learning who scared ?
who did n't that spoon think she should listen to ?	who did n't that spoon think who should listen to ?
who is this chair learning he did understand ?	who is this chair learning who did understand ?
who wo n't the cup think he has answered ?	who wo n't the cup think who has answered ?
who is n't this window thinking he should understand ?	who is n't this window thinking who should understand ?
who were those plates learning they answered ?	who were those plates learning who answered ?
who had n't those rings figured out they talked to ?	who had n't those rings figured out who talked to ?
who was this doll learning she could scare ?	who was this doll learning who could scare ?
who may the cars know they appreciate ?	who may the cars know who appreciate ?
who had this bowl said she worked with ?	who had this bowl said who worked with ?
who is n't that bowl saying she has lost ?	who is n't that bowl saying who has lost ?
who would n't the shoe hope she had lost ?	who would n't the shoe hope who had lost ?
who was n't the ring saying she has visited ?	who was n't the ring saying who has visited ?
who would these glasses forget they had scared ?	who would these glasses forget who had scared ?
who have n't those buttons said they scare ?	who have n't those buttons said who scare ?
who wo n't this hat realize she has confused ?	who wo n't this hat realize who has confused ?
who was the shirt hoping she had talked to ?	who was the shirt hoping who had talked to ?
who are n't these hats saying they were bothering ?	who are n't these hats saying who were bothering ?
who will this bicycle say she helps ?	who will this bicycle say who helps ?
who will these buttons forget they hear ?	who will these buttons forget who hear ?
who had those forks realized they do worry ?	who had those forks realized who do worry ?
who must the candles forget they will care for ?	who must the candles forget who will care for ?
who were n't those hats thinking they had heard ?	who were n't those hats thinking who had heard ?
who do n't those plates learn they work with ?	who do n't those plates learn who work with ?
who are n't the bags learning they had helped ?	who are n't the bags learning who had helped ?
who is that box hoping she works with ?	who is that box hoping who works with ?
who should these candles learn they knew ?	who should these candles learn who knew ?
who should n't these cups know they answer ?	who should n't these cups know who answer ?
who have those books thought they know ?	who have those books thought who know ?
who did n't the picture forget he scares ?	who did n't the picture forget who scares ?
who must that fork forget he will listen to ?	who must that fork forget who will listen to ?
who are n't the dishes learning they know ?	who are n't the dishes learning who know ?
who had the trucks figured out they help ?	who had the trucks figured out who help ?
who is the bottle thinking he works with ?	who is the bottle thinking who works with ?
who has n't the plane remembered she hears ?	who has n't the plane remembered who hears ?
who is n't the bag saying he helps ?	who is n't the bag saying who helps ?
who do n't these glasses remember they are listening to ?	who do n't these glasses remember who are listening to ?
who could n't the toy say she scares ?	who could n't the toy say who scares ?
who could n't this rocket remember she can praise ?	who could n't this rocket remember who can praise ?
who must the bags say they were working with ?	who must the bags say who were working with ?
who were those doors saying they could scare ?	who were those doors saying who could scare ?
who has n't the door thought she does care for ?	who has n't the door thought who does care for ?
who was the shoe learning he knew ?	who was the shoe learning who knew ?
who did n't those bottles remember they visit ?	who did n't those bottles remember who visit ?
who is n't the picture learning he was helping ?	who is n't the picture learning who was helping ?
who will that hat know he does care for ?	who will that hat know who does care for ?
who did n't those books know they did scare ?	who did n't those books know who did scare ?
who could that doll know she talks to ?	who could that doll know who talks to ?
who wo n't the bottles say they answered ?	who wo n't the bottles say who answered ?
who was the button learning she has worked with ?	who was the button learning who has worked with ?
who should n't the trucks believe they have scared ?	who should n't the trucks believe who have scared ?
who have the crayons said they have heard ?	who have the crayons said who have heard ?
who are n't the plates thinking they should understand ?	who are n't the plates thinking who should understand ?
who were these beds saying they worry ?	who were these beds saying who worry ?
who might the windows learn they taught ?	who might the windows learn who taught ?
who had n't the hat learned she talks to ?	who had n't the hat learned who talks to ?
who are n't the shirts learning they taught ?	who are n't the shirts learning who taught ?
who had that plate said he had visited ?	who had that plate said who had visited ?
who is n't the bicycle learning she knows ?	who is n't the bicycle learning who knows ?
who was n't that rocket hoping he helped ?	who was n't that rocket hoping who helped ?
who have n't the bowls remembered they had heard ?	who have n't the bowls remembered who had heard ?
who could n't those rings know they listen to ?	who could n't those rings know who listen to ?
who should n't the couch remember he was talking to ?	who should n't the couch remember who was talking to ?
who are the shoes hoping they heard ?	who are the shoes hoping who heard ?
who have n't these candles realized they are bothering ?	who have n't these candles realized who are bothering ?
who had n't this shirt realized she did visit ?	who had n't this shirt realized who did visit ?
who wo n't these cars remember they did praise ?	who wo n't these cars remember who did praise ?
who are these glasses thinking they had scared ?	who are these glasses thinking who had scared ?
who should n't this bicycle think she had found ?	who should n't this bicycle think who had found ?
who would n't that bed hope she had worried ?	who would n't that bed hope who had worried ?
who had the door known she has talked to ?	who had the door known who has talked to ?
who could the shoes know they answer ?	who could the shoes know who answer ?
who would n't the cup think he scared ?	who would n't the cup think who scared ?
who could that plate learn he can worry ?	who could that plate learn who can worry ?
who has this cup remembered he bothered ?	who has this cup remembered who bothered ?
who may that cup hope she works with ?	who may that cup hope who works with ?
who must that bottle remember she could worry ?	who must that bottle remember who could worry ?
who is the glass learning he was helping ?	who is the glass learning who was helping ?
who are n't those books learning they hear ?	who are n't those books learning who hear ?
who should that mirror hope he could hear ?	who should that mirror hope who could hear ?
who are n't the windows thinking they have heard ?	who are n't the windows thinking who have heard ?
who had n't this rug remembered he scared ?	who had n't this rug remembered who scared ?
who should n't that book realize he did hear ?	who should n't that book realize who did hear ?
who were the books learning they could teach ?	who were the books learning who could teach ?
who had n't that bag thought she can appreciate ?	who had n't that bag thought who can appreciate ?
who is n't that book learning she hears ?	who is n't that book learning who hears ?
who is the door thinking she hears ?	who is the door thinking who hears ?
who would n't those toys hope they heard ?	who would n't those toys hope who heard ?
who had n't that window known he can listen to ?	who had n't that window known who can listen to ?
who had n't this glass said she knew ?	who had n't this glass said who knew ?
who are these beds thinking they knew ?	who are these beds thinking who knew ?
who is the bottle saying she works with ?	who is the bottle saying who works with ?
who wo n't this spoon figure out he hears ?	who wo n't this spoon figure out who hears ?
who were n't these dishes hoping they should praise ?	who were n't these dishes hoping who should praise ?
who had n't those toys known they can talk to ?	who had n't those toys known who can talk to ?
who was this bed thinking he has worked with ?	who was this bed thinking who has worked with ?
who had these books remembered they have confused ?	who had these books remembered who have confused ?
who were n't these toys learning they found ?	who were n't these toys learning who found ?
who must the ship hope she is helping ?	who must the ship hope who is helping ?
who were these pictures thinking they listen to ?	who were these pictures thinking who listen to ?
who could n't this cup forget he is listening to ?	who could n't this cup forget who is listening to ?
who have n't the beds realized they had bothered ?	who have n't the beds realized who had bothered ?
who should these dolls forget they have talked to ?	who should these dolls forget who have talked to ?
who had n't that hat remembered he would praise ?	who had n't that hat remembered who would praise ?
who could that hat remember she knows ?	who could that hat remember who knows ?
who had n't this hat figured out he knew ?	who had n't this hat figured out who knew ?
who was n't that mirror thinking he heard ?	who was n't that mirror thinking who heard ?
who has n't the window said he had lost ?	who has n't the window said who had lost ?
who might those shirts remember they did appreciate ?	who might those shirts remember who did appreciate ?
who are those shirts thinking they could work with ?	who are those shirts thinking who could work with ?
who has that box said he hears ?	who has that box said who hears ?
who has that shirt known he would worry ?	who has that shirt known who would worry ?
who has n't that couch figured out she scares ?	who has n't that couch figured out who scares ?
who may these shoes hope they will hear ?	who may these shoes hope who will hear ?
who had the dish said she should care for ?	who had the dish said who should care for ?
who was that picture hoping she knew ?	who was that picture hoping who knew ?
who should these beds forget they understand ?	who should these beds forget who understand ?
who has this plane known she has confused ?	who has this plane known who has confused ?
who have n't these buttons known they confused ?	who have n't these buttons known who confused ?
who had n't the hat realized he understands ?	who had n't the hat realized who understands ?
who could the doll learn he does talk to ?	who could the doll learn who does talk to ?
who wo n't these candles know they taught ?	who wo n't these candles know who taught ?
who must these cars realize they worked with ?	who must these cars realize who worked with ?
who had the window remembered he bothered ?	who had the window remembered who bothered ?
who were these bottles thinking they had talked to ?	who were these bottles thinking who had talked to ?
who did n't that window say he helps ?	who did n't that window say who helps ?
who does n't that box know she will praise ?	who does n't that box know who will praise ?
who did n't this bowl think he heard ?	who did n't this bowl think who heard ?
who should the car know she heard ?	who should the car know who heard ?
who can the plane figure out he had bothered ?	who can the plane figure out who had bothered ?
who should the hats remember they praise ?	who should the hats remember who praise ?
who were n't those plates hoping they worry ?	who were n't those plates hoping who worry ?
who did n't the bags believe they visited ?	who did n't the bags believe who visited ?
who must the ship think she will teach ?	who must the ship think who will teach ?
who have n't those pictures learned they did know ?	who have n't those pictures learned who did know ?
who should the spoon learn she would hear ?	who should the spoon learn who would hear ?
who had n't the boats thought they heard ?	who had n't the boats thought who heard ?
who were n't the books thinking they can work with ?	who were n't the books thinking who can work with ?
who are those rings learning they were talking to ?	who are those rings learning who were talking to ?
who had n't the beds realized they had worked with ?	who had n't the beds realized who had worked with ?
who had that ring thought she has bothered ?	who had that ring thought who has bothered ?
who has n't this shoe known he was talking to ?	who has n't this shoe known who was talking to ?
who may the plane think he confused ?	who may the plane think who confused ?
who may the shirt forget she lost ?	who may the shirt forget who lost ?
who will the doll say she should teach ?	who will the doll say who should teach ?
who would this book forget she lost ?	who would this book forget who lost ?
who wo n't these boats believe they do work with ?	who wo n't these boats believe who do work with ?
who was this shirt thinking he talks to ?	who was this shirt thinking who talks to ?
who was this crayon saying she will listen to ?	who was this crayon saying who will listen to ?
who could n't those pictures realize they heard ?	who could n't those pictures realize who heard ?
who would these trucks think they understand ?	who would these trucks think who understand ?
who can those beds know they are listening to ?	who can those beds know who are listening to ?
who had n't the book figured out he was talking to ?	who had n't the book figured out who was talking to ?
who are n't those shoes hoping they were bothering ?	who are n't those shoes hoping who were bothering ?
who are n't the plates hoping they did listen to ?	who are n't the plates hoping who did listen to ?
who have those rings known they have answered ?	who have those rings known who have answered ?
who wo n't these boats figure out they are listening to ?	who wo n't these boats figure out who are listening to ?
who could n't the bed forget she knows ?	who could n't the bed forget who knows ?
who are n't these forks hoping they bother ?	who are n't these forks hoping who bother ?
who are n't the bottles thinking they will answer ?	who are n't the bottles thinking who will answer ?
who are n't the plates thinking they will bother ?	who are n't the plates thinking who will bother ?
who wo n't the doors forget they can appreciate ?	who wo n't the doors forget who can appreciate ?
who was n't that rocket thinking he knows ?	who was n't that rocket thinking who knows ?
who wo n't the buttons think they heard ?	who wo n't the buttons think who heard ?
who can n't that crayon know she understands ?	who can n't that crayon know who understands ?
who could n't this plane say he knew ?	who could n't this plane say who knew ?
who does n't the bicycle remember she heard ?	who does n't the bicycle remember who heard ?
who have n't those shirts realized they were visiting ?	who have n't those shirts realized who were visiting ?
who had that car thought he talked to ?	who had that car thought who talked to ?
who has n't this book figured out he would understand ?	who has n't this book figured out who would understand ?
who will these books hope they were listening to ?	who will these books hope who were listening to ?
who is n't this book thinking he has confused ?	who is n't this book thinking who has confused ?
who does n't this car learn he has talked to ?	who does n't this car learn who has talked to ?
who would the bowls remember they have helped ?	who would the bowls remember who have helped ?
who would n't those bowls hope they are bothering ?	who would n't those bowls hope who are bothering ?
who may these toys hope they did hear ?	who may these toys hope who did hear ?
who had n't the chair remembered he hears ?	who had n't the chair remembered who hears ?
who wo n't these toys figure out they are listening to ?	who wo n't these toys figure out who are listening to ?
who has n't the dish said he hears ?	who has n't the dish said who hears ?
who were n't the cars hoping they appreciate ?	who were n't the cars hoping who appreciate ?
who should this bowl figure out he had lost ?	who should this bowl figure out who had lost ?
who could n't these bowls think they have confused ?	who could n't these bowls think who have confused ?
who have these spoons known they have answered ?	who have these spoons known who have answered ?
who may that plane hope she would visit ?	who may that plane hope who would visit ?
who should these forks believe they had found ?	who should these forks believe who had found ?
who had n't this ship figured out he will appreciate ?	who had n't this ship figured out who will appreciate ?
who were those candles hoping they talked to ?	who were those candles hoping who talked to ?
who does n't that doll believe he was working with ?	who does n't that doll believe who was working with ?
who wo n't those boats know they have heard ?	who wo n't those boats know who have heard ?
who have n't these chairs realized they were teaching ?	who have n't these chairs realized who were teaching ?
who have these rings thought they hear ?	who have these rings thought who hear ?
who wo n't this chair figure out he is talking to ?	who wo n't this chair figure out who is talking to ?
who will that chair forget he knew ?	who will that chair forget who knew ?
who will those candles realize they have worked with ?	who will those candles realize who have worked with ?
who can these boats say they had taught ?	who can these boats say who had taught ?
who were n't the books learning they know ?	who were n't the books learning who know ?
who are those cars learning they hear ?	who are those cars learning who hear ?
who wo n't that button believe she can hear ?	who wo n't that button believe who can hear ?
who had n't the books thought they are working with ?	who had n't the books thought who are working with ?
who should that shoe remember he was visiting ?	who should that shoe remember who was visiting ?
who is n't the car thinking she had heard ?	who is n't the car thinking who had heard ?
who wo n't this shirt remember he worked with ?	who wo n't this shirt remember who worked with ?
who should the door know she knows ?	who should the door know who knows ?
who would this bottle learn she should teach ?	who would this bottle learn who should teach ?
who had these candles realized they care for ?	who had these candles realized who care for ?
who would that window figure out she works with ?	who would that window figure out who works with ?
who had n't these crayons known they helped ?	who had n't these crayons known who helped ?
who wo n't this bowl believe she would know ?	who wo n't this bowl believe who would know ?
who have the boxes said they answered ?	who have the boxes said who answered ?
who had n't that glass said he bothered ?	who had n't that glass said who bothered ?
who were n't the glasses learning they care for ?	who were n't the glasses learning who care for ?
who would n't the boxes learn they hear ?	who would n't the boxes learn who hear ?
who can n't the shirt believe she can know ?	who can n't the shirt believe who can know ?
who are n't these bowls saying they will care for ?	who are n't these bowls saying who will care for ?
who had the dishes realized they did know ?	who had the dishes realized who did know ?
who would these candles learn they worried ?	who would these candles learn who worried ?
who could that candle know she had confused ?	who could that candle know who had confused ?
who must the glasses believe they can work with ?	who must the glasses believe who can work with ?
who did n't the dishes say they taught ?	who did n't the dishes say who taught ?
who wo n't those boats think they are visiting ?	who wo n't those boats think who are visiting ?
who was n't the book hoping he had heard ?	who was n't the book hoping who had heard ?
who was n't the bed hoping she has lost ?	who was n't the bed hoping who has lost ?
who did n't the window forget she scared ?	who did n't the window forget who scared ?
who would those pictures know they had scared ?	who would those pictures know who had scared ?
who are those books learning they had lost ?	who are those books learning who had lost ?
who has this mirror remembered he knew ?	who has this mirror remembered who knew ?
who would n't this doll believe he has worked with ?	who would n't this doll believe who has worked with ?
who would those cups learn they could bother ?	who would those cups learn who could bother ?
who would those chairs believe they can hear ?	who would those chairs believe who can hear ?
who are these chairs thinking they could talk to ?	who are these chairs thinking who could talk to ?
who were these shirts hoping they have lost ?	who were these shirts hoping who have lost ?
who have n't those bottles learned they worked with ?	who have n't those bottles learned who worked with ?
who are these cars hoping they should praise ?	who are these cars hoping who should praise ?
who were n't these beds hoping they have found ?	who were n't these beds hoping who have found ?
who had those cars known they have taught ?	who had those cars known who have taught ?
who could n't this box know she can listen to ?	who could n't this box know who can listen to ?
who may those chairs figure out they heard ?	who may those chairs figure out who heard ?
who does n't that crayon hope she worried ?	who does n't that crayon hope who worried ?
who can the crayon learn she has worried ?	who can the crayon learn who has worried ?
who could those boxes realize they have bothered ?	who could those boxes realize who have bothered ?
who have n't these cups said they did know ?	who have n't these cups said who did know ?
who might this cup remember she was visiting ?	who might this cup remember who was visiting ?
who must the button believe she could understand ?	who must the button believe who could understand ?
who is n't that couch learning she was helping ?	who is n't that couch learning who was helping ?
who might this door figure out she hears ?	who might this door figure out who hears ?
who had n't these shirts thought they were listening to ?	who had n't these shirts thought who were listening to ?
who should n't the spoon realize he hears ?	who should n't the spoon realize who hears ?
who has n't this rocket thought he bothered ?	who has n't this rocket thought who bothered ?
who was this mirror learning he has heard ?	who was this mirror learning who has heard ?
who had n't those plates figured out they scared ?	who had n't those plates figured out who scared ?
who were the windows hoping they talk to ?	who were the windows hoping who talk to ?
who could the dishes figure out they work with ?	who could the dishes figure out who work with ?
who is the cup learning she will worry ?	who is the cup learning who will worry ?
who should that chair believe she talks to ?	who should that chair believe who talks to ?
who will this boat remember she is bothering ?	who will this boat remember who is bothering ?
who had those dishes figured out they visited ?	who had those dishes figured out who visited ?
who is the bicycle learning she worried ?	who is the bicycle learning who worried ?
who could those pictures learn they appreciate ?	who could those pictures learn who appreciate ?
who had this glass figured out she was helping ?	who had this glass figured out who was helping ?
who had that book thought she scares ?	who had that book thought who scares ?
who are n't these doors learning they could appreciate ?	who are n't these doors learning who could appreciate ?
who had these books remembered they help ?	who had these books remembered who help ?
who have the forks said they will hear ?	who have the forks said who will hear ?
who have these pictures remembered they were teaching ?	who have these pictures remembered who were teaching ?
who do n't the hats hope they heard ?	who do n't the hats hope who heard ?
who were n't these books thinking they confused ?	who were n't these books thinking who confused ?
who was n't that truck learning he works with ?	who was n't that truck learning who works with ?
who can n't that picture forget she can care for ?	who can n't that picture forget who can care for ?
who could those books think they appreciate ?	who could those books think who appreciate ?
who do n't these boxes realize they have heard ?	who do n't these boxes realize who have heard ?
who wo n't those pictures forget they work with ?	who wo n't those pictures forget who work with ?
who had n't the chairs remembered they knew ?	who had n't the chairs remembered who knew ?
who has that window known he bothered ?	who has that window known who bothered ?
who is this glass saying he could praise ?	who is this glass saying who could praise ?
who are n't those rings learning they should help ?	who are n't those rings learning who should help ?
who do n't those hats think they should hear ?	who do n't those hats think who should hear ?
who is this truck learning he was bothering ?	who is this truck learning who was bothering ?
who have n't these pictures realized they are teaching ?	who have n't these pictures realized who are teaching ?
who was that shirt saying he worried ?	who was that shirt saying who worried ?
who have n't those dishes realized they do understand ?	who have n't those dishes realized who do understand ?
who was this plane thinking she can hear ?	who was this plane thinking who can hear ?
who had these spoons learned they helped ?	who had these spoons learned who helped ?
who was n't the rug hoping she had helped ?	who was n't the rug hoping who had helped ?
who were n't the dolls learning they hear ?	who were n't the dolls learning who hear ?
who are those shoes hoping they bothered ?	who are those shoes hoping who bothered ?
who is n't the fork thinking she does know ?	who is n't the fork thinking who does know ?
who should n't these books figure out they hear ?	who should n't these books figure out who hear ?
who will that rocket know he can bother ?	who will that rocket know who can bother ?
who are n't the shoes learning they are visiting ?	who are n't the shoes learning who are visiting ?
who wo n't those toys realize they do know ?	who wo n't those toys realize who do know ?
who should n't this spoon figure out she has lost ?	who should n't this spoon figure out who has lost ?
who had that car realized she should visit ?	who had that car realized who should visit ?
who were those cups saying they helped ?	who were those cups saying who helped ?
who may the beds know they heard ?	who may the beds know who heard ?
who was n't that car hoping she did hear ?	who was n't that car hoping who did hear ?
who had that bed known she lost ?	who had that bed known who lost ?
who would that plate think she knows ?	who would that plate think who knows ?
who is n't that hat hoping she can understand ?	who is n't that hat hoping who can understand ?
who could n't these trucks know they lost ?	who could n't these trucks know who lost ?
who was n't this chair learning he visited ?	who was n't this chair learning who visited ?
who has this chair remembered he could worry ?	who has this chair remembered who could worry ?
who does n't that window remember he will listen to ?	who does n't that window remember who will listen to ?
who is n't this bag hoping he can know ?	who is n't this bag hoping who can know ?
who is the hat learning she is listening to ?	who is the hat learning who is listening to ?
who were these trucks hoping they worked with ?	who were these trucks hoping who worked with ?
who have those boats figured out they had talked to ?	who have those boats figured out who had talked to ?
who is n't that button hoping she does scare ?	who is n't that button hoping who does scare ?
who has this cup thought she could help ?	who has this cup thought who could help ?
who was n't this spoon hoping she had answered ?	who was n't this spoon hoping who had answered ?
who are n't those pictures hoping they answer ?	who are n't those pictures hoping who answer ?
who had n't the shoe thought she will know ?	who had n't the shoe thought who will know ?
who would that truck think he has lost ?	who would that truck think who has lost ?
who had n't this mirror known she knew ?	who had n't this mirror known who knew ?
who had those cups figured out they answer ?	who had those cups figured out who answer ?
who was that cup learning he lost ?	who was that cup learning who lost ?
who will these shirts say they will teach ?	who will these shirts say who will teach ?
who will the toys know they did understand ?	who will the toys know who did understand ?
who could that ring learn he works with ?	who could that ring learn who works with ?
who is this picture thinking he will scare ?	who is this picture thinking who will scare ?
who have n't the forks learned they confused ?	who have n't the forks learned who confused ?
who are n't these boats hoping they would visit ?	who are n't these boats hoping who would visit ?
who are n't these beds learning they can listen to ?	who are n't these beds learning who can listen to ?
who have n't these toys thought they know ?	who have n't these toys thought who know ?
who was that bed saying he works with ?	who was that bed saying who works with ?
who are n't the glasses learning they work with ?	who are n't the glasses learning who work with ?
who could n't the picture learn he scared ?	who could n't the picture learn who scared ?
who is the car learning he hears ?	who is the car learning who hears ?
who can n't the truck think she should talk to ?	who can n't the truck think who should talk to ?
who had that book realized he worked with ?	who had that book realized who worked with ?
who would n't these candles think they talk to ?	who would n't these candles think who talk to ?
who is this ring saying she will help ?	who is this ring saying who will help ?
who were those boats learning they were listening to ?	who were those boats learning who were listening to ?
who has this bed remembered she talks to ?	who has this bed remembered who talks to ?
who must the bottles believe they are bothering ?	who must the bottles believe who are bothering ?
who has n't the bottle realized he is talking to ?	who has n't the bottle realized who is talking to ?
who has n't this toy remembered he bothered ?	who has n't this toy remembered who bothered ?
who have these pictures realized they bother ?	who have these pictures realized who bother ?
who have n't those bowls figured out they had heard ?	who have n't those bowls figured out who had heard ?
who have these glasses said they appreciate ?	who have these glasses said who appreciate ?
who have n't the dolls realized they had helped ?	who have n't the dolls realized who had helped ?
who could n't the window realize she could hear ?	who could n't the window realize who could hear ?
who had the pictures figured out they had visited ?	who had the pictures figured out who had visited ?
who were n't those hats learning they appreciate ?	who were n't those hats learning who appreciate ?
who are the candles hoping they understand ?	who are the candles hoping who understand ?
who had n't this hat remembered she has heard ?	who had n't this hat remembered who has heard ?
who were n't the spoons thinking they had visited ?	who were n't the spoons thinking who had visited ?
who could these bowls learn they heard ?	who could these bowls learn who heard ?
who had n't the fork realized he taught ?	who had n't the fork realized who taught ?
who was n't the boat hoping he hears ?	who was n't the boat hoping who hears ?
who had the spoons realized they are helping ?	who had the spoons realized who are helping ?
who are the forks saying they heard ?	who are the forks saying who heard ?
who was n't that door learning she has bothered ?	who was n't that door learning who has bothered ?
who can n't those shirts realize they should talk to ?	who can n't those shirts realize who should talk to ?
who would the glasses realize they would visit ?	who would the glasses realize who would visit ?
who did n't that car believe she was working with ?	who did n't that car believe who was working with ?
who should n't those crayons say they listen to ?	who should n't those crayons say who listen to ?
who was n't the bed learning she answered ?	who was n't the bed learning who answered ?
who would these plates think they have worried ?	who would these plates think who have worried ?
who do n't these boxes believe they knew ?	who do n't these boxes believe who knew ?
who had these cars known they listen to ?	who had these cars known who listen to ?
who are the shirts learning they heard ?	who are the shirts learning who heard ?
who was the spoon learning he will worry ?	who was the spoon learning who will worry ?
who can those cars remember they worked with ?	who can those cars remember who worked with ?
who will those bowls believe they were bothering ?	who will those bowls believe who were bothering ?
who had the shirt realized he should understand ?	who had the shirt realized who should understand ?
who had n't those cups realized they scared ?	who had n't those cups realized who scared ?
who may this candle believe he heard ?	who may this candle believe who heard ?
who had n't that boat known she knew ?	who had n't that boat known who knew ?
who could the candle hope he should care for ?	who could the candle hope who should care for ?
who were those candles thinking they are teaching ?	who were those candles thinking who are teaching ?
who had these bowls remembered they will help ?	who had these bowls remembered who will help ?
who have n't the chairs figured out they scare ?	who have n't the chairs figured out who scare ?
who can n't these plates know they did answer ?	who can n't these plates know who did answer ?
who had n't that hat known she would know ?	who had n't that hat known who would know ?
who had those plates known they work with ?	who had those plates known who work with ?
who was n't this bottle thinking he is visiting ?	who was n't this bottle thinking who is visiting ?
who will that truck hope he had answered ?	who will that truck hope who had answered ?
who were n't these rings learning they scare ?	who were n't these rings learning who scare ?
who were n't the books saying they bother ?	who were n't the books saying who bother ?
who has the fork thought she is bothering ?	who has the fork thought who is bothering ?
who was n't that plate saying he talks to ?	who was n't that plate saying who talks to ?
who were these dolls thinking they care for ?	who were these dolls thinking who care for ?
who are n't those toys thinking they had bothered ?	who are n't those toys thinking who had bothered ?
who are those boxes learning they heard ?	who are those boxes learning who heard ?
who has this couch remembered she hears ?	who has this couch remembered who hears ?
who did n't the dish hope he should talk to ?	who did n't the dish hope who should talk to ?
who had these crayons remembered they answered ?	who had these crayons remembered who answered ?
who had n't these pictures figured out they have heard ?	who had n't these pictures figured out who have heard ?
who had n't the shoes remembered they were talking to ?	who had n't the shoes remembered who were talking to ?
who had n't that spoon said he works with ?	who had n't that spoon said who works with ?
who had these windows learned they answer ?	who had these windows learned who answer ?
who have n't those books figured out they are teaching ?	who have n't those books figured out who are teaching ?
who should these cars remember they have lost ?	who should these cars remember who have lost ?
who had this glass thought she had heard ?	who had this glass thought who had heard ?
who do n't those shoes realize they worried ?	who do n't those shoes realize who worried ?
who might the book think she heard ?	who might the book think who heard ?
who had n't that bag realized he would praise ?	who had n't that bag realized who would praise ?
who should n't those books figure out they would answer ?	who should n't those books figure out who would answer ?
who is n't the bowl hoping he works with ?	who is n't the bowl hoping who works with ?
who have n't the bags said they hear ?	who have n't the bags said who hear ?
who are n't those candles saying they will work with ?	who are n't those candles saying who will work with ?
who is this cup thinking she has heard ?	who is this cup thinking who has heard ?
who had the spoon thought she worried ?	who had the spoon thought who worried ?
who must the forks realize they have visited ?	who must the forks realize who have visited ?
who must the pictures think they bother ?	who must the pictures think who bother ?
who had n't those pictures realized they scared ?	who had n't those pictures realized who scared ?
who had n't these dolls remembered they talked to ?	who had n't these dolls remembered who talked to ?
