the buttons can n't remember what this couch has taken .	the buttons can n't remember that this couch has taken .
this bag noticed what these forks buy .	this bag noticed that these forks buy .
those books noticed what those trucks made .	those books noticed that those trucks made .
this car might know what that room does n't make .	this car might know that that room does n't make .
those dishes forgot what the ring stole .	those dishes forgot that the ring stole .
that bottle had known what the ring took .	that bottle had known that the ring took .
those dolls should know what that hat may fix .	those dolls should know that that hat may fix .
that book has seen who the bottles should appreciate .	that book has seen that the bottles should appreciate .
the rocket has n't remembered what this window may fix .	the rocket has n't remembered that this window may fix .
those shoes had n't realized what that crayon does n't hold .	those shoes had n't realized that that crayon does n't hold .
this mirror sees what that hospital takes .	this mirror sees that that hospital takes .
this car realized what the crayons buy .	this car realized that the crayons buy .
these glasses remembered what the pictures buy .	these glasses remembered that the pictures buy .
the crayons realize who those rings may hate .	the crayons realize that those rings may hate .
these boats noticed who this chair has n't liked .	these boats noticed that this chair has n't liked .
those books realized what this car fixed .	those books realized that this car fixed .
this car can n't forget what these bottles have made .	this car can n't forget that these bottles have made .
those spoons have n't learned what those beds would n't keep .	those spoons have n't learned that those beds would n't keep .
these rings forget who the plates have confused .	these rings forget that the plates have confused .
the dolls forgot what these shirts are n't keeping .	the dolls forgot that these shirts are n't keeping .
the chairs might know what the kitchen has n't held .	the chairs might know that the kitchen has n't held .
those toys could notice what these rooms are n't keeping .	those toys could notice that these rooms are n't keeping .
these chairs had n't remembered what that window must bring .	these chairs had n't remembered that that window must bring .
those dolls must learn what those pictures have n't kept .	those dolls must learn that those pictures have n't kept .
those dolls could know what that car must sell .	those dolls could know that that car must sell .
the windows might forget what these books hold .	the windows might forget that these books hold .
those cars should know who this rug scares .	those cars should know that this rug scares .
the boat knows what the boxes find .	the boat knows that the boxes find .
this book does n't remember who the car has n't liked .	this book does n't remember that the car has n't liked .
those chairs had n't realized what the rooms should n't find .	those chairs had n't realized that the rooms should n't find .
this window sees what this truck is taking .	this window sees that this truck is taking .
the plane has noticed who the boats could like .	the plane has noticed that the boats could like .
that plane did n't see who those bottles have confused .	that plane did n't see that those bottles have confused .
those plates have seen who those boats had n't scared .	those plates have seen that those boats had n't scared .
the glasses knew what the bicycle brings .	the glasses knew that the bicycle brings .
these bowls knew who these boats do n't like .	these bowls knew that these boats do n't like .
the rings should see what that box takes .	the rings should see that that box takes .
that doll realized what that glass might make .	that doll realized that that glass might make .
this picture had realized what that bag was n't buying .	this picture had realized that that bag was n't buying .
these chairs had realized what the dolls would find .	these chairs had realized that the dolls would find .
this spoon may know what that hospital has n't taken .	this spoon may know that that hospital has n't taken .
this bottle must notice who that kitchen liked .	this bottle must notice that that kitchen liked .
that couch learned what those books might fix .	that couch learned that those books might fix .
the cars forgot what those buttons are n't taking .	the cars forgot that those buttons are n't taking .
the cars forgot what this bed can steal .	the cars forgot that this bed can steal .
that spoon knew what those glasses should steal .	that spoon knew that those glasses should steal .
the toy has learned what this plane may hold .	the toy has learned that this plane may hold .
the books forgot what that plane could fix .	the books forgot that that plane could fix .
the bowl has n't realized what the hat made .	the bowl has n't realized that the hat made .
this button knew who these bowls scared .	this button knew that these bowls scared .
that picture wo n't learn what this crayon should steal .	that picture wo n't learn that this crayon should steal .
that bed knew what the spoon takes .	that bed knew that the spoon takes .
the cup realized who the school could hate .	the cup realized that the school could hate .
the spoons had n't realized what the book took .	the spoons had n't realized that the book took .
this chair must notice what the fork makes .	this chair must notice that the fork makes .
those dishes know what the school can buy .	those dishes know that the school can buy .
this plate had noticed what that rocket keeps .	this plate had noticed that that rocket keeps .
these hats knew what this doll has taken .	these hats knew that this doll has taken .
these trucks noticed who this truck was bothering .	these trucks noticed that this truck was bothering .
the toys forgot who that plate liked .	the toys forgot that that plate liked .
the plate has n't known what that bag could fix .	the plate has n't known that that bag could fix .
that box had n't known who these boxes are n't bothering .	that box had n't known that these boxes are n't bothering .
those books could n't notice what that dish was keeping .	those books could n't notice that that dish was keeping .
these shoes remember who this rug can hate .	these shoes remember that this rug can hate .
those trucks could know what the dishes had brought .	those trucks could know that the dishes had brought .
this button knows what the school keeps .	this button knows that the school keeps .
the beds will see what these crayons have n't kept .	the beds will see that these crayons have n't kept .
the books had n't known what those books have n't taken .	the books had n't known that those books have n't taken .
these bottles can learn what the bowl makes .	these bottles can learn that the bowl makes .
these toys learn who the chairs like .	these toys learn that the chairs like .
those candles do n't learn what the plate kept .	those candles do n't learn that the plate kept .
the ship knew who these cars should hate .	the ship knew that these cars should hate .
that fork sees who the fork likes .	that fork sees that the fork likes .
that cup learned what these beds buy .	that cup learned that these beds buy .
those cars forget who those plates praise .	those cars forget that those plates praise .
these toys might remember what the cup made .	these toys might remember that the cup made .
the cars notice what the bed was taking .	the cars notice that the bed was taking .
that bed can n't see who the spoon can n't bother .	that bed can n't see that the spoon can n't bother .
the glass knows what the cup was bringing .	the glass knows that the cup was bringing .
this box noticed what this school would bring .	this box noticed that this school would bring .
those rings could n't see who the cars have scared .	those rings could n't see that the cars have scared .
those shirts realized who this mall scares .	those shirts realized that this mall scares .
the crayons notice what this book had n't kept .	the crayons notice that this book had n't kept .
the toys could n't notice who this toy will hate .	the toys could n't notice that this toy will hate .
the dishes had n't seen what this toy can sell .	the dishes had n't seen that this toy can sell .
the rings do n't learn who those beds have n't scared .	the rings do n't learn that those beds have n't scared .
those bags noticed what those doors are bringing .	those bags noticed that those doors are bringing .
this bed had noticed who those books have liked .	this bed had noticed that those books have liked .
that mirror knew what that car wo n't find .	that mirror knew that that car wo n't find .
those forks had noticed what the chair holds .	those forks had noticed that the chair holds .
this window must know what those bowls fix .	this window must know that those bowls fix .
these hats have learned what the boats steal .	these hats have learned that the boats steal .
that ship had n't learned what the forks brought .	that ship had n't learned that the forks brought .
these toys have remembered what that dish brought .	these toys have remembered that that dish brought .
this boat had n't known what this crayon holds .	this boat had n't known that this crayon holds .
the dolls forget what this candle would take .	the dolls forget that this candle would take .
these bowls should n't learn what those candles bought .	these bowls should n't learn that those candles bought .
this bowl did n't notice who this dish liked .	this bowl did n't notice that this dish liked .
the candles have n't remembered what the beds took .	the candles have n't remembered that the beds took .
this window had seen what these shoes hold .	this window had seen that these shoes hold .
these dolls knew what that plane had fixed .	these dolls knew that that plane had fixed .
the shoe knew who these schools liked .	the shoe knew that these schools liked .
this shoe might realize what these spoons fixed .	this shoe might realize that these spoons fixed .
this bicycle had learned what these beds make .	this bicycle had learned that these beds make .
those bags have noticed who those candles appreciate .	those bags have noticed that those candles appreciate .
these shirts could see what these crayons did n't find .	these shirts could see that these crayons did n't find .
these boxes have seen what that car takes .	these boxes have seen that that car takes .
those plates forgot what that restaurant should n't fix .	those plates forgot that that restaurant should n't fix .
that car would n't see what that book is bringing .	that car would n't see that that book is bringing .
the forks see what the glass had brought .	the forks see that the glass had brought .
this car saw who the picture could n't bother .	this car saw that the picture could n't bother .
those chairs have n't learned what this hospital kept .	those chairs have n't learned that this hospital kept .
the windows realize who those dolls hate .	the windows realize that those dolls hate .
the beds noticed who this school liked .	the beds noticed that this school liked .
those windows learn what those dishes were buying .	those windows learn that those dishes were buying .
the spoon did n't see what that dish bought .	the spoon did n't see that that dish bought .
the glasses know who that dish has n't bothered .	the glasses know that that dish has n't bothered .
these bags realize who the bottle will scare .	these bags realize that the bottle will scare .
these crayons saw what the room bought .	these crayons saw that the room bought .
the books do n't forget who these doors had n't bothered .	the books do n't forget that these doors had n't bothered .
those books noticed what the plate is n't fixing .	those books noticed that the plate is n't fixing .
these doors might forget what the crayons may keep .	these doors might forget that the crayons may keep .
those candles may notice what those rings had held .	those candles may notice that those rings had held .
the boxes notice what those doors stole .	the boxes notice that those doors stole .
this truck learned who those crayons like .	this truck learned that those crayons like .
that plate does n't learn what the chairs stole .	that plate does n't learn that the chairs stole .
the toy may remember what that museum makes .	the toy may remember that that museum makes .
those forks do n't see what that kitchen held .	those forks do n't see that that kitchen held .
this cup may realize who those doors would bother .	this cup may realize that those doors would bother .
the chairs had n't noticed what the truck has n't kept .	the chairs had n't noticed that the truck has n't kept .
the book wo n't forget what those chairs sell .	the book wo n't forget that those chairs sell .
the box had learned what those bags find .	the box had learned that those bags find .
that box learned who the plates do n't praise .	that box learned that the plates do n't praise .
the books remembered what that school is buying .	the books remembered that that school is buying .
this truck knows who that hospital would bother .	this truck knows that that hospital would bother .
that window forgot what the shirt keeps .	that window forgot that the shirt keeps .
these pictures have realized what this library wo n't buy .	these pictures have realized that this library wo n't buy .
the glasses did n't forget what these bowls may fix .	the glasses did n't forget that these bowls may fix .
these hats see what that couch fixed .	these hats see that that couch fixed .
the bowls realized what these doors will take .	the bowls realized that these doors will take .
these books realize what the museum did n't bring .	these books realize that the museum did n't bring .
the shoes noticed what those schools fixed .	the shoes noticed that those schools fixed .
those bottles will realize what the mirror is n't buying .	those bottles will realize that the mirror is n't buying .
those dolls forgot who this kitchen will appreciate .	those dolls forgot that this kitchen will appreciate .
the bags forget what that ring brought .	the bags forget that that ring brought .
these books have realized who these books can n't bother .	these books have realized that these books can n't bother .
the dish had remembered what those forks were holding .	the dish had remembered that those forks were holding .
those cars wo n't realize what the school might find .	those cars wo n't realize that the school might find .
the crayons saw what these plates hold .	the crayons saw that these plates hold .
that toy had n't realized who these cups should scare .	that toy had n't realized that these cups should scare .
the shoes will know what this shirt was n't fixing .	the shoes will know that this shirt was n't fixing .
the mirror should know what this glass held .	the mirror should know that this glass held .
that bag forgot who that bicycle would appreciate .	that bag forgot that that bicycle would appreciate .
those glasses have known what the schools had held .	those glasses have known that the schools had held .
this chair noticed who that plane had n't scared .	this chair noticed that that plane had n't scared .
these dolls had n't known what that dish brings .	these dolls had n't known that that dish brings .
those books can n't remember what this school found .	those books can n't remember that this school found .
the boats can realize who the picture must scare .	the boats can realize that the picture must scare .
those boxes remembered who that room had n't liked .	those boxes remembered that that room had n't liked .
those doors wo n't forget who those doors hate .	those doors wo n't forget that those doors hate .
this spoon had n't realized what this box fixed .	this spoon had n't realized that this box fixed .
that door will realize who those spoons could n't bother .	that door will realize that those spoons could n't bother .
these shirts realize what the candles do n't find .	these shirts realize that the candles do n't find .
the window must know what those windows should bring .	the window must know that those windows should bring .
the pictures noticed who those dolls appreciate .	the pictures noticed that those dolls appreciate .
the trucks will know what that ring brought .	the trucks will know that that ring brought .
these trucks knew what this chair has taken .	these trucks knew that this chair has taken .
the spoons learned what these boats are n't keeping .	the spoons learned that these boats are n't keeping .
those dishes learn what the cup was n't finding .	those dishes learn that the cup was n't finding .
these dolls remembered what these hats took .	these dolls remembered that these hats took .
that crayon sees who these bottles praise .	that crayon sees that these bottles praise .
the cup forgot who that room had n't scared .	the cup forgot that that room had n't scared .
that doll noticed what the door had held .	that doll noticed that the door had held .
that car can learn who the bicycle had n't confused .	that car can learn that the bicycle had n't confused .
the bottle sees what these glasses would sell .	the bottle sees that these glasses would sell .
that truck had learned who this library had liked .	that truck had learned that this library had liked .
that door must remember what that plate was n't taking .	that door must remember that that plate was n't taking .
this hat saw what these hats have n't taken .	this hat saw that these hats have n't taken .
those cars see who these books may bother .	those cars see that these books may bother .
this truck had n't known what the school will steal .	this truck had n't known that the school will steal .
the dishes could n't forget who the cars may hate .	the dishes could n't forget that the cars may hate .
these shirts have n't known who the toys scared .	these shirts have n't known that the toys scared .
that book has learned who those shoes liked .	that book has learned that those shoes liked .
this doll had n't learned what those chairs have n't brought .	this doll had n't learned that those chairs have n't brought .
the bags had n't known who these rooms would praise .	the bags had n't known that these rooms would praise .
these pictures would remember what this plate holds .	these pictures would remember that this plate holds .
those hats realized what this bed fixed .	those hats realized that this bed fixed .
that fork had n't noticed what the spoon was taking .	that fork had n't noticed that the spoon was taking .
these bottles learned what the rooms were n't taking .	these bottles learned that the rooms were n't taking .
those glasses knew what the shoe might sell .	those glasses knew that the shoe might sell .
those toys remembered what those bowls can fix .	those toys remembered that those bowls can fix .
the ring saw what the pictures had brought .	the ring saw that the pictures had brought .
that glass had n't learned what these hats had taken .	that glass had n't learned that these hats had taken .
the bag knew who those dolls have n't scared .	the bag knew that those dolls have n't scared .
those boxes would n't learn what those buttons wo n't take .	those boxes would n't learn that those buttons wo n't take .
these candles have noticed what these books fix .	these candles have noticed that these books fix .
the hats forgot who the cup has confused .	the hats forgot that the cup has confused .
the windows had seen what that kitchen may keep .	the windows had seen that that kitchen may keep .
this bottle will know who that bed has liked .	this bottle will know that that bed has liked .
these books know what those books hold .	these books know that those books hold .
the bag must know what that ship made .	the bag must know that that ship made .
the glasses must know what those toys fix .	the glasses must know that those toys fix .
that truck would n't realize what the couch should n't fix .	that truck would n't realize that the couch should n't fix .
these beds forgot what that hat is n't taking .	these beds forgot that that hat is n't taking .
that couch had n't noticed who that school has confused .	that couch had n't noticed that that school has confused .
that boat sees what those trucks sell .	that boat sees that those trucks sell .
the boats may see what these boats have made .	the boats may see that these boats have made .
the plate learned what these cars steal .	the plate learned that these cars steal .
this plane can realize what the ring can take .	this plane can realize that the ring can take .
these cars forget who that book wo n't hate .	these cars forget that that book wo n't hate .
these glasses have n't learned what those cars took .	these glasses have n't learned that those cars took .
this hat had n't remembered what that school keeps .	this hat had n't remembered that that school keeps .
the picture has learned what that truck was bringing .	the picture has learned that that truck was bringing .
the fork had n't known what that bag holds .	the fork had n't known that that bag holds .
these shoes may see what those bowls fixed .	these shoes may see that those bowls fixed .
this dish had known what the button holds .	this dish had known that the button holds .
that car could notice what those windows are n't keeping .	that car could notice that those windows are n't keeping .
this rug had remembered what this spoon can hold .	this rug had remembered that this spoon can hold .
that shoe does n't remember who the shirts will hate .	that shoe does n't remember that the shirts will hate .
this book could forget who the glasses must hate .	this book could forget that the glasses must hate .
those hats notice who this room may appreciate .	those hats notice that this room may appreciate .
these shirts notice what that ship is n't fixing .	these shirts notice that that ship is n't fixing .
those bags learn what this toy had n't fixed .	those bags learn that this toy had n't fixed .
this hat will know what these bags bring .	this hat will know that these bags bring .
the beds had noticed what the box keeps .	the beds had noticed that the box keeps .
those crayons forgot what that dish was n't fixing .	those crayons forgot that that dish was n't fixing .
the cars know what the glass was fixing .	the cars know that the glass was fixing .
the bottle realized what that car kept .	the bottle realized that that car kept .
this shoe does n't see what those boats sell .	this shoe does n't see that those boats sell .
the bottles can learn what those spoons should n't keep .	the bottles can learn that those spoons should n't keep .
this box might realize what the room had n't found .	this box might realize that the room had n't found .
the shoes wo n't see what these rings take .	the shoes wo n't see that these rings take .
these cars learned what those books have n't taken .	these cars learned that those books have n't taken .
these cars saw who these shirts had n't scared .	these cars saw that these shirts had n't scared .
those hats see what the plates do n't steal .	those hats see that the plates do n't steal .
these plates remember what the bank could n't steal .	these plates remember that the bank could n't steal .
that bowl should n't realize what that school should keep .	that bowl should n't realize that that school should keep .
that chair has n't realized who this restaurant should n't bother .	that chair has n't realized that this restaurant should n't bother .
the dolls had n't remembered who that rocket has n't liked .	the dolls had n't remembered that that rocket has n't liked .
the glasses had n't remembered who that park confused .	the glasses had n't remembered that that park confused .
the crayons wo n't notice who this bank could praise .	the crayons wo n't notice that this bank could praise .
the hats could n't forget who this school was bothering .	the hats could n't forget that this school was bothering .
the shirts had n't learned what that window was n't bringing .	the shirts had n't learned that that window was n't bringing .
those cars know what the room has n't found .	those cars know that the room has n't found .
these chairs see who this boat should bother .	these chairs see that this boat should bother .
those crayons realized what these trucks made .	those crayons realized that these trucks made .
the plates saw what those books might sell .	the plates saw that those books might sell .
those boats forget who the truck likes .	those boats forget that the truck likes .
those beds would forget what the boxes are n't buying .	those beds would forget that the boxes are n't buying .
that glass remembered what those glasses did n't steal .	that glass remembered that those glasses did n't steal .
the hat could n't notice who the trucks confused .	the hat could n't notice that the trucks confused .
the spoons should learn who this school had n't liked .	the spoons should learn that this school had n't liked .
those rings have realized who these rooms bothered .	those rings have realized that these rooms bothered .
those toys notice what those bags are n't buying .	those toys notice that those bags are n't buying .
the chairs did n't forget what the beds were n't making .	the chairs did n't forget that the beds were n't making .
this plane has n't known who that crayon likes .	this plane has n't known that that crayon likes .
this toy saw who the trucks bother .	this toy saw that the trucks bother .
that book could see what these bags are buying .	that book could see that these bags are buying .
these boxes remember who that boat scares .	these boxes remember that that boat scares .
this glass saw what these boats fix .	this glass saw that these boats fix .
these hats remember what the mall is n't finding .	these hats remember that the mall is n't finding .
that plate did n't forget what the toy keeps .	that plate did n't forget that the toy keeps .
the picture saw what that plane has held .	the picture saw that that plane has held .
the toy knew what these schools fix .	the toy knew that these schools fix .
those pictures did n't know what this shirt kept .	those pictures did n't know that this shirt kept .
the spoons noticed what those spoons may bring .	the spoons noticed that those spoons may bring .
that button noticed what the bottle keeps .	that button noticed that the bottle keeps .
these rings may see who these bags praise .	these rings may see that these bags praise .
those trucks see what that bottle held .	those trucks see that that bottle held .
that hat had n't known who the doors have scared .	that hat had n't known that the doors have scared .
the spoon had n't known what this car found .	the spoon had n't known that this car found .
the glass had noticed who these windows may scare .	the glass had noticed that these windows may scare .
those boats remembered who this bowl could appreciate .	those boats remembered that this bowl could appreciate .
those rings had n't learned what the book does n't steal .	those rings had n't learned that the book does n't steal .
that plane forgot what these windows make .	that plane forgot that these windows make .
these buttons will see what these toys were n't keeping .	these buttons will see that these toys were n't keeping .
those cars forgot what those dishes had n't kept .	those cars forgot that those dishes had n't kept .
the plate should n't see who the school had scared .	the plate should n't see that the school had scared .
the hats realize who the plate had n't bothered .	the hats realize that the plate had n't bothered .
the shoe would forget what the cups made .	the shoe would forget that the cups made .
the shoes did n't see what this shoe makes .	the shoes did n't see that this shoe makes .
these bottles see who the glass confused .	these bottles see that the glass confused .
that plate saw what that restaurant should bring .	that plate saw that that restaurant should bring .
these doors could know who this shoe confused .	these doors could know that this shoe confused .
these cars realized what the buttons bring .	these cars realized that the buttons bring .
that bag had remembered what those cars have n't fixed .	that bag had remembered that those cars have n't fixed .
that bag had n't known what that boat bought .	that bag had n't known that that boat bought .
those bags might know what the park keeps .	those bags might know that the park keeps .
this car has learned who the beds must praise .	this car has learned that the beds must praise .
these cars had n't learned what this school took .	these cars had n't learned that this school took .
those forks noticed who these cars would n't bother .	those forks noticed that these cars would n't bother .
the mirror has known who the glasses scare .	the mirror has known that the glasses scare .
these rings forget who the forks bothered .	these rings forget that the forks bothered .
that rocket realized who the spoon is n't bothering .	that rocket realized that the spoon is n't bothering .
that glass did n't notice who the mall confused .	that glass did n't notice that the mall confused .
the cup will remember who this hat wo n't bother .	the cup will remember that this hat wo n't bother .
this boat can n't remember who the plate may appreciate .	this boat can n't remember that the plate may appreciate .
these shoes knew what this hospital keeps .	these shoes knew that this hospital keeps .
those bags forgot what that plate held .	those bags forgot that that plate held .
the ship should learn who those dolls do n't hate .	the ship should learn that those dolls do n't hate .
these bottles had remembered what this shirt brought .	these bottles had remembered that this shirt brought .
the bicycle noticed what those schools found .	the bicycle noticed that those schools found .
the cup had n't remembered what these forks have n't made .	the cup had n't remembered that these forks have n't made .
that toy could n't know what those crayons were n't holding .	that toy could n't know that those crayons were n't holding .
that bottle might realize who that plate was n't bothering .	that bottle might realize that that plate was n't bothering .
the candle had n't seen what this park takes .	the candle had n't seen that this park takes .
the cars remembered who this chair would n't hate .	the cars remembered that this chair would n't hate .
those spoons do n't see what this bank has held .	those spoons do n't see that this bank has held .
that button saw what the car would sell .	that button saw that the car would sell .
those spoons forgot what this school should steal .	those spoons forgot that this school should steal .
the bed knew who these chairs had bothered .	the bed knew that these chairs had bothered .
those trucks see who that room is n't bothering .	those trucks see that that room is n't bothering .
those candles remembered what the ship can n't bring .	those candles remembered that the ship can n't bring .
the boats could n't learn who this toy can like .	the boats could n't learn that this toy can like .
these forks should n't know who that bottle had liked .	these forks should n't know that that bottle had liked .
that window can n't know who these bottles confused .	that window can n't know that these bottles confused .
the bicycle has n't seen what that truck made .	the bicycle has n't seen that that truck made .
the crayon realized what this car bought .	the crayon realized that this car bought .
the plate would learn what the schools can sell .	the plate would learn that the schools can sell .
this shoe should know what those books keep .	this shoe should know that those books keep .
this button may learn who the bed can n't appreciate .	this button may learn that the bed can n't appreciate .
the ring realized who the spoons were bothering .	the ring realized that the spoons were bothering .
these rings may learn who the dish is n't bothering .	these rings may learn that the dish is n't bothering .
these pictures learn what these doors sell .	these pictures learn that these doors sell .
the toy learned what those crayons might keep .	the toy learned that those crayons might keep .
the spoons realize what this school was holding .	the spoons realize that this school was holding .
the box had realized what the fork took .	the box had realized that the fork took .
those hats knew who the cups scared .	those hats knew that the cups scared .
that book would know what the restaurant could sell .	that book would know that the restaurant could sell .
these plates will realize what the trucks had n't found .	these plates will realize that the trucks had n't found .
the pictures notice who this kitchen could n't hate .	the pictures notice that this kitchen could n't hate .
the bowl has n't noticed what this room has n't taken .	the bowl has n't noticed that this room has n't taken .
that bag had n't seen what that fork kept .	that bag had n't seen that that fork kept .
these cars have seen what that candle made .	these cars have seen that that candle made .
that doll has seen what this restaurant has found .	that doll has seen that this restaurant has found .
these doors wo n't see who that park could n't appreciate .	these doors wo n't see that that park could n't appreciate .
these books remember what these bags have n't taken .	these books remember that these bags have n't taken .
those bottles forget what that shirt has n't taken .	those bottles forget that that shirt has n't taken .
the crayons realized what those plates would n't sell .	the crayons realized that those plates would n't sell .
that book knows what that box brings .	that book knows that that box brings .
this fork saw who the cups have n't liked .	this fork saw that the cups have n't liked .
the couch saw who those crayons bothered .	the couch saw that those crayons bothered .
the hats had remembered what that candle has n't found .	the hats had remembered that that candle has n't found .
those toys could forget what the bed was n't buying .	those toys could forget that the bed was n't buying .
those bottles noticed what this picture is n't keeping .	those bottles noticed that this picture is n't keeping .
those buttons see what the pictures might fix .	those buttons see that the pictures might fix .
these windows wo n't remember what that toy has bought .	these windows wo n't remember that that toy has bought .
these bags remembered who these trucks praise .	these bags remembered that these trucks praise .
those boats could forget who this couch will like .	those boats could forget that this couch will like .
the spoons have seen who those cups are bothering .	the spoons have seen that those cups are bothering .
these candles know what that school is n't keeping .	these candles know that that school is n't keeping .
the toy can n't see what the boat took .	the toy can n't see that the boat took .
those pictures can see what that cup kept .	those pictures can see that that cup kept .
these spoons remember who that hat has n't liked .	these spoons remember that that hat has n't liked .
the boat could n't see what that bowl brings .	the boat could n't see that that bowl brings .
those boxes would know what this bowl did n't fix .	those boxes would know that this bowl did n't fix .
the boat learned who that library should n't hate .	the boat learned that that library should n't hate .
the hat had n't remembered who this crayon has n't bothered .	the hat had n't remembered that this crayon has n't bothered .
these bags noticed what this bicycle took .	these bags noticed that this bicycle took .
the candles realized who the book had n't scared .	the candles realized that the book had n't scared .
these rings know who the books bother .	these rings know that the books bother .
this ring knows what these bottles sell .	this ring knows that these bottles sell .
those doors have remembered who the boats can hate .	those doors have remembered that the boats can hate .
the chairs know what this car has kept .	the chairs know that this car has kept .
those dishes have remembered what the library can n't hold .	those dishes have remembered that the library can n't hold .
those spoons realized who the chairs scared .	those spoons realized that the chairs scared .
this bowl wo n't realize who that spoon could n't praise .	this bowl wo n't realize that that spoon could n't praise .
this crayon realized what those chairs steal .	this crayon realized that those chairs steal .
these bottles had realized who that restaurant will appreciate .	these bottles had realized that that restaurant will appreciate .
the car should forget what those chairs stole .	the car should forget that those chairs stole .
these boats have n't known what those crayons have held .	these boats have n't known that those crayons have held .
the spoons have seen what these books find .	the spoons have seen that these books find .
those cars saw what the bag has n't bought .	those cars saw that the bag has n't bought .
this fork had seen what that shirt would make .	this fork had seen that that shirt would make .
that boat can forget who this museum is bothering .	that boat can forget that this museum is bothering .
that plate remembered what these cups fix .	that plate remembered that these cups fix .
that truck realized who the car will like .	that truck realized that the car will like .
that dish would learn who that shirt would scare .	that dish would learn that that shirt would scare .
the cups knew who those shirts have scared .	the cups knew that those shirts have scared .
the bowl sees what that plane is n't making .	the bowl sees that that plane is n't making .
these rings remembered what those books held .	these rings remembered that those books held .
this dish could n't see what those cups made .	this dish could n't see that those cups made .
these pictures did n't see who this doll can like .	these pictures did n't see that this doll can like .
that rug knew what that ring had brought .	that rug knew that that ring had brought .
this car learned what those beds are n't holding .	this car learned that those beds are n't holding .
the chair saw what the rooms took .	the chair saw that the rooms took .
those books could n't learn who that cup was n't bothering .	those books could n't learn that that cup was n't bothering .
the hats forget what these bottles have found .	the hats forget that these bottles have found .
these boats know who this book has n't liked .	these boats know that this book has n't liked .
those dolls noticed who these chairs bother .	those dolls noticed that these chairs bother .
the chair may know what those chairs were n't making .	the chair may know that those chairs were n't making .
the rings might notice what that dish did n't keep .	the rings might notice that that dish did n't keep .
that rug remembered what those shoes have brought .	that rug remembered that those shoes have brought .
this picture had learned what those shoes can hold .	this picture had learned that those shoes can hold .
those shoes had n't seen what this candle was keeping .	those shoes had n't seen that this candle was keeping .
that dish forgot who those schools like .	that dish forgot that those schools like .
those books learned what the trucks bought .	those books learned that the trucks bought .
the shirts could notice who that room can bother .	the shirts could notice that that room can bother .
those toys had realized what that car is taking .	those toys had realized that that car is taking .
these plates have n't known what these cars should keep .	these plates have n't known that these cars should keep .
the doors remember who the boats liked .	the doors remember that the boats liked .
this fork saw who the books can praise .	this fork saw that the books can praise .
that shoe sees what these rings stole .	that shoe sees that these rings stole .
those cars had n't noticed what the beds did n't buy .	those cars had n't noticed that the beds did n't buy .
this toy saw who those pictures may appreciate .	this toy saw that those pictures may appreciate .
those cars should remember what this box stole .	those cars should remember that this box stole .
this bowl realized what those beds might fix .	this bowl realized that those beds might fix .
those windows realize who those bowls scare .	those windows realize that those bowls scare .
that ship had realized what those windows had n't made .	that ship had realized that those windows had n't made .
these trucks learned what the shoe is n't finding .	these trucks learned that the shoe is n't finding .
the bed sees who this bag did n't like .	the bed sees that this bag did n't like .
that plate may see what those rings buy .	that plate may see that those rings buy .
those pictures realized what that door bought .	those pictures realized that that door bought .
these spoons remember what that window was n't fixing .	these spoons remember that that window was n't fixing .
this mirror can notice what that bicycle was n't keeping .	this mirror can notice that that bicycle was n't keeping .
those rings had n't remembered who these glasses like .	those rings had n't remembered that these glasses like .
that rocket noticed what those chairs would keep .	that rocket noticed that those chairs would keep .
this toy saw who this library could scare .	this toy saw that this library could scare .
that chair does n't learn what this dish holds .	that chair does n't learn that this dish holds .
this plate knows who these doors scare .	this plate knows that these doors scare .
the toys saw who these dishes scare .	the toys saw that these dishes scare .
those boxes wo n't forget what the plane is fixing .	those boxes wo n't forget that the plane is fixing .
that ship may remember who the spoon had confused .	that ship may remember that the spoon had confused .
these doors can n't know what the mall has n't held .	these doors can n't know that the mall has n't held .
these books had remembered who those shoes did n't hate .	these books had remembered that those shoes did n't hate .
the cup knows what this truck will fix .	the cup knows that this truck will fix .
these hats realized what that window could steal .	these hats realized that that window could steal .
those pictures have noticed who the spoon may hate .	those pictures have noticed that the spoon may hate .
that shirt realized what these candles would buy .	that shirt realized that these candles would buy .
the chairs remember what these books would sell .	the chairs remember that these books would sell .
these shirts forgot what those candles brought .	these shirts forgot that those candles brought .
these dishes had n't learned what that crayon found .	these dishes had n't learned that that crayon found .
that ring saw what the beds have n't found .	that ring saw that the beds have n't found .
these cups had realized who the plane was bothering .	these cups had realized that the plane was bothering .
the rings realized what the library bought .	the rings realized that the library bought .
these doors see who the restaurant had n't scared .	these doors see that the restaurant had n't scared .
this crayon noticed what that door was n't bringing .	this crayon noticed that that door was n't bringing .
the bottles learned who these plates scare .	the bottles learned that these plates scare .
this cup remembered what the bed takes .	this cup remembered that the bed takes .
the boats forget who these chairs bothered .	the boats forget that these chairs bothered .
this ring has n't realized who those dolls like .	this ring has n't realized that those dolls like .
the plate wo n't realize who those bottles have liked .	the plate wo n't realize that those bottles have liked .
these dolls had n't remembered what these bowls find .	these dolls had n't remembered that these bowls find .
that chair had seen what these schools could n't fix .	that chair had seen that these schools could n't fix .
this picture does n't notice what the bottles should n't find .	this picture does n't notice that the bottles should n't find .
these dolls know what those pictures keep .	these dolls know that those pictures keep .
that toy had n't seen what this plane stole .	that toy had n't seen that this plane stole .
that hat has seen what that cup keeps .	that hat has seen that that cup keeps .
that car had n't seen what those books had made .	that car had n't seen that those books had made .
that bowl would n't see who this glass scared .	that bowl would n't see that this glass scared .
the hats had n't seen what this mirror took .	the hats had n't seen that this mirror took .
this car would n't see who the beds wo n't like .	this car would n't see that the beds wo n't like .
this ring saw what the mall has n't bought .	this ring saw that the mall has n't bought .
this book could n't notice what that crayon took .	this book could n't notice that that crayon took .
those shoes have realized who the bottle could like .	those shoes have realized that the bottle could like .
the bed remembered what the truck could n't keep .	the bed remembered that the truck could n't keep .
these cups must realize what these buttons bring .	these cups must realize that these buttons bring .
that bed knew what these buttons should n't bring .	that bed knew that these buttons should n't bring .
the ship could forget who these plates bother .	the ship could forget that these plates bother .
these buttons remembered who that couch was bothering .	these buttons remembered that that couch was bothering .
those boxes may realize who the schools bothered .	those boxes may realize that the schools bothered .
these boxes should notice what the museum wo n't find .	these boxes should notice that the museum wo n't find .
the box saw who that library liked .	the box saw that that library liked .
this button should n't remember what the bank was bringing .	this button should n't remember that the bank was bringing .
that crayon has n't learned who these books had scared .	that crayon has n't learned that these books had scared .
these hats should n't realize who that mall likes .	these hats should n't realize that that mall likes .
the cars must forget who the box likes .	the cars must forget that the box likes .
this couch should n't notice who that park can scare .	this couch should n't notice that that park can scare .
those books remember who those shirts did n't like .	those books remember that those shirts did n't like .
the chairs remembered what the bowls hold .	the chairs remembered that the bowls hold .
the glasses must realize what the rings could n't fix .	the glasses must realize that the rings could n't fix .
the boats must realize what this book made .	the boats must realize that this book made .
this book could remember what that park would n't make .	this book could remember that that park would n't make .
these forks may forget what those shoes sell .	these forks may forget that those shoes sell .
those crayons have remembered what this plane wo n't keep .	those crayons have remembered that this plane wo n't keep .
this cup should notice what the book stole .	this cup should notice that the book stole .
this rocket did n't see what this bag is n't bringing .	this rocket did n't see that this bag is n't bringing .
this book realized what the mall bought .	this book realized that the mall bought .
this car has realized what that bowl fixed .	this car has realized that that bowl fixed .
the hat sees who this chair liked .	the hat sees that this chair liked .
these forks remember what the bag makes .	these forks remember that the bag makes .
those glasses know who the plates confused .	those glasses know that the plates confused .
that fork noticed who this truck likes .	that fork noticed that this truck likes .
the bowl could remember who the mall wo n't appreciate .	the bowl could remember that the mall wo n't appreciate .
this bed had noticed what these boxes find .	this bed had noticed that these boxes find .
those spoons have known what the bag makes .	those spoons have known that the bag makes .
this chair had seen who those doors praise .	this chair had seen that those doors praise .
this ring did n't realize who that car should n't like .	this ring did n't realize that that car should n't like .
those pictures forgot what those chairs took .	those pictures forgot that those chairs took .
this cup can know who the toy has liked .	this cup can know that the toy has liked .
those glasses have seen what these cups take .	those glasses have seen that these cups take .
the cup might remember what that ring can n't fix .	the cup might remember that that ring can n't fix .
this car learned what these schools wo n't hold .	this car learned that these schools wo n't hold .
the books saw what the candle kept .	the books saw that the candle kept .
the bowls can n't notice who those pictures should n't bother .	the bowls can n't notice that those pictures should n't bother .
those shoes realize who that couch had n't scared .	those shoes realize that that couch had n't scared .
the car had realized what these shoes keep .	the car had realized that these shoes keep .
those dolls had n't known who those books are bothering .	those dolls had n't known that those books are bothering .
this couch realized what this candle had n't found .	this couch realized that this candle had n't found .
the boat can n't see who the glasses will praise .	the boat can n't see that the glasses will praise .
the window can n't forget what these doors have n't brought .	the window can n't forget that these doors have n't brought .
the couch did n't forget what the bag did n't keep .	the couch did n't forget that the bag did n't keep .
those plates knew what this school could n't fix .	those plates knew that this school could n't fix .
the bowls noticed what this window was taking .	the bowls noticed that this window was taking .
these candles did n't know what that door has taken .	these candles did n't know that that door has taken .
those books remembered what those boats held .	those books remembered that those boats held .
this bicycle does n't forget who the boats would n't scare .	this bicycle does n't forget that the boats would n't scare .
that bottle saw who this chair will bother .	that bottle saw that this chair will bother .
that plate has n't noticed what those bags bought .	that plate has n't noticed that those bags bought .
the cups may notice what that bed made .	the cups may notice that that bed made .
these cars realized what this bicycle might keep .	these cars realized that this bicycle might keep .
these buttons forget who the cups would n't hate .	these buttons forget that the cups would n't hate .
the glass could see who the truck has scared .	the glass could see that the truck has scared .
that button knows what the couch is holding .	that button knows that the couch is holding .
those candles noticed what these bags can buy .	those candles noticed that these bags can buy .
the chairs forget what those pictures are n't taking .	the chairs forget that those pictures are n't taking .
these cars forgot who this boat did n't appreciate .	these cars forgot that this boat did n't appreciate .
the button learned what those spoons had n't taken .	the button learned that those spoons had n't taken .
these beds have n't remembered what these pictures were taking .	these beds have n't remembered that these pictures were taking .
these toys may forget who the crayons should n't hate .	these toys may forget that the crayons should n't hate .
this shirt would n't see who these forks hate .	this shirt would n't see that these forks hate .
these books might know what this park was keeping .	these books might know that this park was keeping .
the pictures must notice who the fork wo n't scare .	the pictures must notice that the fork wo n't scare .
these dishes did n't know who that rocket could n't bother .	these dishes did n't know that that rocket could n't bother .
these shoes realize what those bowls were bringing .	these shoes realize that those bowls were bringing .
these chairs remembered what the bottle could steal .	these chairs remembered that the bottle could steal .
these shirts can n't forget what this bed had found .	these shirts can n't forget that this bed had found .
this shoe knows what these cups kept .	this shoe knows that these cups kept .
these buttons forget who these boxes would n't appreciate .	these buttons forget that these boxes would n't appreciate .
the books must forget what the book must bring .	the books must forget that the book must bring .
that couch did n't remember who this restaurant can appreciate .	that couch did n't remember that this restaurant can appreciate .
the bags realized who those books bothered .	the bags realized that those books bothered .
the hats saw what these cars were fixing .	the hats saw that these cars were fixing .
those cars forgot who the rings have n't liked .	those cars forgot that the rings have n't liked .
the books forgot what this door can sell .	the books forgot that this door can sell .
those beds have n't seen what the fork kept .	those beds have n't seen that the fork kept .
the toys learn what that bed keeps .	the toys learn that that bed keeps .
this bag knows what these spoons steal .	this bag knows that these spoons steal .
the pictures remember what these bowls fix .	the pictures remember that these bowls fix .
these cups must see what this bicycle can n't make .	these cups must see that this bicycle can n't make .
the couch has remembered what the boats bring .	the couch has remembered that the boats bring .
those shoes have n't noticed who the trucks liked .	those shoes have n't noticed that the trucks liked .
this picture can realize what the crayons may take .	this picture can realize that the crayons may take .
the crayon wo n't learn what these rings should sell .	the crayon wo n't learn that these rings should sell .
the car knew what that box does n't sell .	the car knew that that box does n't sell .
these books had n't seen what those chairs fix .	these books had n't seen that those chairs fix .
the chairs could learn who this ring was n't bothering .	the chairs could learn that this ring was n't bothering .
the dolls had seen what the plates were n't taking .	the dolls had seen that the plates were n't taking .
these forks realized who these bowls had confused .	these forks realized that these bowls had confused .
the bowls realized who the doors bother .	the bowls realized that the doors bother .
that plane noticed what this bank held .	that plane noticed that this bank held .
those plates will notice what the chair was fixing .	those plates will notice that the chair was fixing .
that spoon could notice who these schools like .	that spoon could notice that these schools like .
that shoe should realize what the door found .	that shoe should realize that the door found .
the rug can know what the schools are n't holding .	the rug can know that the schools are n't holding .
these bowls realized what this park kept .	these bowls realized that this park kept .
these cups saw what the book was n't making .	these cups saw that the book was n't making .
this box realized what those boats make .	this box realized that those boats make .
the candle has realized what that bag could n't steal .	the candle has realized that that bag could n't steal .
the ring may remember who these forks can n't like .	the ring may remember that these forks can n't like .
those rings would n't forget what those shirts had made .	those rings would n't forget that those shirts had made .
those cars learned what this room should n't fix .	those cars learned that this room should n't fix .
the buttons could n't know who this room does n't hate .	the buttons could n't know that this room does n't hate .
the shoe knew what those rings were buying .	the shoe knew that those rings were buying .
those bags realized who the ship has scared .	those bags realized that the ship has scared .
those plates learned what this dish made .	those plates learned that this dish made .
this toy has n't remembered what the shoe has n't fixed .	this toy has n't remembered that the shoe has n't fixed .
that ring could n't remember what this bank stole .	that ring could n't remember that this bank stole .
these books should n't notice who these trucks do n't hate .	these books should n't notice that these trucks do n't hate .
this ship has n't remembered what these rings could n't keep .	this ship has n't remembered that these rings could n't keep .
this toy may realize what those candles would bring .	this toy may realize that those candles would bring .
that toy has realized what the museum had n't fixed .	that toy has realized that the museum had n't fixed .
the spoons knew what the cups find .	the spoons knew that the cups find .
those dishes forget what this shoe would n't steal .	those dishes forget that this shoe would n't steal .
these boxes should notice what the windows stole .	these boxes should notice that the windows stole .
that ship should remember what the bank can n't make .	that ship should remember that the bank can n't make .
that ship sees what the boat would n't sell .	that ship sees that the boat would n't sell .
the shirts know what this mirror found .	the shirts know that this mirror found .
this toy remembered what the bottles were holding .	this toy remembered that the bottles were holding .
the couch forgot what the window holds .	the couch forgot that the window holds .
those glasses forget who these beds confused .	those glasses forget that these beds confused .
the forks noticed who this rug liked .	the forks noticed that this rug liked .
those trucks learn what the truck kept .	those trucks learn that the truck kept .
the plate had n't realized what this shirt bought .	the plate had n't realized that this shirt bought .
those plates should n't know who those pictures have liked .	those plates should n't know that those pictures have liked .
those pictures knew what the forks stole .	those pictures knew that the forks stole .
those trucks can n't remember what these trucks find .	those trucks can n't remember that these trucks find .
that plate forgot what the schools have fixed .	that plate forgot that the schools have fixed .
that bicycle has n't known what these cars had n't held .	that bicycle has n't known that these cars had n't held .
this box knew what the plates held .	this box knew that the plates held .
this bed must remember what that park kept .	this bed must remember that that park kept .
this ship would n't learn what that shoe might sell .	this ship would n't learn that that shoe might sell .
that bag could n't remember what those toys were making .	that bag could n't remember that those toys were making .
the car had noticed who the cars must praise .	the car had noticed that the cars must praise .
those shoes forgot what this shirt holds .	those shoes forgot that this shirt holds .
those cars forgot what these beds have n't found .	those cars forgot that these beds have n't found .
the bag learned who those glasses have n't confused .	the bag learned that those glasses have n't confused .
the boats had n't known who that restaurant had liked .	the boats had n't known that that restaurant had liked .
these rings had n't realized what those cups were keeping .	these rings had n't realized that those cups were keeping .
the boxes learned what that museum had held .	the boxes learned that that museum had held .
that mirror has n't learned who this dish likes .	that mirror has n't learned that this dish likes .
these books had learned what those rooms had fixed .	these books had learned that those rooms had fixed .
these beds remember what that hat is making .	these beds remember that that hat is making .
these doors realized what these forks have n't taken .	these doors realized that these forks have n't taken .
the dolls remembered who this picture confused .	the dolls remembered that this picture confused .
these spoons should n't remember what this button is making .	these spoons should n't remember that this button is making .
this shoe had n't remembered what these dishes have found .	this shoe had n't remembered that these dishes have found .
this bag must remember who that glass will appreciate .	this bag must remember that that glass will appreciate .
the books forget what these hats may find .	the books forget that these hats may find .
these glasses learn what the car has n't fixed .	these glasses learn that the car has n't fixed .
the glass could n't realize what the book was bringing .	the glass could n't realize that the book was bringing .
that fork knew what the shirts kept .	that fork knew that the shirts kept .
this bag can see who the car bothered .	this bag can see that the car bothered .
the forks noticed who the bed likes .	the forks noticed that the bed likes .
the picture realized what these shirts hold .	the picture realized that these shirts hold .
this truck may see what the toys held .	this truck may see that the toys held .
these rings realize who the toy bothered .	these rings realize that the toy bothered .
the trucks had n't learned what this bed brings .	the trucks had n't learned that this bed brings .
this truck can notice what this spoon has held .	this truck can notice that this spoon has held .
that book might realize what the books had n't taken .	that book might realize that the books had n't taken .
those pictures notice who that crayon was bothering .	those pictures notice that that crayon was bothering .
that fork had n't realized what this bottle keeps .	that fork had n't realized that this bottle keeps .
those candles saw what these dolls find .	those candles saw that these dolls find .
this button has remembered what the hospital had n't made .	this button has remembered that the hospital had n't made .
those windows did n't know what this book took .	those windows did n't know that this book took .
these cups noticed what those cups kept .	these cups noticed that those cups kept .
these books saw what the room held .	these books saw that the room held .
the cars noticed what this book brings .	the cars noticed that this book brings .
those trucks learn what the dishes kept .	those trucks learn that the dishes kept .
that cup can realize what the hospital held .	that cup can realize that the hospital held .
the boats had noticed who the windows like .	the boats had noticed that the windows like .
the bowl sees what that car had held .	the bowl sees that that car had held .
these cars saw what these boats had held .	these cars saw that these boats had held .
this car would n't remember who this plate has n't confused .	this car would n't remember that this plate has n't confused .
those cups noticed what the schools kept .	those cups noticed that the schools kept .
the rug must remember what the candle was n't taking .	the rug must remember that the candle was n't taking .
the chairs learn what these bags are n't taking .	the chairs learn that these bags are n't taking .
those dolls had noticed who those shirts are n't bothering .	those dolls had noticed that those shirts are n't bothering .
these windows do n't notice who these shirts should n't bother .	these windows do n't notice that these shirts should n't bother .
that chair forgot what this chair must take .	that chair forgot that this chair must take .
this fork might forget what these plates should bring .	this fork might forget that these plates should bring .
those plates saw who that book might hate .	those plates saw that that book might hate .
the spoon could notice what the door might sell .	the spoon could notice that the door might sell .
the doll did n't notice what the fork should n't buy .	the doll did n't notice that the fork should n't buy .
the dolls have remembered what this rocket was bringing .	the dolls have remembered that this rocket was bringing .
these pictures saw what these bowls might make .	these pictures saw that these bowls might make .
this cup has n't known what those bags do n't fix .	this cup has n't known that those bags do n't fix .
that book has n't noticed who those candles could like .	that book has n't noticed that those candles could like .
this bowl can n't see who this crayon will hate .	this bowl can n't see that this crayon will hate .
this spoon forgot what this car did n't find .	this spoon forgot that this car did n't find .
these bags remembered who the shirts appreciate .	these bags remembered that the shirts appreciate .
that picture sees what this book wo n't fix .	that picture sees that this book wo n't fix .
this book had n't noticed what the bowls are n't fixing .	this book had n't noticed that the bowls are n't fixing .
these doors would n't see who that mall is n't bothering .	these doors would n't see that that mall is n't bothering .
these cups learned what the glasses buy .	these cups learned that the glasses buy .
these cups noticed who these chairs liked .	these cups noticed that these chairs liked .
that ring can n't forget what that glass had brought .	that ring can n't forget that that glass had brought .
the windows noticed what those bottles must keep .	the windows noticed that those bottles must keep .
those doors had realized who this room likes .	those doors had realized that this room likes .
the candles forget who that school likes .	the candles forget that that school likes .
these trucks have n't noticed what the rocket takes .	these trucks have n't noticed that the rocket takes .
the bottles might notice who this plate has liked .	the bottles might notice that this plate has liked .
those spoons had n't learned who that bag has n't bothered .	those spoons had n't learned that that bag has n't bothered .
the bottle knows who the schools bother .	the bottle knows that the schools bother .
those shoes know who those books liked .	those shoes know that those books liked .
the plates can notice what the door found .	the plates can notice that the door found .
those hats forgot who this shirt has scared .	those hats forgot that this shirt has scared .
this ship had n't realized what the car had found .	this ship had n't realized that the car had found .
that spoon should see who the schools may scare .	that spoon should see that the schools may scare .
the boat remembered what this library had kept .	the boat remembered that this library had kept .
those doors would n't remember what that mall had kept .	those doors would n't remember that that mall had kept .
these windows could n't remember who this door has n't liked .	these windows could n't remember that this door has n't liked .
the cups learn what this truck will steal .	the cups learn that this truck will steal .
these cars can forget who the spoons should scare .	these cars can forget that the spoons should scare .
these beds can see what the truck made .	these beds can see that the truck made .
the shirts learn who this ship may bother .	the shirts learn that this ship may bother .
those toys learn what this book should make .	those toys learn that this book should make .
that picture had learned who this candle likes .	that picture had learned that this candle likes .
the buttons have learned what this mirror stole .	the buttons have learned that this mirror stole .
the hats notice what those shirts fix .	the hats notice that those shirts fix .
those boxes saw what those chairs should n't steal .	those boxes saw that those chairs should n't steal .
the chairs can realize who that dish can n't bother .	the chairs can realize that that dish can n't bother .
those dishes must see what the spoons are n't holding .	those dishes must see that the spoons are n't holding .
that glass knew what these boxes will fix .	that glass knew that these boxes will fix .
those spoons forgot what this fork will sell .	those spoons forgot that this fork will sell .
these pictures forget who that rug has bothered .	these pictures forget that that rug has bothered .
the door saw what the schools have n't taken .	the door saw that the schools have n't taken .
the chairs would n't forget who that chair might appreciate .	the chairs would n't forget that that chair might appreciate .
the book realized what the door found .	the book realized that the door found .
that box can remember what that box will buy .	that box can remember that that box will buy .
the shoe had learned who this ring has n't confused .	the shoe had learned that this ring has n't confused .
the cup must realize what those plates take .	the cup must realize that those plates take .
those cars had n't learned what that glass has taken .	those cars had n't learned that that glass has taken .
those trucks will remember who those chairs have n't scared .	those trucks will remember that those chairs have n't scared .
this button had learned what this candle could n't steal .	this button had learned that this candle could n't steal .
the cars saw what those books have n't kept .	the cars saw that those books have n't kept .
those hats can learn what these cars should keep .	those hats can learn that these cars should keep .
the chair learned what the fork would steal .	the chair learned that the fork would steal .
those crayons could learn what the cars had n't fixed .	those crayons could learn that the cars had n't fixed .
that door had n't learned what this fork is buying .	that door had n't learned that this fork is buying .
the mirror learned what that library would fix .	the mirror learned that that library would fix .
the mirror remembered what those boxes stole .	the mirror remembered that those boxes stole .
those plates have n't remembered what this mall has n't brought .	those plates have n't remembered that this mall has n't brought .
the box has realized what the shirt keeps .	the box has realized that the shirt keeps .
this crayon has n't learned what the dishes stole .	this crayon has n't learned that the dishes stole .
this dish would learn what those shirts make .	this dish would learn that those shirts make .
this chair realized who the spoons confused .	this chair realized that the spoons confused .
those candles learn who these pictures might hate .	those candles learn that these pictures might hate .
that picture could n't notice what this plane may make .	that picture could n't notice that this plane may make .
those windows had n't learned what the crayons might hold .	those windows had n't learned that the crayons might hold .
the buttons realize what that rocket has found .	the buttons realize that that rocket has found .
that cup has remembered what that plane will bring .	that cup has remembered that that plane will bring .
this rug would n't remember what those candles might steal .	this rug would n't remember that those candles might steal .
the hat had n't known what the doll was holding .	the hat had n't known that the doll was holding .
that spoon would n't realize what that car had found .	that spoon would n't realize that that car had found .
these boats remember who those shirts praise .	these boats remember that those shirts praise .
the box had realized what this park took .	the box had realized that this park took .
those cars noticed who that plane must bother .	those cars noticed that that plane must bother .
these toys would forget what that bottle did n't find .	these toys would forget that that bottle did n't find .
the picture must know who that crayon had bothered .	the picture must know that that crayon had bothered .
the fork has remembered who those pictures praise .	the fork has remembered that those pictures praise .
those boats could n't see what those glasses fix .	those boats could n't see that those glasses fix .
that bottle learned who these schools bothered .	that bottle learned that these schools bothered .
that rug remembered what this window made .	that rug remembered that this window made .
those candles could learn what the cups brought .	those candles could learn that the cups brought .
that bottle knows what those crayons brought .	that bottle knows that those crayons brought .
the ship knew what the crayon made .	the ship knew that the crayon made .
those bottles had known what this restaurant stole .	those bottles had known that this restaurant stole .
the bed must forget what the schools were n't making .	the bed must forget that the schools were n't making .
this fork knows what the plates were n't fixing .	this fork knows that the plates were n't fixing .
the bowl had realized what these schools find .	the bowl had realized that these schools find .
these cups had n't learned who the dolls liked .	these cups had n't learned that the dolls liked .
these hats wo n't know what the cups had fixed .	these hats wo n't know that the cups had fixed .
this cup saw who that window likes .	this cup saw that that window likes .
the glasses notice who that glass confused .	the glasses notice that that glass confused .
the windows know what this plane had n't made .	the windows know that this plane had n't made .
these bags saw who that door confused .	these bags saw that that door confused .
these windows learned what those schools were bringing .	these windows learned that those schools were bringing .
those buttons forget what the rooms fixed .	those buttons forget that the rooms fixed .
those bowls learn what that library was n't making .	those bowls learn that that library was n't making .
these dolls learn what that bed has taken .	these dolls learn that that bed has taken .
the candles have n't realized what those glasses found .	the candles have n't realized that those glasses found .
the glasses may remember who the button has n't scared .	the glasses may remember that the button has n't scared .
the beds knew who the plate bothered .	the beds knew that the plate bothered .
the chairs could forget who the boat scares .	the chairs could forget that the boat scares .
those toys wo n't notice what this toy would n't make .	those toys wo n't notice that this toy would n't make .
that book can n't notice what the trucks might bring .	that book can n't notice that the trucks might bring .
these buttons remembered who those schools will like .	these buttons remembered that those schools will like .
the spoons might see what these dishes brought .	the spoons might see that these dishes brought .
those bottles forgot what the bed holds .	those bottles forgot that the bed holds .
those dishes must forget what that doll is keeping .	those dishes must forget that that doll is keeping .
these candles must realize what that library stole .	these candles must realize that that library stole .
those pictures know what those bags sell .	those pictures know that those bags sell .
that box must learn who those windows scare .	that box must learn that those windows scare .
this shirt sees who the glass was bothering .	this shirt sees that the glass was bothering .
the boats had n't realized what this shoe is finding .	the boats had n't realized that this shoe is finding .
these doors knew who this boat is n't bothering .	these doors knew that this boat is n't bothering .
those books had learned what this couch made .	those books had learned that this couch made .
the doors forgot what the dishes can take .	the doors forgot that the dishes can take .
the rug has learned who these chairs scared .	the rug has learned that these chairs scared .
the bed had n't noticed what that car can n't buy .	the bed had n't noticed that that car can n't buy .
that candle has learned what the books kept .	that candle has learned that the books kept .
this plane does n't see what the plane did n't hold .	this plane does n't see that the plane did n't hold .
that bowl forgot who those books will appreciate .	that bowl forgot that those books will appreciate .
those beds remember who that couch scares .	those beds remember that that couch scares .
these glasses could n't forget what the dishes are making .	these glasses could n't forget that the dishes are making .
the crayons remember what the rocket is buying .	the crayons remember that the rocket is buying .
the rug saw what the bag was buying .	the rug saw that the bag was buying .
the couch sees who the bicycle scares .	the couch sees that the bicycle scares .
those plates learn what this bicycle stole .	those plates learn that this bicycle stole .
that truck might learn what this spoon fixed .	that truck might learn that this spoon fixed .
that bicycle has remembered what these books are n't holding .	that bicycle has remembered that these books are n't holding .
that hat did n't forget who these shirts appreciate .	that hat did n't forget that these shirts appreciate .
those shirts learned what the books had taken .	those shirts learned that the books had taken .
the bowls know what this car kept .	the bowls know that this car kept .
that dish should notice what the plate could n't take .	that dish should notice that the plate could n't take .
the bottles notice what this kitchen bought .	the bottles notice that this kitchen bought .
the crayon will remember what that doll was finding .	the crayon will remember that that doll was finding .
these beds have seen who those crayons confused .	these beds have seen that those crayons confused .
the car may forget what this doll holds .	the car may forget that this doll holds .
that plate had n't realized what that plane is bringing .	that plate had n't realized that that plane is bringing .
these candles did n't forget what the car was n't making .	these candles did n't forget that the car was n't making .
the rings see what the rug held .	the rings see that the rug held .
the chairs have n't noticed what the trucks do n't fix .	the chairs have n't noticed that the trucks do n't fix .
those hats forget what those candles are n't holding .	those hats forget that those candles are n't holding .
the crayons do n't learn what this glass made .	the crayons do n't learn that this glass made .
that bicycle remembered what these trucks bought .	that bicycle remembered that these trucks bought .
the doors remember what the cars would n't keep .	the doors remember that the cars would n't keep .
these shirts have n't realized who that bag liked .	these shirts have n't realized that that bag liked .
the ring knew what the museum found .	the ring knew that the museum found .
the crayons forget what that park did n't keep .	the crayons forget that that park did n't keep .
the candle learned what the door has made .	the candle learned that the door has made .
those forks remembered what the plates held .	those forks remembered that the plates held .
the bottles know what this dish took .	the bottles know that this dish took .
this book knows what the room had brought .	this book knows that the room had brought .
the cars should forget who these spoons can n't praise .	the cars should forget that these spoons can n't praise .
these chairs saw what these pictures are n't making .	these chairs saw that these pictures are n't making .
those glasses notice what the bank has n't brought .	those glasses notice that the bank has n't brought .
the dish wo n't learn what these schools were n't fixing .	the dish wo n't learn that these schools were n't fixing .
those cars learn what that spoon had n't bought .	those cars learn that that spoon had n't bought .
these rings see what those windows do n't steal .	these rings see that those windows do n't steal .
that ring has noticed what this fork had n't kept .	that ring has noticed that this fork had n't kept .
this car sees what this spoon was n't taking .	this car sees that this spoon was n't taking .
those dishes have n't remembered who the fork is n't bothering .	those dishes have n't remembered that the fork is n't bothering .
these forks had n't seen what the toy takes .	these forks had n't seen that the toy takes .
the bottle realized what these cars found .	the bottle realized that these cars found .
that boat could see what the ring bought .	that boat could see that the ring bought .
those forks wo n't see what these cups brought .	those forks wo n't see that these cups brought .
these boats forget what those candles might take .	these boats forget that those candles might take .
this truck can learn who the chairs bother .	this truck can learn that the chairs bother .
the window must learn what this hat found .	the window must learn that this hat found .
that rocket had remembered what the truck stole .	that rocket had remembered that the truck stole .
that rocket remembered what this bottle had n't found .	that rocket remembered that this bottle had n't found .
this box can know what the shoe has n't bought .	this box can know that the shoe has n't bought .
that bicycle knows what those bowls have n't held .	that bicycle knows that those bowls have n't held .
the cars know what those toys are buying .	the cars know that those toys are buying .
the cars have noticed what this ship should n't buy .	the cars have noticed that this ship should n't buy .
those forks learned who the school has n't scared .	those forks learned that the school has n't scared .
the forks should n't see what the door holds .	the forks should n't see that the door holds .
this couch did n't know who these schools may hate .	this couch did n't know that these schools may hate .
the pictures forget who the car has scared .	the pictures forget that the car has scared .
that book remembered who the shirts praise .	that book remembered that the shirts praise .
the doors had n't remembered who the school could n't appreciate .	the doors had n't remembered that the school could n't appreciate .
this truck learned what the bicycle keeps .	this truck learned that the bicycle keeps .
this mirror would learn what the dolls have n't found .	this mirror would learn that the dolls have n't found .
those bottles forgot what those trucks have n't brought .	those bottles forgot that those trucks have n't brought .
those beds had noticed what this crayon bought .	those beds had noticed that this crayon bought .
this door could n't notice what this candle could take .	this door could n't notice that this candle could take .
that spoon learned what the beds hold .	that spoon learned that the beds hold .
those windows knew what this rocket brings .	those windows knew that this rocket brings .
these dishes have n't realized who those boxes hate .	these dishes have n't realized that those boxes hate .
that candle knew what those doors made .	that candle knew that those doors made .
the trucks learn who these dolls bothered .	the trucks learn that these dolls bothered .
the beds had learned what those windows have taken .	the beds had learned that those windows have taken .
this bowl realized what this book fixed .	this bowl realized that this book fixed .
these cups realize what these toys had held .	these cups realize that these toys had held .
that box noticed who that cup had scared .	that box noticed that that cup had scared .
that toy has n't learned what the cars can bring .	that toy has n't learned that the cars can bring .
the windows forget what the forks bring .	the windows forget that the forks bring .
the picture wo n't forget who that mirror does n't bother .	the picture wo n't forget that that mirror does n't bother .
these hats know what these cups made .	these hats know that these cups made .
those boxes have n't learned what this fork had bought .	those boxes have n't learned that this fork had bought .
the beds had learned who the car was bothering .	the beds had learned that the car was bothering .
this rug should realize what the plate stole .	this rug should realize that the plate stole .
that shirt has n't realized what the ship is holding .	that shirt has n't realized that the ship is holding .
those windows did n't see who that book does n't bother .	those windows did n't see that that book does n't bother .
that car remembered what this kitchen has taken .	that car remembered that this kitchen has taken .
the window sees what these dishes had n't fixed .	the window sees that these dishes had n't fixed .
the cars learned what the toy was buying .	the cars learned that the toy was buying .
these windows noticed who this door had bothered .	these windows noticed that this door had bothered .
the ring learned what these books can n't keep .	the ring learned that these books can n't keep .
these rings have known what that box is n't finding .	these rings have known that that box is n't finding .
these pictures realized what the rug had found .	these pictures realized that the rug had found .
that button sees what this chair made .	that button sees that this chair made .
the bottle realized what those dolls stole .	the bottle realized that those dolls stole .
this truck does n't remember what the shirt was n't taking .	this truck does n't remember that the shirt was n't taking .
the pictures notice who the crayons confused .	the pictures notice that the crayons confused .
the candle should n't learn what the couch must buy .	the candle should n't learn that the couch must buy .
those bottles have noticed who that boat confused .	those bottles have noticed that that boat confused .
that ship can learn what the rings might fix .	that ship can learn that the rings might fix .
these candles had noticed what the bank made .	these candles had noticed that the bank made .
the buttons forget what those bottles found .	the buttons forget that those bottles found .
these rings have n't known what that dish is holding .	these rings have n't known that that dish is holding .
the plates had n't realized what the forks bought .	the plates had n't realized that the forks bought .
the cars must know who this bicycle would praise .	the cars must know that this bicycle would praise .
this mirror saw what that bicycle has held .	this mirror saw that that bicycle has held .
those crayons would realize what the candle was bringing .	those crayons would realize that the candle was bringing .
that dish could realize what this bank may steal .	that dish could realize that this bank may steal .
those cups did n't see who those schools have n't scared .	those cups did n't see that those schools have n't scared .
this cup knows what these cars fixed .	this cup knows that these cars fixed .
the ring learned what that bowl is making .	the ring learned that that bowl is making .
these doors realized what these crayons can n't bring .	these doors realized that these crayons can n't bring .
the trucks noticed what this kitchen makes .	the trucks noticed that this kitchen makes .
this boat learned what that ship has brought .	this boat learned that that ship has brought .
this doll had n't noticed what this fork takes .	this doll had n't noticed that this fork takes .
these books wo n't know what these schools would hold .	these books wo n't know that these schools would hold .
these boats knew what this button held .	these boats knew that this button held .
the candles may realize what that truck bought .	the candles may realize that that truck bought .
these hats learned what the mall was taking .	these hats learned that the mall was taking .
these cars remembered what those cups steal .	these cars remembered that those cups steal .
that toy has noticed who the bags would appreciate .	that toy has noticed that the bags would appreciate .
this mirror knew what this bank was n't bringing .	this mirror knew that this bank was n't bringing .
these bottles forgot who that book can n't like .	these bottles forgot that that book can n't like .
these trucks remember what these plates did n't make .	these trucks remember that these plates did n't make .
this ring had n't realized what the shirt is keeping .	this ring had n't realized that the shirt is keeping .
this button had n't noticed what these shirts sell .	this button had n't noticed that these shirts sell .
those shirts would realize who these rings appreciate .	those shirts would realize that these rings appreciate .
those beds wo n't learn who the bag could n't praise .	those beds wo n't learn that the bag could n't praise .
that ring could n't see what that bank is n't taking .	that ring could n't see that that bank is n't taking .
this window forgot what that bank must make .	this window forgot that that bank must make .
those forks forget who the candle has n't scared .	those forks forget that the candle has n't scared .
these plates had n't noticed who that car had n't confused .	these plates had n't noticed that that car had n't confused .
that box saw what that boat has brought .	that box saw that that boat has brought .
this mirror knew what the shirts fix .	this mirror knew that the shirts fix .
the glasses had n't known what the school held .	the glasses had n't known that the school held .
the bags had noticed who those beds would appreciate .	the bags had noticed that those beds would appreciate .
those pictures had seen who these glasses appreciate .	those pictures had seen that these glasses appreciate .
this bag knew who these doors might bother .	this bag knew that these doors might bother .
this shirt did n't forget who the dishes have scared .	this shirt did n't forget that the dishes have scared .
those hats could n't learn who this spoon confused .	those hats could n't learn that this spoon confused .
that spoon would notice who this chair was n't bothering .	that spoon would notice that this chair was n't bothering .
those candles forgot who that mirror likes .	those candles forgot that that mirror likes .
the candle remembered what this book made .	the candle remembered that this book made .
those bowls remember what those hats made .	those bowls remember that those hats made .
those windows can know who this park does n't bother .	those windows can know that this park does n't bother .
the hat wo n't know who this glass might bother .	the hat wo n't know that this glass might bother .
those crayons would notice what the trucks keep .	those crayons would notice that the trucks keep .
that button knew what that plane was bringing .	that button knew that that plane was bringing .
the hat can n't know what that ship was n't keeping .	the hat can n't know that that ship was n't keeping .
the couch has learned who this kitchen did n't like .	the couch has learned that this kitchen did n't like .
those shoes noticed what this hat bought .	those shoes noticed that this hat bought .
this ring can n't learn what that truck is keeping .	this ring can n't learn that that truck is keeping .
the toys learn what the book was keeping .	the toys learn that the book was keeping .
this picture could n't realize who this bottle had n't scared .	this picture could n't realize that this bottle had n't scared .
the book wo n't learn what that shirt is n't finding .	the book wo n't learn that that shirt is n't finding .
this spoon forgot what that car wo n't sell .	this spoon forgot that that car wo n't sell .
the plates can n't know what these cars had n't bought .	the plates can n't know that these cars had n't bought .
these beds had realized what those bags had brought .	these beds had realized that those bags had brought .
this doll knows who the books praise .	this doll knows that the books praise .
those cars learn who the rooms should hate .	those cars learn that the rooms should hate .
this book realized what these chairs fix .	this book realized that these chairs fix .
the button can remember who this plate had n't confused .	the button can remember that this plate had n't confused .
these boxes had n't noticed what that bag is n't finding .	these boxes had n't noticed that that bag is n't finding .
the spoon had remembered who the candle bothered .	the spoon had remembered that the candle bothered .
the chairs noticed what those cups can n't make .	the chairs noticed that those cups can n't make .
the pictures will realize what the hospital could n't steal .	the pictures will realize that the hospital could n't steal .
those dolls would n't forget what the school fixed .	those dolls would n't forget that the school fixed .
these boxes forget what those shirts must sell .	these boxes forget that those shirts must sell .
that door would n't remember what this book keeps .	that door would n't remember that this book keeps .
this doll forgot what these rings found .	this doll forgot that these rings found .
the crayon does n't forget who this restaurant bothered .	the crayon does n't forget that this restaurant bothered .
the truck did n't know who this museum has liked .	the truck did n't know that this museum has liked .
these glasses can see who the box wo n't praise .	these glasses can see that the box wo n't praise .
the car did n't see what those glasses have brought .	the car did n't see that those glasses have brought .
the cars learned what the cups would keep .	the cars learned that the cups would keep .
these bags see what those crayons found .	these bags see that those crayons found .
the door knew what that hat had n't found .	the door knew that that hat had n't found .
this rocket sees what that button wo n't hold .	this rocket sees that that button wo n't hold .
the mirror had realized who that picture had confused .	the mirror had realized that that picture had confused .
this book had realized who the doll has liked .	this book had realized that the doll has liked .
these cups realize who those doors would bother .	these cups realize that those doors would bother .
those pictures have seen what these bags have n't taken .	those pictures have seen that these bags have n't taken .
the box saw what the bottles have made .	the box saw that the bottles have made .
this toy had seen what the bed was fixing .	this toy had seen that the bed was fixing .
these bowls knew what the plate is n't buying .	these bowls knew that the plate is n't buying .
the door sees what that plate wo n't bring .	the door sees that that plate wo n't bring .
these books could n't notice who these schools had bothered .	these books could n't notice that these schools had bothered .
this dish would forget who those trucks had n't bothered .	this dish would forget that those trucks had n't bothered .
the glasses learned who the fork will scare .	the glasses learned that the fork will scare .
those toys should n't know who this bicycle bothered .	those toys should n't know that this bicycle bothered .
the dish can n't remember who this rug wo n't appreciate .	the dish can n't remember that this rug wo n't appreciate .
this mirror had seen what those books stole .	this mirror had seen that those books stole .
that book noticed what these windows found .	that book noticed that these windows found .
those bags realized who the room has n't bothered .	those bags realized that the room has n't bothered .
the plate sees what those crayons had n't taken .	the plate sees that those crayons had n't taken .
this ship must remember what that bed would n't buy .	this ship must remember that that bed would n't buy .
this bicycle wo n't forget what that ship is n't keeping .	this bicycle wo n't forget that that ship is n't keeping .
the forks saw what the toys had taken .	the forks saw that the toys had taken .
that cup saw who those candles hate .	that cup saw that those candles hate .
these forks forget what that boat wo n't sell .	these forks forget that that boat wo n't sell .
the bottle saw who the trucks scared .	the bottle saw that the trucks scared .
these pictures realized who that school liked .	these pictures realized that that school liked .
this ship has noticed who the candle has n't liked .	this ship has noticed that the candle has n't liked .
the boxes learned what that bed was n't fixing .	the boxes learned that that bed was n't fixing .
these bags learn what those schools take .	these bags learn that those schools take .
those boxes remembered what the boats had brought .	those boxes remembered that the boats had brought .
the dish could learn who this book bothered .	the dish could learn that this book bothered .
those dolls learn who the toys scare .	those dolls learn that the toys scare .
that crayon must realize what these rooms steal .	that crayon must realize that these rooms steal .
the shirts can remember what these spoons held .	the shirts can remember that these spoons held .
this book did n't know who the park might bother .	this book did n't know that the park might bother .
that plane has n't seen who the glass had scared .	that plane has n't seen that the glass had scared .
the truck should n't notice what the buttons held .	the truck should n't notice that the buttons held .
these cups may notice what that car kept .	these cups may notice that that car kept .
these bags realized what the buttons did n't keep .	these bags realized that the buttons did n't keep .
that cup saw what that room is n't finding .	that cup saw that that room is n't finding .
this hat knows what the chair was fixing .	this hat knows that the chair was fixing .
that rug remembered what these cars keep .	that rug remembered that these cars keep .
that fork saw who this boat liked .	that fork saw that this boat liked .
these buttons knew what the car is making .	these buttons knew that the car is making .
the window would notice what those cars have held .	the window would notice that those cars have held .
the dolls notice who this plane bothered .	the dolls notice that this plane bothered .
this candle would n't remember what the boats brought .	this candle would n't remember that the boats brought .
these boxes noticed who that button wo n't appreciate .	these boxes noticed that that button wo n't appreciate .
the bowls notice who this shoe had n't bothered .	the bowls notice that this shoe had n't bothered .
this door would n't see what this ship was fixing .	this door would n't see that this ship was fixing .
the couch learned who the rooms hate .	the couch learned that the rooms hate .
these dishes noticed what that book brought .	these dishes noticed that that book brought .
the crayons could see what the shoes will sell .	the crayons could see that the shoes will sell .
the hat saw what the boat brought .	the hat saw that the boat brought .
those dishes learn what that room may make .	those dishes learn that that room may make .
those rings learned who the bowl confused .	those rings learned that the bowl confused .
the boxes would n't see who this fork scared .	the boxes would n't see that this fork scared .
that bottle could n't remember who this hat would n't scare .	that bottle could n't remember that this hat would n't scare .
those bags saw who the rooms will appreciate .	those bags saw that the rooms will appreciate .
that rocket had n't realized what those plates found .	that rocket had n't realized that those plates found .
these pictures would n't remember who this glass has n't bothered .	these pictures would n't remember that this glass has n't bothered .
these crayons have n't realized what this box made .	these crayons have n't realized that this box made .
these rings realize what that window has brought .	these rings realize that that window has brought .
those windows saw what those schools have n't taken .	those windows saw that those schools have n't taken .
