my friend my friends scare reads .	my friend my friends reads .
your teachers the patient scares exercise .	your teachers the patient exercise .
that person your friends appreciate sings .	that person your friends sings .
my doctor my teachers teach sings .	my doctor my teachers sings .
your teachers my doctor scares sneeze .	your teachers my doctor sneeze .
my doctor those teachers scare exercises .	my doctor those teachers exercises .
the children your teacher works with lose .	the children your teacher lose .
your doctors my teacher scares practice .	your doctors my teacher practice .
this person the teachers teach sings .	this person the teachers sings .
my doctor the teachers understand exercises .	my doctor the teachers exercises .
your doctor my doctors care for sings .	your doctor my doctors sings .
those people your teacher scares cry .	those people your teacher cry .
your doctor these doctors care for cries .	your doctor these doctors cries .
your teacher your friends praise paints .	your teacher your friends paints .
that teacher those children worry reads .	that teacher those children reads .
the dancer your friends help talks .	the dancer your friends talks .
your friends my dentist helps yell .	your friends my dentist yell .
your teachers your friend helps scream .	your teachers your friend scream .
your teachers that driver helps smile .	your teachers that driver smile .
that customer your doctors bother reads .	that customer your doctors reads .
my teachers the dancer understands laugh .	my teachers the dancer laugh .
my boss these children visit waves .	my boss these children waves .
my boss those teachers work with waves .	my boss those teachers waves .
this dentist these doctors answer paints .	this dentist these doctors paints .
the customer these doctors understand exercises .	the customer these doctors exercises .
that doctor my teachers understand waves .	that doctor my teachers waves .
your friends that driver helps smile .	your friends that driver smile .
the customer my friends understand reads .	the customer my friends reads .
those children that child scares stretch .	those children that child stretch .
the driver my friends visit sings .	the driver my friends sings .
my boss my cousins answer waves .	my boss my cousins waves .
this patient those doctors work with reads .	this patient those doctors reads .
those doctors my teacher understands win .	those doctors my teacher win .
your teachers your doctor scares cough .	your teachers your doctor cough .
your doctor your doctors help waves .	your doctor your doctors waves .
my friends my boss helps lose .	my friends my boss lose .
your dentist those people work with exercises .	your dentist those people exercises .
your doctors that teacher scares smile .	your doctors that teacher smile .
the dentist my cousins understand exercises .	the dentist my cousins exercises .
this dancer my doctors bother paints .	this dancer my doctors paints .
that dancer my teachers care for paints .	that dancer my teachers paints .
these people this doctor works with sneeze .	these people this doctor sneeze .
my friends this patient helps stretch .	my friends this patient stretch .
your friends your dentist helps scream .	your friends your dentist scream .
the doctors your boss helps lie .	the doctors your boss lie .
my friend my friends answer talks .	my friend my friends talks .
your teachers my boss helps exercise .	your teachers my boss exercise .
that person these teachers understand paints .	that person these teachers paints .
my doctors your dentist helps lie .	my doctors your dentist lie .
your friends that teacher helps laugh .	your friends that teacher laugh .
the doctors that dancer understands exercise .	the doctors that dancer exercise .
the teachers that doctor understands win .	the teachers that doctor win .
your teacher those doctors listen to exercises .	your teacher those doctors exercises .
this dancer your cousins answer exercises .	this dancer your cousins exercises .
my cousin your teachers appreciate paints .	my cousin your teachers paints .
this doctor my teachers talk to waves .	this doctor my teachers waves .
my cousins the dancer understands sneeze .	my cousins the dancer sneeze .
the adult those doctors appreciate exercises .	the adult those doctors exercises .
your friends that customer helps scream .	your friends that customer scream .
the doctors the teacher scares lie .	the doctors the teacher lie .
the people your friend understands stretch .	the people your friend stretch .
those children your dentist scares smile .	those children your dentist smile .
your teachers your boss works with whisper .	your teachers your boss whisper .
my friend these doctors appreciate exercises .	my friend these doctors exercises .
your cousin your cousins answer waves .	your cousin your cousins waves .
the children my cousin helps read .	the children my cousin read .
my teachers that dentist understands lose .	my teachers that dentist lose .
the driver my teachers bother exercises .	the driver my teachers exercises .
your friends my teacher works with lose .	your friends my teacher lose .
this customer your teachers care for paints .	this customer your teachers paints .
my friend these children bother cries .	my friend these children cries .
those children my cousin talks to sneeze .	those children my cousin sneeze .
my cousin my doctors work with talks .	my cousin my doctors talks .
your teachers my friend helps paint .	your teachers my friend paint .
the child my teachers help waves .	the child my teachers waves .
the children your teacher talks to yell .	the children your teacher yell .
the customer those people help cries .	the customer those people cries .
your friend these teachers bother reads .	your friend these teachers reads .
the dancer your teachers listen to cries .	the dancer your teachers cries .
the teachers this patient understands sing .	the teachers this patient sing .
your friend the children help cries .	your friend the children cries .
your doctors the dentist talks to wave .	your doctors the dentist wave .
this dancer these people listen to talks .	this dancer these people talks .
those people your cousin works with sing .	those people your cousin sing .
your cousins my dentist works with smile .	your cousins my dentist smile .
your teacher those children worry cries .	your teacher those children cries .
these teachers my friend helps lose .	these teachers my friend lose .
this dentist your friends worry sings .	this dentist your friends sings .
those teachers your cousin scares smile .	those teachers your cousin smile .
your boss these people visit reads .	your boss these people reads .
those people my cousin works with cry .	those people my cousin cry .
that doctor your doctors teach sings .	that doctor your doctors sings .
those doctors my cousin talks to paint .	those doctors my cousin paint .
my doctors this dentist works with stretch .	my doctors this dentist stretch .
your doctor those teachers listen to talks .	your doctor those teachers talks .
this dancer your doctors answer reads .	this dancer your doctors reads .
these people this patient works with wave .	these people this patient wave .
my friends my cousin scares win .	my friends my cousin win .
the adult these doctors scare sings .	the adult these doctors sings .
these people this customer talks to paint .	these people this customer paint .
those teachers that customer works with read .	those teachers that customer read .
my dentist my doctors understand talks .	my dentist my doctors talks .
my cousins your friend helps sneeze .	my cousins your friend sneeze .
these people my friend scares talk .	these people my friend talk .
those children the customer helps sing .	those children the customer sing .
these teachers the dentist scares scream .	these teachers the dentist scream .
your doctor those children teach sings .	your doctor those children sings .
these doctors that person helps sing .	these doctors that person sing .
these teachers this dentist helps whisper .	these teachers this dentist whisper .
my cousin those children bother reads .	my cousin those children reads .
those people this driver works with cry .	those people this driver cry .
your doctor those people bother cries .	your doctor those people cries .
that teacher my doctors understand cries .	that teacher my doctors cries .
my teachers your friend talks to whisper .	my teachers your friend whisper .
my cousins the driver helps stretch .	my cousins the driver stretch .
the driver these doctors visit paints .	the driver these doctors paints .
my boss your friends visit waves .	my boss your friends waves .
the children your friend helps talk .	the children your friend talk .
those children the dentist understands smile .	those children the dentist smile .
your boss your doctors scare sings .	your boss your doctors sings .
my teacher these teachers care for exercises .	my teacher these teachers exercises .
these teachers that doctor works with smile .	these teachers that doctor smile .
my cousins this child understands laugh .	my cousins this child laugh .
my cousin these teachers help sings .	my cousin these teachers sings .
my boss my doctors care for reads .	my boss my doctors reads .
my cousins that driver works with talk .	my cousins that driver talk .
your teacher those teachers talk to paints .	your teacher those teachers paints .
those teachers the teacher talks to sing .	those teachers the teacher sing .
your cousins this teacher helps sneeze .	your cousins this teacher sneeze .
the doctor these doctors scare exercises .	the doctor these doctors exercises .
your cousin the doctors bother exercises .	your cousin the doctors exercises .
my friends this person talks to win .	my friends this person win .
my doctors my teacher talks to exercise .	my doctors my teacher exercise .
your teachers my boss works with sneeze .	your teachers my boss sneeze .
your doctor your friends work with waves .	your doctor your friends waves .
your cousin the doctors help sings .	your cousin the doctors sings .
my teachers your cousin scares paint .	my teachers your cousin paint .
my friend the people visit cries .	my friend the people cries .
this driver the people help paints .	this driver the people paints .
your teachers your teacher talks to win .	your teachers your teacher win .
your doctor these doctors care for exercises .	your doctor these doctors exercises .
this patient your doctors listen to sings .	this patient your doctors sings .
the children this teacher talks to paint .	the children this teacher paint .
my friends your dentist talks to win .	my friends your dentist win .
your doctors that teacher works with read .	your doctors that teacher read .
my teacher my friends bother exercises .	my teacher my friends exercises .
my doctor these teachers answer exercises .	my doctor these teachers exercises .
these teachers your boss scares yell .	these teachers your boss yell .
this teacher the teachers praise exercises .	this teacher the teachers exercises .
your teachers your cousin helps sneeze .	your teachers your cousin sneeze .
your teachers the child talks to read .	your teachers the child read .
these children my dentist helps exercise .	these children my dentist exercise .
your teacher these children teach waves .	your teacher these children waves .
your teachers your dentist works with paint .	your teachers your dentist paint .
my doctors that customer works with lie .	my doctors that customer lie .
your friend those doctors appreciate reads .	your friend those doctors reads .
my boss these doctors care for talks .	my boss these doctors talks .
my cousin my friends appreciate waves .	my cousin my friends waves .
my boss the doctors visit talks .	my boss the doctors talks .
my cousins the customer talks to lie .	my cousins the customer lie .
your boss my cousins bother cries .	your boss my cousins cries .
my doctor my teachers bother exercises .	my doctor my teachers exercises .
my friends that driver scares talk .	my friends that driver talk .
this person these children answer cries .	this person these children cries .
that dancer these people praise reads .	that dancer these people reads .
those children my doctor scares stretch .	those children my doctor stretch .
the dancer those teachers teach talks .	the dancer those teachers talks .
that adult your friends care for talks .	that adult your friends talks .
my teacher your doctors visit exercises .	my teacher your doctors exercises .
your doctors this dancer works with laugh .	your doctors this dancer laugh .
these people this doctor understands cough .	these people this doctor cough .
the child my friends worry paints .	the child my friends paints .
that doctor my doctors visit waves .	that doctor my doctors waves .
my cousins your friend understands cough .	my cousins your friend cough .
those children my cousin scares cough .	those children my cousin cough .
your friend my teachers help paints .	your friend my teachers paints .
my boss those people talk to paints .	my boss those people paints .
your boss your friends help talks .	your boss your friends talks .
my boss these doctors listen to paints .	my boss these doctors paints .
that driver these people talk to talks .	that driver these people talks .
these people my dentist understands win .	these people my dentist win .
that child my doctors praise reads .	that child my doctors reads .
these teachers my cousin scares read .	these teachers my cousin read .
the doctor your doctors scare cries .	the doctor your doctors cries .
my teacher your cousins scare waves .	my teacher your cousins waves .
your dentist the doctors answer waves .	your dentist the doctors waves .
your teachers the child helps sing .	your teachers the child sing .
the dentist the children care for waves .	the dentist the children waves .
this teacher my doctors appreciate reads .	this teacher my doctors reads .
your boss these doctors visit waves .	your boss these doctors waves .
this doctor your teachers answer reads .	this doctor your teachers reads .
your cousins my friend works with stretch .	your cousins my friend stretch .
my dentist those people care for paints .	my dentist those people paints .
that teacher these doctors understand cries .	that teacher these doctors cries .
your cousins that adult understands exercise .	your cousins that adult exercise .
that dancer these doctors listen to cries .	that dancer these doctors cries .
the customer your friends work with exercises .	the customer your friends exercises .
the children that doctor works with sing .	the children that doctor sing .
those people my boss helps cry .	those people my boss cry .
these doctors your doctor helps yell .	these doctors your doctor yell .
your friends that person works with sing .	your friends that person sing .
this doctor your cousins visit waves .	this doctor your cousins waves .
my teacher the people worry talks .	my teacher the people talks .
this dentist the children bother exercises .	this dentist the children exercises .
my teacher those people teach talks .	my teacher those people talks .
my friends this customer helps lie .	my friends this customer lie .
that teacher my friends work with exercises .	that teacher my friends exercises .
my friend your doctors visit exercises .	my friend your doctors exercises .
your cousin the teachers visit sings .	your cousin the teachers sings .
my teachers that doctor understands cough .	my teachers that doctor cough .
this person those doctors help exercises .	this person those doctors exercises .
your doctors the customer works with whisper .	your doctors the customer whisper .
the driver those teachers scare talks .	the driver those teachers talks .
that dentist my doctors visit waves .	that dentist my doctors waves .
the dancer those doctors bother waves .	the dancer those doctors waves .
the teacher the people answer sings .	the teacher the people sings .
the driver these people work with waves .	the driver these people waves .
your friend my cousins help reads .	your friend my cousins reads .
my doctor the doctors appreciate sings .	my doctor the doctors sings .
my friend my cousins work with waves .	my friend my cousins waves .
my friend my cousins bother waves .	my friend my cousins waves .
my teacher my doctors answer paints .	my teacher my doctors paints .
your teachers my friend understands talk .	your teachers my friend talk .
the dancer my cousins teach exercises .	the dancer my cousins exercises .
those teachers my dentist works with whisper .	those teachers my dentist whisper .
your doctor the people work with sings .	your doctor the people sings .
these children the child scares sneeze .	these children the child sneeze .
these children the adult helps yell .	these children the adult yell .
those people your dentist works with sneeze .	those people your dentist sneeze .
that dancer your cousins scare cries .	that dancer your cousins cries .
this teacher those teachers visit talks .	this teacher those teachers talks .
my doctor those teachers talk to waves .	my doctor those teachers waves .
that doctor your doctors listen to reads .	that doctor your doctors reads .
these people my friend understands cough .	these people my friend cough .
those children your boss talks to cough .	those children your boss cough .
your teachers my dentist works with scream .	your teachers my dentist scream .
the doctors this patient understands scream .	the doctors this patient scream .
my cousins that doctor helps sing .	my cousins that doctor sing .
the person my friends praise waves .	the person my friends waves .
your dentist these children understand talks .	your dentist these children talks .
those children this teacher understands wave .	those children this teacher wave .
this patient the teachers bother exercises .	this patient the teachers exercises .
that patient your doctors bother cries .	that patient your doctors cries .
my friends that dancer talks to exercise .	my friends that dancer exercise .
my friends my cousin helps yell .	my friends my cousin yell .
my dentist your doctors answer paints .	my dentist your doctors paints .
these teachers your boss talks to sneeze .	these teachers your boss sneeze .
this dancer those children understand sings .	this dancer those children sings .
my cousin those people understand paints .	my cousin those people paints .
that customer your cousins appreciate reads .	that customer your cousins reads .
this dentist my friends praise paints .	this dentist my friends paints .
your cousin your teachers care for talks .	your cousin your teachers talks .
my doctors your doctor helps cry .	my doctors your doctor cry .
your friends this child scares talk .	your friends this child talk .
the people my cousin talks to yell .	the people my cousin yell .
the people this adult helps smile .	the people this adult smile .
your cousins your dentist helps wave .	your cousins your dentist wave .
your boss these children visit talks .	your boss these children talks .
the adult your teachers care for cries .	the adult your teachers cries .
your boss my doctors visit exercises .	your boss my doctors exercises .
these teachers your cousin talks to laugh .	these teachers your cousin laugh .
the teacher those people teach sings .	the teacher those people sings .
my friends my friend helps cry .	my friends my friend cry .
the child my friends help sings .	the child my friends sings .
your teachers my doctor helps win .	your teachers my doctor win .
these teachers that teacher works with wave .	these teachers that teacher wave .
your dentist the children teach cries .	your dentist the children cries .
my cousins the patient works with smile .	my cousins the patient smile .
my doctors that driver understands lose .	my doctors that driver lose .
your doctor those teachers praise talks .	your doctor those teachers talks .
this teacher my doctors scare exercises .	this teacher my doctors exercises .
these people your teacher scares scream .	these people your teacher scream .
your doctors the dancer scares talk .	your doctors the dancer talk .
these teachers my cousin understands smile .	these teachers my cousin smile .
these children my boss scares lie .	these children my boss lie .
these teachers this customer understands whisper .	these teachers this customer whisper .
your friend my friends work with sings .	your friend my friends sings .
that customer my cousins listen to exercises .	that customer my cousins exercises .
your friends that teacher works with wave .	your friends that teacher wave .
my doctors my teacher scares lie .	my doctors my teacher lie .
your doctor those people visit talks .	your doctor those people talks .
your boss my friends work with waves .	your boss my friends waves .
my cousins that dentist scares cough .	my cousins that dentist cough .
the customer my friends worry talks .	the customer my friends talks .
my teachers my teacher works with scream .	my teachers my teacher scream .
the child your doctors visit paints .	the child your doctors paints .
this doctor my teachers scare paints .	this doctor my teachers paints .
my cousin those people appreciate paints .	my cousin those people paints .
this teacher those people appreciate exercises .	this teacher those people exercises .
your friend the doctors scare paints .	your friend the doctors paints .
that doctor those teachers scare talks .	that doctor those teachers talks .
the children your teacher works with wave .	the children your teacher wave .
my dentist these children visit talks .	my dentist these children talks .
the people the dentist understands cry .	the people the dentist cry .
the children that child helps read .	the children that child read .
my dentist these doctors talk to reads .	my dentist these doctors reads .
my dentist my friends help cries .	my dentist my friends cries .
your friend those doctors work with talks .	your friend those doctors talks .
these people this driver works with read .	these people this driver read .
the teachers your boss scares cry .	the teachers your boss cry .
this customer your teachers bother exercises .	this customer your teachers exercises .
your friends your cousin works with paint .	your friends your cousin paint .
these people my doctor talks to laugh .	these people my doctor laugh .
that driver these people praise cries .	that driver these people cries .
the children my cousin understands whisper .	the children my cousin whisper .
that driver my cousins scare exercises .	that driver my cousins exercises .
this teacher your doctors work with sings .	this teacher your doctors sings .
the dancer these doctors visit waves .	the dancer these doctors waves .
that dentist your friends visit sings .	that dentist your friends sings .
this dentist your friends worry talks .	this dentist your friends talks .
your teacher your friends scare paints .	your teacher your friends paints .
those children my doctor helps sneeze .	those children my doctor sneeze .
that adult my teachers help reads .	that adult my teachers reads .
the children the dancer helps talk .	the children the dancer talk .
your cousin those children praise sings .	your cousin those children sings .
that adult these doctors worry cries .	that adult these doctors cries .
these children that dentist scares lose .	these children that dentist lose .
your cousins your doctor helps laugh .	your cousins your doctor laugh .
your teacher these teachers visit sings .	your teacher these teachers sings .
the patient these children listen to talks .	the patient these children talks .
the children my cousin helps practice .	the children my cousin practice .
my cousins that driver works with lie .	my cousins that driver lie .
the children that adult talks to lie .	the children that adult lie .
those children your teacher understands talk .	those children your teacher talk .
your boss those doctors appreciate exercises .	your boss those doctors exercises .
the patient those children answer talks .	the patient those children talks .
the children the dentist helps sing .	the children the dentist sing .
your doctors your boss helps read .	your doctors your boss read .
your friends that dancer helps scream .	your friends that dancer scream .
my dentist the people listen to reads .	my dentist the people reads .
my teachers my friend talks to practice .	my teachers my friend practice .
the patient my friends work with waves .	the patient my friends waves .
those children your friend helps lie .	those children your friend lie .
your teacher those teachers praise sings .	your teacher those teachers sings .
my boss those people scare sings .	my boss those people sings .
the adult my friends worry reads .	the adult my friends reads .
my cousins your boss understands wave .	my cousins your boss wave .
my cousin these doctors visit paints .	my cousin these doctors paints .
those doctors this customer works with cough .	those doctors this customer cough .
the people this person scares sing .	the people this person sing .
the driver the children talk to cries .	the driver the children cries .
my boss the doctors care for cries .	my boss the doctors cries .
the adult my teachers understand exercises .	the adult my teachers exercises .
your boss those teachers appreciate cries .	your boss those teachers cries .
my teachers my doctor works with read .	my teachers my doctor read .
your friend your teachers work with paints .	your friend your teachers paints .
your doctors your cousin talks to paint .	your doctors your cousin paint .
my doctor these doctors visit talks .	my doctor these doctors talks .
my teachers your boss works with lose .	my teachers your boss lose .
your doctors my friend scares cough .	your doctors my friend cough .
your friends this adult scares talk .	your friends this adult talk .
the children your dentist understands practice .	the children your dentist practice .
those teachers this adult works with lie .	those teachers this adult lie .
your friends my teacher works with yell .	your friends my teacher yell .
the person those doctors visit sings .	the person those doctors sings .
the teachers your friend scares laugh .	the teachers your friend laugh .
my friends my boss talks to yell .	my friends my boss yell .
my cousin the doctors bother paints .	my cousin the doctors paints .
my teacher these teachers help talks .	my teacher these teachers talks .
your cousins the child understands sing .	your cousins the child sing .
my doctors the doctor helps lie .	my doctors the doctor lie .
my boss those children scare exercises .	my boss those children exercises .
your teachers that dancer helps win .	your teachers that dancer win .
your doctor my cousins visit paints .	your doctor my cousins paints .
the dancer these people help reads .	the dancer these people reads .
this patient my cousins teach exercises .	this patient my cousins exercises .
your friends this driver scares cough .	your friends this driver cough .
my doctor your friends talk to sings .	my doctor your friends sings .
the doctors this doctor talks to scream .	the doctors this doctor scream .
this patient these doctors help sings .	this patient these doctors sings .
these children the driver helps read .	these children the driver read .
my teacher those people understand sings .	my teacher those people sings .
these people your cousin helps talk .	these people your cousin talk .
your doctors your cousin helps stretch .	your doctors your cousin stretch .
this teacher these people visit waves .	this teacher these people waves .
my cousin those teachers appreciate paints .	my cousin those teachers paints .
these doctors my cousin scares whisper .	these doctors my cousin whisper .
the adult these doctors help exercises .	the adult these doctors exercises .
these doctors your cousin helps smile .	these doctors your cousin smile .
those people my dentist helps sing .	those people my dentist sing .
the driver your doctors answer cries .	the driver your doctors cries .
your cousins my friend scares win .	your cousins my friend win .
the customer the teachers care for waves .	the customer the teachers waves .
your teacher the teachers scare waves .	your teacher the teachers waves .
those teachers your friend helps lie .	those teachers your friend lie .
these children the adult understands cry .	these children the adult cry .
this patient my doctors scare waves .	this patient my doctors waves .
my doctors the patient helps win .	my doctors the patient win .
the dentist your friends bother reads .	the dentist your friends reads .
this driver your cousins listen to talks .	this driver your cousins talks .
your dentist my doctors teach cries .	your dentist my doctors cries .
your cousins that child helps smile .	your cousins that child smile .
your friends your friend helps cry .	your friends your friend cry .
my doctor your friends help reads .	my doctor your friends reads .
my dentist my teachers praise reads .	my dentist my teachers reads .
that teacher these children care for sings .	that teacher these children sings .
the teachers my dentist talks to yell .	the teachers my dentist yell .
your friend these people listen to cries .	your friend these people cries .
your friends your teacher helps wave .	your friends your teacher wave .
the dancer these children answer exercises .	the dancer these children exercises .
the children the patient works with wave .	the children the patient wave .
the teacher your cousins appreciate cries .	the teacher your cousins cries .
this customer my cousins praise talks .	this customer my cousins talks .
these people your boss understands win .	these people your boss win .
my doctor those children visit exercises .	my doctor those children exercises .
my cousins your teacher understands paint .	my cousins your teacher paint .
your doctors your boss helps talk .	your doctors your boss talk .
those people this dentist understands whisper .	those people this dentist whisper .
this doctor my doctors bother sings .	this doctor my doctors sings .
your boss your friends praise cries .	your boss your friends cries .
the children your dentist understands paint .	the children your dentist paint .
my boss your teachers understand sings .	my boss your teachers sings .
the doctors the dancer works with scream .	the doctors the dancer scream .
my cousin these people bother talks .	my cousin these people talks .
your doctors your dentist helps scream .	your doctors your dentist scream .
your friend those children visit exercises .	your friend those children exercises .
those doctors the patient talks to talk .	those doctors the patient talk .
the person the people care for sings .	the person the people sings .
the patient my doctors teach paints .	the patient my doctors paints .
those teachers the dancer scares read .	those teachers the dancer read .
my friend my teachers talk to cries .	my friend my teachers cries .
that dancer your friends help paints .	that dancer your friends paints .
your boss my teachers visit cries .	your boss my teachers cries .
the customer my doctors talk to exercises .	the customer my doctors exercises .
these doctors your doctor helps lose .	these doctors your doctor lose .
my friend your friends appreciate reads .	my friend your friends reads .
your doctors my cousin works with practice .	your doctors my cousin practice .
your doctors that child works with win .	your doctors that child win .
the customer these children care for sings .	the customer these children sings .
that adult my cousins worry reads .	that adult my cousins reads .
that child my friends work with waves .	that child my friends waves .
the children my teacher helps talk .	the children my teacher talk .
my cousins my boss talks to cough .	my cousins my boss cough .
your friends your friend talks to scream .	your friends your friend scream .
that dancer these people praise paints .	that dancer these people paints .
this adult my cousins visit paints .	this adult my cousins paints .
the child those doctors bother exercises .	the child those doctors exercises .
your dentist the doctors understand waves .	your dentist the doctors waves .
your doctor these doctors talk to paints .	your doctor these doctors paints .
my cousins your cousin scares cry .	my cousins your cousin cry .
that teacher my doctors bother exercises .	that teacher my doctors exercises .
this dancer those teachers help exercises .	this dancer those teachers exercises .
this child the teachers listen to reads .	this child the teachers reads .
the child these doctors visit paints .	the child these doctors paints .
my cousin these people talk to talks .	my cousin these people talks .
that patient those children talk to talks .	that patient those children talks .
your cousin those teachers worry cries .	your cousin those teachers cries .
your doctors that adult helps wave .	your doctors that adult wave .
this person the children bother paints .	this person the children paints .
the children this person understands lie .	the children this person lie .
my friends that person scares sneeze .	my friends that person sneeze .
the people my cousin talks to exercise .	the people my cousin exercise .
the teachers my cousin scares cry .	the teachers my cousin cry .
these teachers the customer scares laugh .	these teachers the customer laugh .
your doctors your teacher understands stretch .	your doctors your teacher stretch .
your friends my cousin works with exercise .	your friends my cousin exercise .
this child those people scare exercises .	this child those people exercises .
that dentist the people bother reads .	that dentist the people reads .
this patient these doctors care for waves .	this patient these doctors waves .
your friend your teachers care for reads .	your friend your teachers reads .
my doctors your dentist helps whisper .	my doctors your dentist whisper .
the children your boss helps read .	the children your boss read .
your doctor your teachers praise talks .	your doctor your teachers talks .
my cousins my boss talks to lie .	my cousins my boss lie .
this driver those doctors help cries .	this driver those doctors cries .
that adult your friends visit cries .	that adult your friends cries .
your doctors my dentist works with whisper .	your doctors my dentist whisper .
the doctors my boss scares laugh .	the doctors my boss laugh .
the people your doctor understands read .	the people your doctor read .
my friends my cousin talks to whisper .	my friends my cousin whisper .
my dentist the doctors work with sings .	my dentist the doctors sings .
this customer my friends bother waves .	this customer my friends waves .
the people your dentist helps lie .	the people your dentist lie .
that dancer these doctors help talks .	that dancer these doctors talks .
my dentist those people worry talks .	my dentist those people talks .
your teacher these people bother talks .	your teacher these people talks .
the doctors that adult works with scream .	the doctors that adult scream .
this adult your cousins teach sings .	this adult your cousins sings .
my teachers your cousin works with win .	my teachers your cousin win .
the teachers my dentist understands exercise .	the teachers my dentist exercise .
your doctors my cousin helps scream .	your doctors my cousin scream .
the people the teacher works with stretch .	the people the teacher stretch .
the people that dentist talks to practice .	the people that dentist practice .
your teachers the person scares sneeze .	your teachers the person sneeze .
these children your cousin talks to whisper .	these children your cousin whisper .
the children that patient talks to lie .	the children that patient lie .
my friends your cousin works with sing .	my friends your cousin sing .
the children this person helps whisper .	the children this person whisper .
my friends my teacher helps whisper .	my friends my teacher whisper .
the teacher my teachers appreciate cries .	the teacher my teachers cries .
your dentist your friends help waves .	your dentist your friends waves .
your dentist these teachers appreciate waves .	your dentist these teachers waves .
my doctor your cousins answer cries .	my doctor your cousins cries .
this doctor the teachers bother sings .	this doctor the teachers sings .
that doctor these teachers understand exercises .	that doctor these teachers exercises .
the child my friends bother sings .	the child my friends sings .
that driver your teachers answer talks .	that driver your teachers talks .
your cousin these children teach paints .	your cousin these children paints .
the people the adult talks to exercise .	the people the adult exercise .
your cousin your cousins praise sings .	your cousin your cousins sings .
these teachers the dancer talks to practice .	these teachers the dancer practice .
my friends the teacher scares win .	my friends the teacher win .
the person these doctors answer sings .	the person these doctors sings .
your teacher the children work with talks .	your teacher the children talks .
my teachers my doctor understands smile .	my teachers my doctor smile .
the doctors the teacher scares laugh .	the doctors the teacher laugh .
these doctors that customer understands win .	these doctors that customer win .
these people my cousin talks to yell .	these people my cousin yell .
that dancer your teachers visit sings .	that dancer your teachers sings .
my dentist these people answer reads .	my dentist these people reads .
the people your teacher talks to win .	the people your teacher win .
your teachers this dentist talks to exercise .	your teachers this dentist exercise .
my doctors that dentist understands wave .	my doctors that dentist wave .
that child these people teach sings .	that child these people sings .
those doctors this customer talks to whisper .	those doctors this customer whisper .
this child these doctors work with waves .	this child these doctors waves .
my doctor my friends talk to waves .	my doctor my friends waves .
your dentist your teachers worry waves .	your dentist your teachers waves .
that patient the people appreciate cries .	that patient the people cries .
your teacher these people bother exercises .	your teacher these people exercises .
my teachers this person understands practice .	my teachers this person practice .
your boss those doctors care for paints .	your boss those doctors paints .
my cousins my teacher understands whisper .	my cousins my teacher whisper .
these people your doctor works with paint .	these people your doctor paint .
these people the doctor scares scream .	these people the doctor scream .
my teachers my cousin understands smile .	my teachers my cousin smile .
my doctors my friend understands smile .	my doctors my friend smile .
those people my friend talks to whisper .	those people my friend whisper .
the people the child works with lose .	the people the child lose .
my doctors your friend talks to wave .	my doctors your friend wave .
this dancer these teachers talk to sings .	this dancer these teachers sings .
my teachers this customer works with scream .	my teachers this customer scream .
my cousins your teacher works with lie .	my cousins your teacher lie .
that adult the teachers worry reads .	that adult the teachers reads .
your doctor your cousins help sings .	your doctor your cousins sings .
this driver the children care for paints .	this driver the children paints .
these children your friend understands talk .	these children your friend talk .
my doctor these children talk to reads .	my doctor these children reads .
this customer the teachers answer reads .	this customer the teachers reads .
these teachers that person scares lie .	these teachers that person lie .
these children your dentist talks to whisper .	these children your dentist whisper .
your friends this driver talks to practice .	your friends this driver practice .
this customer those doctors listen to waves .	this customer those doctors waves .
this adult my friends bother cries .	this adult my friends cries .
my cousins your boss understands exercise .	my cousins your boss exercise .
that customer these children scare cries .	that customer these children cries .
my teacher these doctors visit cries .	my teacher these doctors cries .
the teachers the doctor helps exercise .	the teachers the doctor exercise .
the adult those doctors worry reads .	the adult those doctors reads .
these children this doctor helps practice .	these children this doctor practice .
my cousins my dentist talks to exercise .	my cousins my dentist exercise .
my doctors that child works with smile .	my doctors that child smile .
your cousins my cousin scares win .	your cousins my cousin win .
my doctors my friend helps talk .	my doctors my friend talk .
my cousins that driver helps sing .	my cousins that driver sing .
the customer my teachers worry cries .	the customer my teachers cries .
this patient these doctors talk to talks .	this patient these doctors talks .
your friends that dentist works with whisper .	your friends that dentist whisper .
my doctors this teacher understands lose .	my doctors this teacher lose .
the patient my doctors work with cries .	the patient my doctors cries .
your cousin the people answer paints .	your cousin the people paints .
your doctors that customer talks to laugh .	your doctors that customer laugh .
your dentist those children talk to sings .	your dentist those children sings .
this dancer those children listen to talks .	this dancer those children talks .
my cousin my doctors talk to waves .	my cousin my doctors waves .
these people that adult helps win .	these people that adult win .
my doctor those people appreciate paints .	my doctor those people paints .
the child these doctors praise cries .	the child these doctors cries .
your teacher the children answer talks .	your teacher the children talks .
your doctor your doctors talk to reads .	your doctor your doctors reads .
those children your teacher talks to wave .	those children your teacher wave .
the children that customer scares practice .	the children that customer practice .
my teacher my teachers work with cries .	my teacher my teachers cries .
this customer my teachers help reads .	this customer my teachers reads .
this child those children visit exercises .	this child those children exercises .
my teachers this dentist talks to lose .	my teachers this dentist lose .
those teachers that customer talks to stretch .	those teachers that customer stretch .
these people my friend works with practice .	these people my friend practice .
these doctors your teacher helps cry .	these doctors your teacher cry .
my doctor the doctors praise exercises .	my doctor the doctors exercises .
this dancer my teachers appreciate paints .	this dancer my teachers paints .
my teachers the dancer talks to lie .	my teachers the dancer lie .
this driver these doctors bother cries .	this driver these doctors cries .
my friend the people understand cries .	my friend the people cries .
those children your friend understands cough .	those children your friend cough .
your friends that person understands cry .	your friends that person cry .
my doctors the person understands lie .	my doctors the person lie .
the dentist my cousins teach cries .	the dentist my cousins cries .
my doctor my friends teach talks .	my doctor my friends talks .
the doctors your cousin talks to stretch .	the doctors your cousin stretch .
this dentist the doctors appreciate paints .	this dentist the doctors paints .
this dentist those teachers bother waves .	this dentist those teachers waves .
your doctor those children understand talks .	your doctor those children talks .
that dancer these doctors help cries .	that dancer these doctors cries .
the teachers the child scares sing .	the teachers the child sing .
my cousin the doctors bother sings .	my cousin the doctors sings .
those children this adult works with stretch .	those children this adult stretch .
my teacher my cousins visit sings .	my teacher my cousins sings .
your friend my doctors scare exercises .	your friend my doctors exercises .
these children that patient scares sing .	these children that patient sing .
these children your dentist scares sneeze .	these children your dentist sneeze .
your dentist my doctors teach reads .	your dentist my doctors reads .
my dentist my teachers praise waves .	my dentist my teachers waves .
these children your boss talks to talk .	these children your boss talk .
my doctor these teachers work with sings .	my doctor these teachers sings .
your friends my teacher talks to stretch .	your friends my teacher stretch .
those children my cousin understands stretch .	those children my cousin stretch .
my teachers the driver understands read .	my teachers the driver read .
the teachers the person talks to wave .	the teachers the person wave .
that dentist your friends listen to paints .	that dentist your friends paints .
your doctor my cousins understand cries .	your doctor my cousins cries .
my friend your doctors help talks .	my friend your doctors talks .
these doctors your dentist helps lose .	these doctors your dentist lose .
my doctors my cousin scares scream .	my doctors my cousin scream .
this teacher my friends bother sings .	this teacher my friends sings .
my boss your cousins bother cries .	my boss your cousins cries .
your cousin those people praise paints .	your cousin those people paints .
my teachers that adult scares sneeze .	my teachers that adult sneeze .
your dentist my teachers help sings .	your dentist my teachers sings .
your teachers this adult scares practice .	your teachers this adult practice .
your friends your doctor understands stretch .	your friends your doctor stretch .
these people your dentist helps practice .	these people your dentist practice .
my teacher your cousins appreciate paints .	my teacher your cousins paints .
your boss my cousins appreciate paints .	your boss my cousins paints .
those people my friend talks to cough .	those people my friend cough .
the doctor your teachers worry reads .	the doctor your teachers reads .
that child these people help waves .	that child these people waves .
those doctors this doctor understands yell .	those doctors this doctor yell .
my doctors my doctor works with yell .	my doctors my doctor yell .
this child those doctors visit reads .	this child those doctors reads .
your doctor your friends praise exercises .	your doctor your friends exercises .
these children your boss understands paint .	these children your boss paint .
these doctors this dancer understands paint .	these doctors this dancer paint .
my doctors my doctor scares cry .	my doctors my doctor cry .
these doctors your teacher scares laugh .	these doctors your teacher laugh .
your teachers the customer understands lie .	your teachers the customer lie .
that adult the doctors talk to reads .	that adult the doctors reads .
the doctor my friends bother sings .	the doctor my friends sings .
these people this customer helps laugh .	these people this customer laugh .
my boss your teachers scare talks .	my boss your teachers talks .
the children my boss talks to cry .	the children my boss cry .
this driver your friends bother waves .	this driver your friends waves .
your cousins that dentist works with stretch .	your cousins that dentist stretch .
these teachers your friend talks to lie .	these teachers your friend lie .
the people that person scares yell .	the people that person yell .
those doctors the adult scares cough .	those doctors the adult cough .
those children this child works with yell .	those children this child yell .
your boss your cousins talk to sings .	your boss your cousins sings .
those people this dancer understands talk .	those people this dancer talk .
these doctors that person works with win .	these doctors that person win .
that driver your friends worry reads .	that driver your friends reads .
my dentist your doctors help exercises .	my dentist your doctors exercises .
the doctor your friends help talks .	the doctor your friends talks .
my doctor those people talk to reads .	my doctor those people reads .
these doctors my cousin understands yell .	these doctors my cousin yell .
my teacher those children praise cries .	my teacher those children cries .
this person these teachers work with talks .	this person these teachers talks .
your doctor those teachers teach exercises .	your doctor those teachers exercises .
these children my friend scares whisper .	these children my friend whisper .
my boss my teachers scare exercises .	my boss my teachers exercises .
those doctors my teacher works with win .	those doctors my teacher win .
your teacher those people worry paints .	your teacher those people paints .
your doctors my teacher scares win .	your doctors my teacher win .
that customer the children scare sings .	that customer the children sings .
your cousins my doctor understands stretch .	your cousins my doctor stretch .
that doctor these people care for cries .	that doctor these people cries .
this customer the children work with cries .	this customer the children cries .
these children that driver helps win .	these children that driver win .
those doctors my dentist understands laugh .	those doctors my dentist laugh .
these children that customer works with talk .	these children that customer talk .
those people my doctor helps lose .	those people my doctor lose .
this person those teachers answer sings .	this person those teachers sings .
my doctor my friends help reads .	my doctor my friends reads .
the doctor those teachers answer sings .	the doctor those teachers sings .
your friend those people help paints .	your friend those people paints .
your doctor my cousins understand talks .	your doctor my cousins talks .
your teachers my teacher works with scream .	your teachers my teacher scream .
those people my friend helps laugh .	those people my friend laugh .
these teachers that person works with talk .	these teachers that person talk .
that doctor these children listen to paints .	that doctor these children paints .
your cousins your teacher works with cough .	your cousins your teacher cough .
my teacher these children care for exercises .	my teacher these children exercises .
your boss those doctors bother talks .	your boss those doctors talks .
your friend these people appreciate sings .	your friend these people sings .
my cousins my boss understands paint .	my cousins my boss paint .
my doctor these people worry reads .	my doctor these people reads .
the doctor my teachers work with reads .	the doctor my teachers reads .
the doctors this child understands sing .	the doctors this child sing .
my doctors my teacher talks to whisper .	my doctors my teacher whisper .
your boss these people work with sings .	your boss these people sings .
that doctor my cousins answer paints .	that doctor my cousins paints .
your cousin these people praise sings .	your cousin these people sings .
my friends this dentist understands yell .	my friends this dentist yell .
this doctor my teachers worry waves .	this doctor my teachers waves .
that teacher the children answer waves .	that teacher the children waves .
the patient the people scare cries .	the patient the people cries .
your friends this doctor talks to paint .	your friends this doctor paint .
those children this dentist talks to talk .	those children this dentist talk .
that driver those children understand talks .	that driver those children talks .
this teacher your friends teach paints .	this teacher your friends paints .
those doctors my teacher talks to win .	those doctors my teacher win .
these people your boss helps laugh .	these people your boss laugh .
your cousins that dentist helps paint .	your cousins that dentist paint .
that child these doctors appreciate exercises .	that child these doctors exercises .
your teachers your teacher helps practice .	your teachers your teacher practice .
my cousins the doctor understands paint .	my cousins the doctor paint .
these doctors your teacher works with whisper .	these doctors your teacher whisper .
your friend those teachers visit cries .	your friend those teachers cries .
these teachers my dentist talks to smile .	these teachers my dentist smile .
the driver my teachers work with waves .	the driver my teachers waves .
your cousins your doctor helps sneeze .	your cousins your doctor sneeze .
my cousins the dentist understands smile .	my cousins the dentist smile .
this dancer my friends bother cries .	this dancer my friends cries .
the doctors your cousin understands lie .	the doctors your cousin lie .
your dentist your doctors talk to talks .	your dentist your doctors talks .
your cousin my cousins answer paints .	your cousin my cousins paints .
that dancer the doctors scare cries .	that dancer the doctors cries .
the children your boss understands stretch .	the children your boss stretch .
your teachers my teacher talks to smile .	your teachers my teacher smile .
my cousins this dentist understands talk .	my cousins this dentist talk .
your doctors that child understands stretch .	your doctors that child stretch .
your boss these children visit cries .	your boss these children cries .
those doctors my boss understands yell .	those doctors my boss yell .
this dancer your doctors talk to talks .	this dancer your doctors talks .
those people the driver understands lie .	those people the driver lie .
those doctors my teacher works with stretch .	those doctors my teacher stretch .
that dentist the doctors bother paints .	that dentist the doctors paints .
that person my teachers teach waves .	that person my teachers waves .
my dentist the teachers worry talks .	my dentist the teachers talks .
your teachers this child helps laugh .	your teachers this child laugh .
your cousin your cousins work with paints .	your cousin your cousins paints .
this doctor these children appreciate reads .	this doctor these children reads .
my friends the dancer understands lie .	my friends the dancer lie .
your doctors the customer scares exercise .	your doctors the customer exercise .
my teachers my boss scares talk .	my teachers my boss talk .
my doctors your teacher scares wave .	my doctors your teacher wave .
my cousins your dentist talks to cry .	my cousins your dentist cry .
these doctors my teacher scares sing .	these doctors my teacher sing .
those children that driver understands sneeze .	those children that driver sneeze .
my teachers your doctor understands lie .	my teachers your doctor lie .
my doctors this child scares sneeze .	my doctors this child sneeze .
your teachers my boss scares sing .	your teachers my boss sing .
my teacher your teachers work with talks .	my teacher your teachers talks .
your teacher the teachers answer cries .	your teacher the teachers cries .
my friends my friend talks to talk .	my friends my friend talk .
your cousins your friend understands whisper .	your cousins your friend whisper .
that teacher the people care for talks .	that teacher the people talks .
your cousins my friend talks to lose .	your cousins my friend lose .
this adult the people visit paints .	this adult the people paints .
these people my friend understands lie .	these people my friend lie .
your friend the people appreciate paints .	your friend the people paints .
my friends my teacher helps cough .	my friends my teacher cough .
your friend these people help cries .	your friend these people cries .
those teachers the person understands win .	those teachers the person win .
these children that teacher scares talk .	these children that teacher talk .
your boss your teachers understand reads .	your boss your teachers reads .
this teacher these doctors answer waves .	this teacher these doctors waves .
your friend these doctors praise talks .	your friend these doctors talks .
the doctor those people talk to waves .	the doctor those people waves .
my friend your teachers talk to reads .	my friend your teachers reads .
the doctors your doctor talks to lie .	the doctors your doctor lie .
this dancer the doctors answer sings .	this dancer the doctors sings .
my cousins the teacher understands lose .	my cousins the teacher lose .
this patient your friends understand sings .	this patient your friends sings .
the doctor your friends visit cries .	the doctor your friends cries .
your dentist those teachers worry exercises .	your dentist those teachers exercises .
my cousin your doctors help reads .	my cousin your doctors reads .
that driver my cousins visit reads .	that driver my cousins reads .
this patient your teachers answer waves .	this patient your teachers waves .
my friend the people worry sings .	my friend the people sings .
the patient the teachers praise reads .	the patient the teachers reads .
my teacher the doctors appreciate cries .	my teacher the doctors cries .
my dentist these children care for sings .	my dentist these children sings .
those children my boss helps practice .	those children my boss practice .
my doctor my friends worry sings .	my doctor my friends sings .
your cousin the teachers visit reads .	your cousin the teachers reads .
that doctor the children scare exercises .	that doctor the children exercises .
your doctors your dentist scares lie .	your doctors your dentist lie .
your teachers that patient scares smile .	your teachers that patient smile .
my friends that adult helps scream .	my friends that adult scream .
these children your teacher works with smile .	these children your teacher smile .
this customer those children work with sings .	this customer those children sings .
your dentist these teachers scare cries .	your dentist these teachers cries .
your teachers this teacher understands cry .	your teachers this teacher cry .
the people the doctor understands win .	the people the doctor win .
the children this dancer helps smile .	the children this dancer smile .
my cousins your boss helps sing .	my cousins your boss sing .
these teachers this dancer talks to sneeze .	these teachers this dancer sneeze .
the child the teachers work with reads .	the child the teachers reads .
my friends that teacher works with lie .	my friends that teacher lie .
this teacher these doctors bother paints .	this teacher these doctors paints .
your doctors this doctor works with practice .	your doctors this doctor practice .
my teacher these doctors scare paints .	my teacher these doctors paints .
your teachers my friend works with lie .	your teachers my friend lie .
those teachers that doctor talks to paint .	those teachers that doctor paint .
the child the doctors scare waves .	the child the doctors waves .
my doctors that doctor helps stretch .	my doctors that doctor stretch .
your dentist those people worry talks .	your dentist those people talks .
the driver my friends help reads .	the driver my friends reads .
my doctors your dentist works with yell .	my doctors your dentist yell .
your doctor your cousins work with cries .	your doctor your cousins cries .
my cousins your boss talks to read .	my cousins your boss read .
those doctors the doctor works with win .	those doctors the doctor win .
the teachers the customer understands win .	the teachers the customer win .
your dentist those teachers bother sings .	your dentist those teachers sings .
these children your friend understands lose .	these children your friend lose .
that customer my doctors answer exercises .	that customer my doctors exercises .
your doctors your cousin helps paint .	your doctors your cousin paint .
your teachers your friend scares sneeze .	your teachers your friend sneeze .
my boss those children understand paints .	my boss those children paints .
my doctor my friends answer reads .	my doctor my friends reads .
your dentist your doctors answer cries .	your dentist your doctors cries .
your doctor my doctors answer exercises .	your doctor my doctors exercises .
your cousins my teacher understands cough .	your cousins my teacher cough .
these people your dentist understands cry .	these people your dentist cry .
those children my dentist scares cough .	those children my dentist cough .
my dentist my friends answer exercises .	my dentist my friends exercises .
that customer these doctors work with reads .	that customer these doctors reads .
that dentist these teachers answer cries .	that dentist these teachers cries .
the children this customer helps cough .	the children this customer cough .
this patient the doctors understand sings .	this patient the doctors sings .
my teacher those people answer waves .	my teacher those people waves .
that teacher my friends bother paints .	that teacher my friends paints .
your friends the adult talks to cough .	your friends the adult cough .
your teachers the person scares stretch .	your teachers the person stretch .
my teacher my doctors understand cries .	my teacher my doctors cries .
this customer the people bother paints .	this customer the people paints .
these people that patient helps win .	these people that patient win .
this teacher the doctors understand waves .	this teacher the doctors waves .
these children my friend understands wave .	these children my friend wave .
those children my boss helps read .	those children my boss read .
that person my friends care for paints .	that person my friends paints .
the driver those children listen to paints .	the driver those children paints .
these doctors my cousin scares exercise .	these doctors my cousin exercise .
that child my teachers teach reads .	that child my teachers reads .
your teacher your teachers scare sings .	your teacher your teachers sings .
your teacher my teachers help paints .	your teacher my teachers paints .
the dancer these doctors scare exercises .	the dancer these doctors exercises .
my friends my doctor scares sneeze .	my friends my doctor sneeze .
those doctors your cousin talks to practice .	those doctors your cousin practice .
your friends this adult works with lie .	your friends this adult lie .
these people this adult works with lose .	these people this adult lose .
your cousins this teacher works with wave .	your cousins this teacher wave .
the adult those doctors work with talks .	the adult those doctors talks .
my cousins your dentist helps lose .	my cousins your dentist lose .
my friend my teachers understand reads .	my friend my teachers reads .
that person your teachers bother cries .	that person your teachers cries .
my doctor your teachers care for cries .	my doctor your teachers cries .
those doctors my friend talks to whisper .	those doctors my friend whisper .
your doctor those people visit cries .	your doctor those people cries .
your cousins your friend understands practice .	your cousins your friend practice .
the children this child works with talk .	the children this child talk .
my boss my teachers worry exercises .	my boss my teachers exercises .
your doctors this driver scares laugh .	your doctors this driver laugh .
those teachers your doctor works with practice .	those teachers your doctor practice .
these people my doctor understands practice .	these people my doctor practice .
that adult my friends answer cries .	that adult my friends cries .
your cousins your cousin works with exercise .	your cousins your cousin exercise .
your doctor the people teach sings .	your doctor the people sings .
my cousins your cousin helps read .	my cousins your cousin read .
your friends the dentist scares smile .	your friends the dentist smile .
my cousins your boss scares stretch .	my cousins your boss stretch .
your friends your cousin understands talk .	your friends your cousin talk .
those teachers this dancer scares stretch .	those teachers this dancer stretch .
the child your doctors worry reads .	the child your doctors reads .
this dancer your friends understand talks .	this dancer your friends talks .
your doctor the children understand sings .	your doctor the children sings .
my doctors this adult helps whisper .	my doctors this adult whisper .
your friends the child helps smile .	your friends the child smile .
those children my teacher talks to laugh .	those children my teacher laugh .
the people that child scares lose .	the people that child lose .
that doctor my doctors listen to sings .	that doctor my doctors sings .
this teacher your friends teach exercises .	this teacher your friends exercises .
your cousins my doctor talks to lie .	your cousins my doctor lie .
my teacher your friends worry sings .	my teacher your friends sings .
my teacher my doctors teach paints .	my teacher my doctors paints .
my cousin your friends care for reads .	my cousin your friends reads .
your doctors this dancer scares smile .	your doctors this dancer smile .
your dentist those teachers worry sings .	your dentist those teachers sings .
my teacher the teachers help exercises .	my teacher the teachers exercises .
your doctors my boss works with paint .	your doctors my boss paint .
your friends my boss scares smile .	your friends my boss smile .
my friends the dentist understands yell .	my friends the dentist yell .
that dancer my doctors listen to cries .	that dancer my doctors cries .
my teachers my teacher talks to scream .	my teachers my teacher scream .
this person your teachers scare cries .	this person your teachers cries .
that driver the children worry reads .	that driver the children reads .
those people the person talks to yell .	those people the person yell .
this teacher those people understand cries .	this teacher those people cries .
the driver your cousins appreciate paints .	the driver your cousins paints .
that person those children appreciate talks .	that person those children talks .
those doctors your cousin understands wave .	those doctors your cousin wave .
that teacher the doctors worry reads .	that teacher the doctors reads .
that driver these doctors work with cries .	that driver these doctors cries .
your cousins the person helps read .	your cousins the person read .
the teachers that adult understands paint .	the teachers that adult paint .
your cousin your teachers teach reads .	your cousin your teachers reads .
my doctors your dentist works with smile .	my doctors your dentist smile .
that driver your teachers praise paints .	that driver your teachers paints .
the doctors the teacher scares whisper .	the doctors the teacher whisper .
those children your boss helps read .	those children your boss read .
my doctor these doctors worry sings .	my doctor these doctors sings .
your cousins your friend understands talk .	your cousins your friend talk .
this doctor your doctors help cries .	this doctor your doctors cries .
that doctor those teachers visit paints .	that doctor those teachers paints .
this adult your doctors worry reads .	this adult your doctors reads .
the adult these doctors appreciate paints .	the adult these doctors paints .
the teachers my boss helps scream .	the teachers my boss scream .
that patient the people help reads .	that patient the people reads .
my dentist my teachers work with reads .	my dentist my teachers reads .
my doctors this customer scares whisper .	my doctors this customer whisper .
my doctors this child talks to sneeze .	my doctors this child sneeze .
the teachers your friend talks to win .	the teachers your friend win .
those children this driver scares smile .	those children this driver smile .
these teachers your teacher works with paint .	these teachers your teacher paint .
these children my friend works with whisper .	these children my friend whisper .
the driver these teachers understand waves .	the driver these teachers waves .
this customer these children care for sings .	this customer these children sings .
my teachers this patient talks to read .	my teachers this patient read .
your teachers this adult talks to paint .	your teachers this adult paint .
those doctors that customer talks to wave .	those doctors that customer wave .
your dentist the doctors scare paints .	your dentist the doctors paints .
those children my dentist helps laugh .	those children my dentist laugh .
this person those doctors praise paints .	this person those doctors paints .
the customer my doctors talk to talks .	the customer my doctors talks .
those teachers that doctor helps exercise .	those teachers that doctor exercise .
the doctors your cousin understands sneeze .	the doctors your cousin sneeze .
your friend those children scare cries .	your friend those children cries .
your cousins my friend helps talk .	your cousins my friend talk .
your boss the children scare exercises .	your boss the children exercises .
my teacher my doctors work with cries .	my teacher my doctors cries .
the teachers my boss helps win .	the teachers my boss win .
these children the person scares talk .	these children the person talk .
my teachers your dentist works with wave .	my teachers your dentist wave .
the dentist my doctors care for cries .	the dentist my doctors cries .
that teacher my doctors answer reads .	that teacher my doctors reads .
the doctors my doctor talks to paint .	the doctors my doctor paint .
these people that doctor works with exercise .	these people that doctor exercise .
these people my doctor talks to sneeze .	these people my doctor sneeze .
those children your dentist understands wave .	those children your dentist wave .
your dentist the people work with reads .	your dentist the people reads .
my doctor my cousins help waves .	my doctor my cousins waves .
the people this adult helps scream .	the people this adult scream .
that patient my cousins help reads .	that patient my cousins reads .
my boss your teachers visit reads .	my boss your teachers reads .
my doctor your teachers listen to waves .	my doctor your teachers waves .
this person your teachers praise talks .	this person your teachers talks .
your friend your doctors talk to talks .	your friend your doctors talks .
the doctors that adult works with cough .	the doctors that adult cough .
your doctor these teachers worry cries .	your doctor these teachers cries .
my boss your friends appreciate exercises .	my boss your friends exercises .
this child these children appreciate waves .	this child these children waves .
my cousins my doctor talks to stretch .	my cousins my doctor stretch .
those doctors the dancer talks to sing .	those doctors the dancer sing .
my doctor your doctors help cries .	my doctor your doctors cries .
these doctors the teacher talks to laugh .	these doctors the teacher laugh .
your cousins that person talks to whisper .	your cousins that person whisper .
your teachers my cousin talks to lie .	your teachers my cousin lie .
this dentist my doctors answer paints .	this dentist my doctors paints .
the customer those children answer talks .	the customer those children talks .
that doctor your doctors visit exercises .	that doctor your doctors exercises .
this driver the people teach sings .	this driver the people sings .
the teacher the people praise waves .	the teacher the people waves .
your friend those doctors scare exercises .	your friend those doctors exercises .
the dentist those doctors bother talks .	the dentist those doctors talks .
these children the teacher talks to exercise .	these children the teacher exercise .
my boss my teachers understand sings .	my boss my teachers sings .
those teachers that driver helps talk .	those teachers that driver talk .
the people this patient works with cry .	the people this patient cry .
those doctors your doctor talks to scream .	those doctors your doctor scream .
the people this patient scares lie .	the people this patient lie .
the teacher my friends talk to waves .	the teacher my friends waves .
my teachers this adult works with laugh .	my teachers this adult laugh .
my teachers your dentist helps exercise .	my teachers your dentist exercise .
your cousin my cousins help waves .	your cousin my cousins waves .
the doctor my teachers help sings .	the doctor my teachers sings .
the patient the people work with paints .	the patient the people paints .
the driver your cousins care for paints .	the driver your cousins paints .
your teacher those children visit exercises .	your teacher those children exercises .
my dentist those people help talks .	my dentist those people talks .
your dentist the doctors worry cries .	your dentist the doctors cries .
my cousins your doctor works with scream .	my cousins your doctor scream .
the teachers your dentist scares laugh .	the teachers your dentist laugh .
the dancer your friends scare waves .	the dancer your friends waves .
my friends this adult understands lose .	my friends this adult lose .
this doctor these children bother reads .	this doctor these children reads .
that adult my doctors care for reads .	that adult my doctors reads .
your cousins this driver understands stretch .	your cousins this driver stretch .
the dentist your doctors worry sings .	the dentist your doctors sings .
your friend the teachers bother paints .	your friend the teachers paints .
my friend these people worry cries .	my friend these people cries .
the dancer the doctors visit waves .	the dancer the doctors waves .
the adult those children work with exercises .	the adult those children exercises .
those people the doctor scares whisper .	those people the doctor whisper .
this doctor your friends praise cries .	this doctor your friends cries .
that customer those teachers help reads .	that customer those teachers reads .
my cousins this teacher helps scream .	my cousins this teacher scream .
my dentist my doctors worry cries .	my dentist my doctors cries .
those doctors your friend talks to lose .	those doctors your friend lose .
my teacher your cousins bother sings .	my teacher your cousins sings .
