the children were n't breaking this old car .	the children were n't breaking this old cars .
the driver talked about this important button .	the driver talked about this important buttons .
the teacher could n't notice this important spoon .	the teacher could n't notice this important spoons .
the car broke this brown shirt .	the car broke this brown shirts .
the person would throw that missing dish .	the person would throw that missing dishes .
the dancer had n't broken this orange hat .	the dancer had n't broken this orange hats .
the trucks could n't break this missing picture .	the trucks could n't break this missing pictures .
the boys could break those green glasses .	the boys could break those green glass .
the crayon broke these blue windows .	the crayon broke these blue window .
the customer wo n't love this important chair .	the customer wo n't love this important chairs .
the dentist holds these gray shoes .	the dentist holds these gray shoe .
the turtles must hate this important car .	the turtles must hate this important cars .
the truck broke this white bag .	the truck broke this white bags .
the lady runs around this old school .	the lady runs around this old schools .
the driver has n't held that broken spoon .	the driver has n't held that broken spoons .
the people knew those sleepy doctors .	the people knew those sleepy doctor .
the birds broke these whole beds .	the birds broke these whole bed .
the doctor will look like these tall rabbits .	the doctor will look like these tall rabbit .
the doctor has n't heard this gentle child .	the doctor has n't heard this gentle children .
the adult can n't praise these happy teachers .	the adult can n't praise these happy teacher .
the girl had answered this quiet guy .	the girl had answered this quiet guys .
the women liked those important rings .	the women liked those important ring .
the boat was breaking this expensive cup .	the boat was breaking this expensive cups .
the customer worked with this young girl .	the customer worked with this young girls .
the ladies throw that broken plate .	the ladies throw that broken plates .
the turtles saw this boring dish .	the turtles saw this boring dishes .
the boys would n't hold that cool chair .	the boys would n't hold that cool chairs .
the doctors lost those new glasses .	the doctors lost those new glass .
the dentist might move this awesome bowl .	the dentist might move this awesome bowls .
the boy had n't visited these important men .	the boy had n't visited these important man .
the customer could n't notice those important birds .	the customer could n't notice those important bird .
the mice had seen those important cars .	the mice had seen those important car .
the turtles have thought about that boring doctor .	the turtles have thought about that boring doctors .
the woman moved these great doors .	the woman moved these great door .
the man made these green forks .	the man made these green fork .
the king is cleaning those gray cars .	the king is cleaning those gray car .
the children bring these blue shirts .	the children bring these blue shirt .
the adult would n't help these strong women .	the adult would n't help these strong woman .
the woman can forget this boring toy .	the woman can forget this boring toys .
the girl could sound like these gentle men .	the girl could sound like these gentle man .
the people keep that purple glass .	the people keep that purple glasses .
the ladies have answered those excited men .	the ladies have answered those excited man .
the customer would work with these tired guys .	the customer would work with these tired guy .
the men were listening to these quiet children .	the men were listening to these quiet child .
the women find those yellow rings .	the women find those yellow ring .
the women help this excited man .	the women help this excited men .
the child must think about these boring bottles .	the child must think about these boring bottle .
the mice could n't remember this boring fork .	the mice could n't remember this boring forks .
the lady broke that whole bed .	the lady broke that whole beds .
the teachers will take that cool fork .	the teachers will take that cool forks .
the people shake that boring bag .	the people shake that boring bags .
the dancer works with that healthy lady .	the dancer works with that healthy ladies .
the snake has n't noticed those boring girls .	the snake has n't noticed those boring girl .
the woman broke this small hat .	the woman broke this small hats .
the customer scares those bored ladies .	the customer scares those bored lady .
the turtles forgot those important men .	the turtles forgot those important man .
the car may break this expensive toy .	the car may break this expensive toys .
the guy was n't bothering that kind guy .	the guy was n't bothering that kind guys .
the queen should n't listen to those strong guys .	the queen should n't listen to those strong guy .
the queen has n't made these boring hats .	the queen has n't made these boring hat .
the cat had noticed these important mice .	the cat had noticed these important mouse .
the women drove to these important rooms .	the women drove to these important room .
the men wo n't keep these hot forks .	the men wo n't keep these hot fork .
the men took this whole picture .	the men took this whole pictures .
the ladies dropped those purple forks .	the ladies dropped those purple fork .
the children will listen to that excited child .	the children will listen to that excited children .
the men do n't remember this boring horse .	the men do n't remember this boring horses .
the men could n't know this helpful mouse .	the men could n't know this helpful mice .
the cats forgot that important rabbit .	the cats forgot that important rabbits .
the child brought that awesome window .	the child brought that awesome windows .
the mouse had seen these important women .	the mouse had seen these important woman .
the boys have n't moved that expensive shirt .	the boys have n't moved that expensive shirts .
the boy made that dry bowl .	the boy made that dry bowls .
the turtles broke these old beds .	the turtles broke these old bed .
the women buy these whole trucks .	the women buy these whole truck .
the boys clean this old shoe .	the boys clean this old shoes .
the cats could n't like those important horses .	the cats could n't like those important horse .
the girls worried that upset teacher .	the girls worried that upset teachers .
the girls taught those important ladies .	the girls taught those important lady .
the queen wo n't bother these clever men .	the queen wo n't bother these clever man .
the women steal this brown hat .	the women steal this brown hats .
the bags break these black bowls .	the bags break these black bowl .
the bird liked these important guys .	the bird liked these important guy .
the queen breaks those old beds .	the queen breaks those old bed .
the mice saw that boring truck .	the mice saw that boring trucks .
the people work with those wrong people .	the people work with those wrong person .
the person had n't kept these whole shoes .	the person had n't kept these whole shoe .
the girls heard this healthy cat .	the girls heard this healthy cats .
the spoons were breaking that gray box .	the spoons were breaking that gray boxes .
the bags were breaking that yellow bottle .	the bags were breaking that yellow bottles .
the man is n't shaking that gray ring .	the man is n't shaking that gray rings .
the king is working with that boring child .	the king is working with that boring children .
the lady talked about that important woman .	the lady talked about that important women .
the plate has n't broken these hot dolls .	the plate has n't broken these hot doll .
the women could find these missing windows .	the women could find these missing window .
the woman sounds like these clever guys .	the woman sounds like these clever guy .
the king has found these old toys .	the king has found these old toy .
the boy talks about that important man .	the boy talks about that important men .
the dentist moved this fine crayon .	the dentist moved this fine crayons .
the snakes have remembered those important plates .	the snakes have remembered those important plate .
the dancer looked like that helpful teacher .	the dancer looked like that helpful teachers .
the ring can n't break this expensive shoe .	the ring can n't break this expensive shoes .
the man thinks about that boring doctor .	the man thinks about that boring doctors .
the driver will forget these important shirts .	the driver will forget these important shirt .
the queen shook that great crayon .	the queen shook that great crayons .
the adult has lost these excited boys .	the adult has lost these excited boy .
the guys are n't finding that cool bag .	the guys are n't finding that cool bags .
the person sounded like these quiet teachers .	the person sounded like these quiet teacher .
the person has cleaned this white book .	the person has cleaned this white books .
the guy was n't running around those big schools .	the guy was n't running around those big school .
the candles broke this green shirt .	the candles broke this green shirts .
the boy was n't losing those new glasses .	the boy was n't losing those new glass .
the person does n't make this brown bottle .	the person does n't make this brown bottles .
the bird was breaking this expensive dish .	the bird was breaking this expensive dishes .
the men wo n't teach these tired boys .	the men wo n't teach these tired boy .
the lady knew this friendly guy .	the lady knew this friendly guys .
the adult sounded like that friendly boy .	the adult sounded like that friendly boys .
the dentist does n't throw that fine fork .	the dentist does n't throw that fine forks .
the rabbits have remembered these important doctors .	the rabbits have remembered these important doctor .
the driver throws these small glasses .	the driver throws these small glass .
the ladies talked about those important bottles .	the ladies talked about those important bottle .
the ladies steal this important fork .	the ladies steal this important forks .
the guys had n't remembered those important turtles .	the guys had n't remembered those important turtle .
the children have heard this tired girl .	the children have heard this tired girls .
the guy has n't found that wrong person .	the guy has n't found that wrong people .
the child drops that white book .	the child drops that white books .
the boy had n't found those hot shoes .	the boy had n't found those hot shoe .
the forks have n't broken those broken bowls .	the forks have n't broken those broken bowl .
the guy had n't heard this bored snake .	the guy had n't heard this bored snakes .
the doctors can n't steal these blue candles .	the doctors can n't steal these blue candle .
the women had these missing chairs .	the women had these missing chair .
the child drops those hot bags .	the child drops those hot bag .
the queen will look like these bored teachers .	the queen will look like these bored teacher .
the girls are n't helping this healthy woman .	the girls are n't helping this healthy women .
the men look like that clever snake .	the men look like that clever snakes .
the teachers are talking about those important mice .	the teachers are talking about those important mouse .
the chairs have n't broken these purple cars .	the chairs have n't broken these purple car .
the woman could visit those friendly girls .	the woman could visit those friendly girl .
the plane had n't broken those yellow beds .	the plane had n't broken those yellow bed .
the lady has n't brought this boring boat .	the lady has n't brought this boring boats .
the adult works with this gentle lady .	the adult works with this gentle ladies .
the doctor would n't teach this kind woman .	the doctor would n't teach this kind women .
the dentist was running around that big room .	the dentist was running around that big rooms .
the lady did n't break that broken car .	the lady did n't break that broken cars .
the ladies have cleaned that hot crayon .	the ladies have cleaned that hot crayons .
the teachers had seen these boring rabbits .	the teachers had seen these boring rabbit .
the man can n't break this boring dish .	the man can n't break this boring dishes .
the queen holds these brown forks .	the queen holds these brown fork .
the people left those old schools .	the people left those old school .
the cat thinks about that boring button .	the cat thinks about that boring buttons .
the man should n't talk about this important book .	the man should n't talk about this important books .
the shirts must break these missing buttons .	the shirts must break these missing button .
the guys were shaking this yellow plate .	the guys were shaking this yellow plates .
the woman holds these cute forks .	the woman holds these cute fork .
the women knew that kind snake .	the women knew that kind snakes .
the customer does n't look like those important birds .	the customer does n't look like those important bird .
the doctors may know that helpful doctor .	the doctors may know that helpful doctors .
the bird may hate those important chairs .	the bird may hate those important chair .
the dancer had that dry door .	the dancer had that dry doors .
the queen had visited these lucky children .	the queen had visited these lucky child .
the person sees those important forks .	the person sees those important fork .
the woman was bothering that upset child .	the woman was bothering that upset children .
the driver is finding that boring ring .	the driver is finding that boring rings .
the person has n't talked to this excited woman .	the person has n't talked to this excited women .
the women knew that friendly teacher .	the women knew that friendly teachers .
the rabbits will hate that boring boy .	the rabbits will hate that boring boys .
the doctors throw this broken chair .	the doctors throw this broken chairs .
the dentist had n't moved these missing glasses .	the dentist had n't moved these missing glass .
the teachers broke these white boats .	the teachers broke these white boat .
the teachers are thinking about these boring mice .	the teachers are thinking about these boring mouse .
the woman had talked to these excited guys .	the woman had talked to these excited guy .
the ladies will forget this important chair .	the ladies will forget this important chairs .
the man had found those missing spoons .	the man had found those missing spoon .
the women can n't love these boring mice .	the women can n't love these boring mouse .
the ladies answer this healthy person .	the ladies answer this healthy people .
the teacher sounded like this upset rabbit .	the teacher sounded like this upset rabbits .
the teachers had thought about those important turtles .	the teachers had thought about those important turtle .
the adult has n't talked to this careful teacher .	the adult has n't talked to this careful teachers .
the bowl is breaking those black hats .	the bowl is breaking those black hat .
the rabbits had n't remembered this important book .	the rabbits had n't remembered this important books .
the teachers are n't shaking that awesome chair .	the teachers are n't shaking that awesome chairs .
the woman could n't hold those purple spoons .	the woman could n't hold those purple spoon .
the boy must drop that important spoon .	the boy must drop that important spoons .
the queen lost those hungry boys .	the queen lost those hungry boy .
the guy was finding that cold button .	the guy was finding that cold buttons .
the teachers lift that important spoon .	the teachers lift that important spoons .
the children drop this great car .	the children drop this great cars .
the driver is n't talking about this boring boy .	the driver is n't talking about this boring boys .
the child is n't running around this messy school .	the child is n't running around this messy schools .
the king should keep those big doors .	the king should keep those big door .
the doll was breaking these cute books .	the doll was breaking these cute book .
the teacher had n't held that gray door .	the teacher had n't held that gray doors .
the customer was moving this brown truck .	the customer was moving this brown trucks .
the toy had n't broken that dry chair .	the toy had n't broken that dry chairs .
the child did n't hate those boring mice .	the child did n't hate those boring mouse .
the bird thought about this boring button .	the bird thought about this boring buttons .
the dentist breaks these cool spoons .	the dentist breaks these cool spoon .
the buttons break these gray shirts .	the buttons break these gray shirt .
the doctors have n't worried those important teachers .	the doctors have n't worried those important teacher .
the boy thought about that boring cup .	the boy thought about that boring cups .
the boys knew these confused ladies .	the boys knew these confused lady .
the people throw those orange dolls .	the people throw those orange doll .
the doctor could n't see that boring door .	the doctor could n't see that boring doors .
the ladies fixed that expensive bed .	the ladies fixed that expensive beds .
the people must answer that clever teacher .	the people must answer that clever teachers .
the crayon was breaking those missing bottles .	the crayon was breaking those missing bottle .
the guys had n't moved that orange hat .	the guys had n't moved that orange hats .
the children scare those young women .	the children scare those young woman .
the turtles see this important bag .	the turtles see this important bags .
the customer works with these kind men .	the customer works with these kind man .
the patient scared this surprised boy .	the patient scared this surprised boys .
the dancer was talking to this excited teacher .	the dancer was talking to this excited teachers .
the turtle had broken these great spoons .	the turtle had broken these great spoon .
the queen taught that careful teacher .	the queen taught that careful teachers .
the person looked like this curious dog .	the person looked like this curious dogs .
the guys helped these gentle teachers .	the guys helped these gentle teacher .
the guys heard that friendly boy .	the guys heard that friendly boys .
the women sound like this excited mouse .	the women sound like this excited mice .
the ladies pass those clean schools .	the ladies pass those clean school .
the woman bought those big shoes .	the woman bought those big shoe .
the children look like these young doctors .	the children look like these young doctor .
the boys like this boring window .	the boys like this boring windows .
the boys love that boring person .	the boys love that boring people .
the dancer takes that old car .	the dancer takes that old cars .
the customer can throw this small boat .	the customer can throw this small boats .
the teachers made these missing books .	the teachers made these missing book .
the woman wo n't clean those broken forks .	the woman wo n't clean those broken fork .
the plane broke these cold toys .	the plane broke these cold toy .
the girl was bothering that boring teacher .	the girl was bothering that boring teachers .
the teacher breaks those new books .	the teacher breaks those new book .
the boy dropped those new windows .	the boy dropped those new window .
the dentist has n't bought this cool candle .	the dentist has n't bought this cool candles .
the boys wo n't talk to that nice person .	the boys wo n't talk to that nice people .
the turtles saw those boring windows .	the turtles saw those boring window .
the boys must walk through those important rooms .	the boys must walk through those important room .
the adult has heard those clever boys .	the adult has heard those clever boy .
the cups had n't broken that fine door .	the cups had n't broken that fine doors .
the queen is n't finding this new crayon .	the queen is n't finding this new crayons .
the guys have n't visited that young woman .	the guys have n't visited that young women .
the girls have held these important boxes .	the girls have held these important box .
the doctors talk about that boring toy .	the doctors talk about that boring toys .
the spoons break those orange buttons .	the spoons break those orange button .
the doors will break that old bowl .	the doors will break that old bowls .
the doctors will drop those hot boats .	the doctors will drop those hot boat .
the queen was n't breaking these important spoons .	the queen was n't breaking these important spoon .
the men are losing those fine crayons .	the men are losing those fine crayon .
the guy shook this big car .	the guy shook this big cars .
the queen helped those helpful people .	the queen helped those helpful person .
the child helped these tall children .	the child helped these tall child .
the adult was shaking this small hat .	the adult was shaking this small hats .
the horse saw those boring children .	the horse saw those boring child .
the woman had kept these gray books .	the woman had kept these gray book .
the child is n't finding those boring cups .	the child is n't finding those boring cup .
the children may sell that cool hat .	the children may sell that cool hats .
the cars have n't broken that great glass .	the cars have n't broken that great glasses .
the person is talking about those important bowls .	the person is talking about those important bowl .
the lady was n't finding that cold shoe .	the lady was n't finding that cold shoes .
the dentist had thrown these hot bags .	the dentist had thrown these hot bag .
the person is n't running around this important room .	the person is n't running around this important rooms .
the boys have that cute button .	the boys have that cute buttons .
the person is n't thinking about this boring man .	the person is n't thinking about this boring men .
the dog must see these important buttons .	the dog must see these important button .
the ladies were losing these black crayons .	the ladies were losing these black crayon .
the teachers were helping these bored doctors .	the teachers were helping these bored doctor .
the queen is n't fixing those yellow candles .	the queen is n't fixing those yellow candle .
the teachers walk through those big schools .	the teachers walk through those big school .
the guy had n't kept these amazing crayons .	the guy had n't kept these amazing crayon .
the queen helps these strong doctors .	the queen helps these strong doctor .
the teacher knows those confused men .	the teacher knows those confused man .
the dolls must break these white trucks .	the dolls must break these white truck .
the ring breaks these gray beds .	the ring breaks these gray bed .
the woman loved that important picture .	the woman loved that important pictures .
the shoes break this broken plate .	the shoes break this broken plates .
the woman was n't thinking about that important bottle .	the woman was n't thinking about that important bottles .
the woman may talk about this boring box .	the woman may talk about this boring boxes .
the women are dropping this cute glass .	the women are dropping this cute glasses .
the teachers have made that new glass .	the teachers have made that new glasses .
the doctors can sound like this wrong horse .	the doctors can sound like this wrong horses .
the people forget these important trucks .	the people forget these important truck .
the queen had those small shirts .	the queen had those small shirt .
the teacher ran around those big rooms .	the teacher ran around those big room .
the woman kept those white dolls .	the woman kept those white doll .
the birds notice these boring candles .	the birds notice these boring candle .
the ladies hate that important chair .	the ladies hate that important chairs .
the teacher is cleaning that gray car .	the teacher is cleaning that gray cars .
the patient wo n't keep those great bottles .	the patient wo n't keep those great bottle .
the boys are moving that great hat .	the boys are moving that great hats .
the adult was teaching those lucky women .	the adult was teaching those lucky woman .
the bowl is n't breaking this broken book .	the bowl is n't breaking this broken books .
the birds will see this boring lady .	the birds will see this boring ladies .
the horse may think about those important forks .	the horse may think about those important fork .
the doctors dropped these white rings .	the doctors dropped these white ring .
the girls shake this black bowl .	the girls shake this black bowls .
the girls look like this curious horse .	the girls look like this curious horses .
the glass has broken that important hat .	the glass has broken that important hats .
the doctor throws that small fork .	the doctor throws that small forks .
the king broke those whole bottles .	the king broke those whole bottle .
the women were talking about this important plate .	the women were talking about this important plates .
the queen is n't bringing this awesome cup .	the queen is n't bringing this awesome cups .
the man ran around this old school .	the man ran around this old schools .
the man shook these orange crayons .	the man shook these orange crayon .
the people brought that new car .	the people brought that new cars .
the doctor knew that hungry boy .	the doctor knew that hungry boys .
the customer had n't dropped this important book .	the customer had n't dropped this important books .
the men had this fine cup .	the men had this fine cups .
the patient is n't thinking about this boring hat .	the patient is n't thinking about this boring hats .
the patient shook this amazing bottle .	the patient shook this amazing bottles .
the lady bothered these lucky men .	the lady bothered these lucky man .
the boy helped those young ladies .	the boy helped those young lady .
the children are taking these expensive shirts .	the children are taking these expensive shirt .
the hats break this big candle .	the hats break this big candles .
the cats have noticed those boring cars .	the cats have noticed those boring car .
the boxes broke these fine bags .	the boxes broke these fine bag .
the people threw those fine doors .	the people threw those fine door .
the boys are moving those black shirts .	the boys are moving those black shirt .
the dancer talks to those boring people .	the dancer talks to those boring person .
the person should n't buy these cute dolls .	the person should n't buy these cute doll .
the dentist moves this cute boat .	the dentist moves this cute boats .
the guy had n't dropped those whole books .	the guy had n't dropped those whole book .
the dogs were breaking this amazing car .	the dogs were breaking this amazing cars .
the bicycle may break this dry glass .	the bicycle may break this dry glasses .
the children were buying that cold crayon .	the children were buying that cold crayons .
the man has n't left these big rooms .	the man has n't left these big room .
the plates broke this purple picture .	the plates broke this purple pictures .
the teacher has kept this red book .	the teacher has kept this red books .
the adult knows those lucky rabbits .	the adult knows those lucky rabbit .
the man could make this missing candle .	the man could make this missing candles .
the women looked like those gentle women .	the women looked like those gentle woman .
the customer will think about these boring turtles .	the customer will think about these boring turtle .
the boy did n't find that dry shirt .	the boy did n't find that dry shirts .
the dentist would steal those awesome candles .	the dentist would steal those awesome candle .
the driver will hate those important bags .	the driver will hate those important bag .
the dentist has taken these small hats .	the dentist has taken these small hat .
the girl wo n't return to those important rooms .	the girl wo n't return to those important room .
the guys lift this amazing fork .	the guys lift this amazing forks .
the person drives to this small room .	the person drives to this small rooms .
the customer throws this fine car .	the customer throws this fine cars .
the lady must hear this wrong bird .	the lady must hear this wrong birds .
the man had n't held those amazing beds .	the man had n't held those amazing bed .
the children talk to those surprised girls .	the children talk to those surprised girl .
the queen had n't fixed these big shoes .	the queen had n't fixed these big shoe .
the guy was n't visiting this excited doctor .	the guy was n't visiting this excited doctors .
the doctor talked to this upset boy .	the doctor talked to this upset boys .
the plane breaks that new boat .	the plane breaks that new boats .
the teacher should clean these blue beds .	the teacher should clean these blue bed .
the child worried these healthy children .	the child worried these healthy child .
the dogs should n't forget that boring cat .	the dogs should n't forget that boring cats .
the teacher has n't worried those boring ladies .	the teacher has n't worried those boring lady .
the car is n't breaking these dry windows .	the car is n't breaking these dry window .
the adult should talk about this boring fork .	the adult should talk about this boring forks .
the girl has broken these dry spoons .	the girl has broken these dry spoon .
the man could break this awesome truck .	the man could break this awesome trucks .
the ladies were bothering this strong girl .	the ladies were bothering this strong girls .
the dolls had n't broken this cool bed .	the dolls had n't broken this cool beds .
the girls lose these yellow boats .	the girls lose these yellow boat .
the girls must drop those green dolls .	the girls must drop those green doll .
the king was n't leaving those big rooms .	the king was n't leaving those big room .
the shirts were n't breaking that big cup .	the shirts were n't breaking that big cups .
the girls held this new hat .	the girls held this new hats .
the girl could go to these big schools .	the girl could go to these big school .
the driver will bring those fine cars .	the driver will bring those fine car .
the man was helping that strong boy .	the man was helping that strong boys .
the boys sounded like these sleepy birds .	the boys sounded like these sleepy bird .
the men were talking about these important buttons .	the men were talking about these important button .
the ladies are n't teaching these strong children .	the ladies are n't teaching these strong child .
the queen wo n't walk through that new school .	the queen wo n't walk through that new schools .
the customer does n't hold these small bags .	the customer does n't hold these small bag .
the men love these important chairs .	the men love these important chair .
the teacher can see these important shoes .	the teacher can see these important shoe .
the girl takes these expensive glasses .	the girl takes these expensive glass .
the boy works with this boring girl .	the boy works with this boring girls .
the turtles love this boring bed .	the turtles love this boring beds .
the guys made this old bed .	the guys made this old beds .
the boy could n't break those amazing spoons .	the boy could n't break those amazing spoon .
the ladies do n't praise this kind child .	the ladies do n't praise this kind children .
the boys look like that tall person .	the boys look like that tall people .
the girls were n't going to this messy school .	the girls were n't going to this messy schools .
the girl hears this helpful guy .	the girl hears this helpful guys .
the girls could sell those white beds .	the girls could sell those white bed .
the customer has n't broken this cute window .	the customer has n't broken this cute windows .
the woman held this purple glass .	the woman held this purple glasses .
the men fix that black door .	the men fix that black doors .
the patient was n't keeping these important cups .	the patient was n't keeping these important cup .
the dancer found those cool crayons .	the dancer found those cool crayon .
the bicycle breaks that fine button .	the bicycle breaks that fine buttons .
the man does n't worry these kind boys .	the man does n't worry these kind boy .
the queen sees these important rings .	the queen sees these important ring .
the teachers take that gray bed .	the teachers take that gray beds .
the patient was n't listening to this careful person .	the patient was n't listening to this careful people .
the rocket was n't breaking these broken dolls .	the rocket was n't breaking these broken doll .
the cats could n't remember that boring mouse .	the cats could n't remember that boring mice .
the king looked like these helpful people .	the king looked like these helpful person .
the bird remembered those boring dolls .	the bird remembered those boring doll .
the child scared those tall boys .	the child scared those tall boy .
the doctors lift that cold car .	the doctors lift that cold cars .
the queen had n't helped these bored men .	the queen had n't helped these bored man .
the teachers have remembered that boring boy .	the teachers have remembered that boring boys .
the lady can n't scare those clever guys .	the lady can n't scare those clever guy .
the rabbit had n't seen that boring door .	the rabbit had n't seen that boring doors .
the dancer loves these boring windows .	the dancer loves these boring window .
the dentist should remember these boring rings .	the dentist should remember these boring ring .
the snakes saw this important horse .	the snakes saw this important horses .
the driver would love this boring car .	the driver would love this boring cars .
the hat had n't broken these big crayons .	the hat had n't broken these big crayon .
the dentist is n't shaking that red fork .	the dentist is n't shaking that red forks .
the dancer has n't broken these purple beds .	the dancer has n't broken these purple bed .
the bowls have n't broken this dry truck .	the bowls have n't broken this dry trucks .
the women lost those happy teachers .	the women lost those happy teacher .
the woman is throwing those small dolls .	the woman is throwing those small doll .
the children could work with these careful doctors .	the children could work with these careful doctor .
the boy had seen this important bowl .	the boy had seen this important bowls .
the adult has talked to this gentle man .	the adult has talked to this gentle men .
the book had broken this big door .	the book had broken this big doors .
the mouse broke these cool bowls .	the mouse broke these cool bowl .
the child taught those young doctors .	the child taught those young doctor .
the men thought about this boring turtle .	the men thought about this boring turtles .
the person could fix that awesome glass .	the person could fix that awesome glasses .
the horse noticed those boring cars .	the horse noticed those boring car .
the dancer lost those wrong women .	the dancer lost those wrong woman .
the cats break these amazing hats .	the cats break these amazing hat .
the hats had n't broken that whole book .	the hats had n't broken that whole books .
the boy took these expensive chairs .	the boy took these expensive chair .
the hamster sees this important turtle .	the hamster sees this important turtles .
the children were finding these boring bowls .	the children were finding these boring bowl .
the patient has n't moved that big candle .	the patient has n't moved that big candles .
the dancer had n't helped those angry men .	the dancer had n't helped those angry man .
the people went to those clean rooms .	the people went to those clean room .
the boys had n't lost those small cups .	the boys had n't lost those small cup .
the adult had these small dishes .	the adult had these small dish .
the doctor has made those great shoes .	the doctor has made those great shoe .
the doctors could make these amazing pictures .	the doctors could make these amazing picture .
the boy found those yellow forks .	the boy found those yellow fork .
the ladies could take that blue candle .	the ladies could take that blue candles .
the women had n't found this new shoe .	the women had n't found this new shoes .
the women were helping these kind boys .	the women were helping these kind boy .
the patient looked like these healthy boys .	the patient looked like these healthy boy .
the doctor is n't taking this awesome book .	the doctor is n't taking this awesome books .
the teachers have these cold bottles .	the teachers have these cold bottle .
the lady had n't worked with these nice girls .	the lady had n't worked with these nice girl .
the guy knows this happy man .	the guy knows this happy men .
the rabbit forgot these important teachers .	the rabbit forgot these important teacher .
the teacher scared this important doctor .	the teacher scared this important doctors .
the men should n't talk about these important bottles .	the men should n't talk about these important bottle .
the person has these red glasses .	the person has these red glass .
the dancer took that brown button .	the dancer took that brown buttons .
the woman shook those white cars .	the woman shook those white car .
the children were n't teaching those angry guys .	the children were n't teaching those angry guy .
the queen did n't lose that awesome bottle .	the queen did n't lose that awesome bottles .
the people bring that missing truck .	the people bring that missing trucks .
the guy understands these busy children .	the guy understands these busy child .
the hamster thought about those important boys .	the hamster thought about those important boy .
the king knew those surprised women .	the king knew those surprised woman .
the shoes were n't breaking this awesome car .	the shoes were n't breaking this awesome cars .
the women are making these blue dishes .	the women are making these blue dish .
the men hate these important beds .	the men hate these important bed .
the child will fix that cute doll .	the child will fix that cute dolls .
the doctors can visit that surprised person .	the doctors can visit that surprised people .
the people answer that wrong doctor .	the people answer that wrong doctors .
the woman was losing these old pictures .	the woman was losing these old picture .
the driver shakes this broken plate .	the driver shakes this broken plates .
the turtle should n't forget these boring books .	the turtle should n't forget these boring book .
the dancer had this great car .	the dancer had this great cars .
the buttons are breaking this dry ring .	the buttons are breaking this dry rings .
the lady has n't cleaned that orange box .	the lady has n't cleaned that orange boxes .
the women were n't throwing this yellow bowl .	the women were n't throwing this yellow bowls .
the child dropped that hot picture .	the child dropped that hot pictures .
the woman brings these orange boxes .	the woman brings these orange box .
the people had remembered those important windows .	the people had remembered those important window .
the person drops that missing spoon .	the person drops that missing spoons .
the teacher should n't make these white candles .	the teacher should n't make these white candle .
the king was n't making this dry cup .	the king was n't making this dry cups .
the mice love these important boys .	the mice love these important boy .
the lady has kept that whole shirt .	the lady has kept that whole shirts .
the doctor had run around this boring school .	the doctor had run around this boring schools .
the boy had n't taken that red dish .	the boy had n't taken that red dishes .
the boat was breaking these dry buttons .	the boat was breaking these dry button .
the cars are breaking those hot hats .	the cars are breaking those hot hat .
the ladies listen to those tired guys .	the ladies listen to those tired guy .
the teachers are n't listening to this curious man .	the teachers are n't listening to this curious men .
the boy was shaking these red boxes .	the boy was shaking these red box .
the men had n't brought that green chair .	the men had n't brought that green chairs .
the adult looked like these quiet doctors .	the adult looked like these quiet doctor .
the people had found these confused doctors .	the people had found these confused doctor .
the book is breaking that cool box .	the book is breaking that cool boxes .
the customer would buy that orange fork .	the customer would buy that orange forks .
the teacher was talking to that wrong girl .	the teacher was talking to that wrong girls .
the child has n't lost these green trucks .	the child has n't lost these green truck .
the women are n't teaching this tall guy .	the women are n't teaching this tall guys .
the teachers were talking to that sleepy man .	the teachers were talking to that sleepy men .
the guys dropped these white rings .	the guys dropped these white ring .
the children bother those strong guys .	the children bother those strong guy .
the guys have n't bothered these young girls .	the guys have n't bothered these young girl .
the lady should n't answer this surprised woman .	the lady should n't answer this surprised women .
the boys are bothering this gentle child .	the boys are bothering this gentle children .
the driver is n't buying those small books .	the driver is n't buying those small book .
the guys went to that new school .	the guys went to that new schools .
the horses have n't noticed that boring boy .	the horses have n't noticed that boring boys .
the man has n't heard those tired snakes .	the man has n't heard those tired snake .
the bowl has broken that yellow glass .	the bowl has broken that yellow glasses .
the adult could n't praise that wrong man .	the adult could n't praise that wrong men .
the teacher wo n't listen to this busy teacher .	the teacher wo n't listen to this busy teachers .
the girl has n't answered those nice women .	the girl has n't answered those nice woman .
the boys did n't shake these cold dolls .	the boys did n't shake these cold doll .
the car had n't broken that broken bed .	the car had n't broken that broken beds .
the ladies shook those old cups .	the ladies shook those old cup .
the king breaks that big hat .	the king breaks that big hats .
the boy knows that lucky cat .	the boy knows that lucky cats .
the queen scared those bored boys .	the queen scared those bored boy .
the guys bothered that careful teacher .	the guys bothered that careful teachers .
the doctor wo n't sound like those helpful turtles .	the doctor wo n't sound like those helpful turtle .
the children will return to these big schools .	the children will return to these big school .
the mouse sees those important windows .	the mouse sees those important window .
the girls should fix this amazing spoon .	the girls should fix this amazing spoons .
the candles must break those broken hats .	the candles must break those broken hat .
the girl had lost these purple bags .	the girl had lost these purple bag .
the toys broke that white glass .	the toys broke that white glasses .
the people might understand this sleepy doctor .	the people might understand this sleepy doctors .
the cat loves those boring books .	the cat loves those boring book .
the queen must find these orange shoes .	the queen must find these orange shoe .
the ring breaks that gray door .	the ring breaks that gray doors .
the doctor liked this important fork .	the doctor liked this important forks .
the people break these green glasses .	the people break these green glass .
the bowls may break that purple dish .	the bowls may break that purple dishes .
the person shook those important spoons .	the person shook those important spoon .
the ladies had made these gray books .	the ladies had made these gray book .
the men hear that careful boy .	the men hear that careful boys .
the boy has gone to this clean school .	the boy has gone to this clean schools .
the children are n't listening to these upset guys .	the children are n't listening to these upset guy .
the window may break this hot shoe .	the window may break this hot shoes .
the adult must sound like this nice guy .	the adult must sound like this nice guys .
the girl had n't fixed this expensive shoe .	the girl had n't fixed this expensive shoes .
the child shook these whole shoes .	the child shook these whole shoe .
the ladies were cleaning those old boxes .	the ladies were cleaning those old box .
the mouse should love this boring plate .	the mouse should love this boring plates .
the teacher had scared that excited girl .	the teacher had scared that excited girls .
the queen could clean that boring bowl .	the queen could clean that boring bowls .
the king has dropped those purple shoes .	the king has dropped those purple shoe .
the crayons have n't broken this old book .	the crayons have n't broken this old books .
the boy is n't keeping that black bowl .	the boy is n't keeping that black bowls .
the rabbits like this boring doctor .	the rabbits like this boring doctors .
the dentist knows that healthy child .	the dentist knows that healthy children .
the plane should n't break that missing car .	the plane should n't break that missing cars .
the driver does n't answer these curious guys .	the driver does n't answer these curious guy .
the teachers praise that lucky boy .	the teachers praise that lucky boys .
the buttons had n't broken that orange book .	the buttons had n't broken that orange books .
the people have n't broken that missing box .	the people have n't broken that missing boxes .
the man keeps that blue hat .	the man keeps that blue hats .
the ladies should clean this fine bottle .	the ladies should clean this fine bottles .
the doctor was n't talking about these boring snakes .	the doctor was n't talking about these boring snake .
the customer has broken this new picture .	the customer has broken this new pictures .
the people made that green glass .	the people made that green glasses .
the boxes broke that cool toy .	the boxes broke that cool toys .
the guy heard this angry mouse .	the guy heard this angry mice .
the king lost those fine boxes .	the king lost those fine box .
the queen shook that small book .	the queen shook that small books .
the boys passed those big rooms .	the boys passed those big room .
the girl might shake those white dolls .	the girl might shake those white doll .
the men wo n't know these careful guys .	the men wo n't know these careful guy .
the person has n't gone to these clean rooms .	the person has n't gone to these clean room .
the women thought about this boring doll .	the women thought about this boring dolls .
the dancer should know those young women .	the dancer should know those young woman .
the customer had n't talked to these nice men .	the customer had n't talked to these nice man .
the lady broke this brown car .	the lady broke this brown cars .
the guys talked to this wrong lady .	the guys talked to this wrong ladies .
the patient sounds like those kind girls .	the patient sounds like those kind girl .
the rabbits liked these important doctors .	the rabbits liked these important doctor .
the woman was bothering these clever ladies .	the woman was bothering these clever lady .
the people could n't throw this cool toy .	the people could n't throw this cool toys .
the driver had n't lost those big books .	the driver had n't lost those big book .
the people can keep this white shirt .	the people can keep this white shirts .
the guys did n't bother this hungry person .	the guys did n't bother this hungry people .
the girl scared that friendly guy .	the girl scared that friendly guys .
the girls hear that clever doctor .	the girls hear that clever doctors .
the girl would n't care for this lucky person .	the girl would n't care for this lucky people .
the men heard this confused girl .	the men heard this confused girls .
the customer can know these tall girls .	the customer can know these tall girl .
the dentist has held that dry cup .	the dentist has held that dry cups .
the man is n't dropping those expensive bowls .	the man is n't dropping those expensive bowl .
the doctor does n't look like these boring cats .	the doctor does n't look like these boring cat .
the ladies know this tired man .	the ladies know this tired men .
the customer has dropped those great bottles .	the customer has dropped those great bottle .
the girl is bringing these new bowls .	the girl is bringing these new bowl .
the king lost that whole toy .	the king lost that whole toys .
the bird has thought about that boring bed .	the bird has thought about that boring beds .
the man had thrown that purple button .	the man had thrown that purple buttons .
the lady should lift this big cup .	the lady should lift this big cups .
the guys scared this lucky doctor .	the guys scared this lucky doctors .
the women are throwing those brown rings .	the women are throwing those brown ring .
the person shakes those important windows .	the person shakes those important window .
the horse breaks that broken bowl .	the horse breaks that broken bowls .
the child worked with these tired people .	the child worked with these tired person .
the men cleaned those important boxes .	the men cleaned those important box .
the girls have dropped this small bag .	the girls have dropped this small bags .
the lady has n't brought that orange bottle .	the lady has n't brought that orange bottles .
the button broke these dry rings .	the button broke these dry ring .
the women must have this red chair .	the women must have this red chairs .
the men were n't losing those white shirts .	the men were n't losing those white shirt .
the dentist is n't helping these lucky women .	the dentist is n't helping these lucky woman .
the woman had n't fixed these missing trucks .	the woman had n't fixed these missing truck .
the woman has walked through that small school .	the woman has walked through that small schools .
the boy looks like that hungry cat .	the boy looks like that hungry cats .
the boy is visiting these wrong children .	the boy is visiting these wrong child .
the children must lose those cute shirts .	the children must lose those cute shirt .
the doctor has n't fixed these big toys .	the doctor has n't fixed these big toy .
the king can love those important ladies .	the king can love those important lady .
the people are n't talking to that tired lady .	the people are n't talking to that tired ladies .
the children sell that amazing candle .	the children sell that amazing candles .
the teacher worked with these tall doctors .	the teacher worked with these tall doctor .
the customer can n't answer those friendly girls .	the customer can n't answer those friendly girl .
the fork has n't broken that great chair .	the fork has n't broken that great chairs .
the guy might like these important teachers .	the guy might like these important teacher .
the children could n't lift these big bottles .	the children could n't lift these big bottle .
the man found these hungry boys .	the man found these hungry boy .
the teacher is holding those cute bowls .	the teacher is holding those cute bowl .
the boys remembered those boring trucks .	the boys remembered those boring truck .
the men are finding these purple beds .	the men are finding these purple bed .
the bicycle is n't breaking these gray bowls .	the bicycle is n't breaking these gray bowl .
the mouse breaks those green rings .	the mouse breaks those green ring .
the doctor can remember this boring doctor .	the doctor can remember this boring doctors .
the doctors have n't cleaned these hot glasses .	the doctors have n't cleaned these hot glass .
the guys wo n't pass those boring rooms .	the guys wo n't pass those boring room .
the driver is losing those amazing crayons .	the driver is losing those amazing crayon .
the customer looks like that sleepy dog .	the customer looks like that sleepy dogs .
the guy helped these curious people .	the guy helped these curious person .
the glasses were n't breaking this black spoon .	the glasses were n't breaking this black spoons .
the snake breaks those cute forks .	the snake breaks those cute fork .
the men do n't scare this nice person .	the men do n't scare this nice people .
the guy is bringing these green shoes .	the guy is bringing these green shoe .
the guy holds these missing shirts .	the guy holds these missing shirt .
the girls made those yellow crayons .	the girls made those yellow crayon .
the girl had made these brown cars .	the girl had made these brown car .
the doctor must remember these important boxes .	the doctor must remember these important box .
the king would clean that important car .	the king would clean that important cars .
the teachers pass this old school .	the teachers pass this old schools .
the women lift those red pictures .	the women lift those red picture .
the guys make this awesome window .	the guys make this awesome windows .
the girls may praise those surprised people .	the girls may praise those surprised person .
the girls teach this gentle man .	the girls teach this gentle men .
the girls had held those cute crayons .	the girls had held those cute crayon .
the doctor could n't sell that missing car .	the doctor could n't sell that missing cars .
the men have those amazing pictures .	the men have those amazing picture .
the guy must lift those great trucks .	the guy must lift those great truck .
the girl has n't found that white ring .	the girl has n't found that white rings .
the guy wo n't visit these important people .	the guy wo n't visit these important person .
the guy bought that amazing cup .	the guy bought that amazing cups .
the patient may sell those great shirts .	the patient may sell those great shirt .
the king had answered those excited doctors .	the king had answered those excited doctor .
the guys had thought about this important spoon .	the guys had thought about this important spoons .
the children were n't holding these whole pictures .	the children were n't holding these whole picture .
the girls are n't bringing that yellow plate .	the girls are n't bringing that yellow plates .
the guys are taking this boring bottle .	the guys are taking this boring bottles .
the shoe is breaking that black door .	the shoe is breaking that black doors .
the dancer might remember those important women .	the dancer might remember those important woman .
the plates are breaking those missing glasses .	the plates are breaking those missing glass .
the person loved this boring plate .	the person loved this boring plates .
the patient is shaking that hot chair .	the patient is shaking that hot chairs .
the child would n't sell those dry hats .	the child would n't sell those dry hat .
the patient confused these healthy guys .	the patient confused these healthy guy .
the man lost these brown cups .	the man lost these brown cup .
the people shake that amazing box .	the people shake that amazing boxes .
the doctors were n't dropping that fine box .	the doctors were n't dropping that fine boxes .
the dancer sounds like these angry ladies .	the dancer sounds like these angry lady .
the man was thinking about this boring window .	the man was thinking about this boring windows .
the women had cleaned that boring shoe .	the women had cleaned that boring shoes .
the man may talk to these strong women .	the man may talk to these strong woman .
the person bothered this happy child .	the person bothered this happy children .
the people helped those strong people .	the people helped those strong person .
the guy talked about that important door .	the guy talked about that important doors .
the bowl broke these cold books .	the bowl broke these cold book .
the doctors broke these gray shirts .	the doctors broke these gray shirt .
the customer could hold these white beds .	the customer could hold these white bed .
the doctor has bothered these happy doctors .	the doctor has bothered these happy doctor .
the doctors were n't buying those boring books .	the doctors were n't buying those boring book .
the teacher drops this orange glass .	the teacher drops this orange glasses .
the guys were buying that blue plate .	the guys were buying that blue plates .
the boys praise those healthy children .	the boys praise those healthy child .
the rocket can break those brown doors .	the rocket can break those brown door .
the customer will talk to that wrong doctor .	the customer will talk to that wrong doctors .
the woman did n't take that brown hat .	the woman did n't take that brown hats .
the guys praise this young man .	the guys praise this young men .
the men lift these awesome cups .	the men lift these awesome cup .
the dancer heard those kind girls .	the dancer heard those kind girl .
the king will bring those purple boats .	the king will bring those purple boat .
the men do n't talk to that boring girl .	the men do n't talk to that boring girls .
the king talked about those important dogs .	the king talked about those important dog .
the ship broke those gray shirts .	the ship broke those gray shirt .
the teachers would like this boring boat .	the teachers would like this boring boats .
the boy kept that fine boat .	the boy kept that fine boats .
the teachers were breaking that brown cup .	the teachers were breaking that brown cups .
the men are n't thinking about those boring toys .	the men are n't thinking about those boring toy .
the doctors can buy that cold book .	the doctors can buy that cold books .
the patient may clean those new chairs .	the patient may clean those new chair .
the girl has n't taught this careful man .	the girl has n't taught this careful men .
the box broke that small door .	the box broke that small doors .
the boy lost this helpful lady .	the boy lost this helpful ladies .
the boys scared that wrong lady .	the boys scared that wrong ladies .
the girls could scare that tired doctor .	the girls could scare that tired doctors .
the truck breaks those big boats .	the truck breaks those big boat .
the doctor lost this bored doctor .	the doctor lost this bored doctors .
the women have broken this hot doll .	the women have broken this hot dolls .
the guys lost those gentle children .	the guys lost those gentle child .
the teacher can n't think about this boring bottle .	the teacher can n't think about this boring bottles .
the glasses had broken those blue dishes .	the glasses had broken those blue dish .
the fork broke that small toy .	the fork broke that small toys .
the children are throwing this amazing truck .	the children are throwing this amazing trucks .
the girls would shake that blue hat .	the girls would shake that blue hats .
the women appreciate those healthy doctors .	the women appreciate those healthy doctor .
the customer takes those great beds .	the customer takes those great bed .
the girl should n't go to those boring schools .	the girl should n't go to those boring school .
the person has this cold cup .	the person has this cold cups .
the person is losing those important boats .	the person is losing those important boat .
the guys have found these missing beds .	the guys have found these missing bed .
the women praise this lucky man .	the women praise this lucky men .
the teachers had n't held this fine glass .	the teachers had n't held this fine glasses .
the guys are n't bringing these purple spoons .	the guys are n't bringing these purple spoon .
the boy fixed that small book .	the boy fixed that small books .
the mouse noticed these boring men .	the mouse noticed these boring man .
the teacher is bringing those whole dishes .	the teacher is bringing those whole dish .
the spoon broke that green chair .	the spoon broke that green chairs .
the ladies see this important bed .	the ladies see this important beds .
the women were walking through those new rooms .	the women were walking through those new room .
the car broke these orange books .	the car broke these orange book .
the doctor was n't talking to those quiet boys .	the doctor was n't talking to those quiet boy .
the dentist is n't helping those smart people .	the dentist is n't helping those smart person .
the queen sounds like that friendly person .	the queen sounds like that friendly people .
the ladies have n't talked about those important ladies .	the ladies have n't talked about those important lady .
the doctors held this blue candle .	the doctors held this blue candles .
the girls were bothering those hungry boys .	the girls were bothering those hungry boy .
the hat had n't broken these purple glasses .	the hat had n't broken these purple glass .
the women do n't steal that blue cup .	the women do n't steal that blue cups .
the snake thinks about those important chairs .	the snake thinks about those important chair .
the children scare that angry man .	the children scare that angry men .
the people could sound like these young girls .	the people could sound like these young girl .
the dogs break these cool candles .	the dogs break these cool candle .
the person threw this boring crayon .	the person threw this boring crayons .
the teacher is throwing those boring cars .	the teacher is throwing those boring car .
the people threw this important shoe .	the people threw this important shoes .
the teacher threw those fine crayons .	the teacher threw those fine crayon .
the girls praise these tall children .	the girls praise these tall child .
the lady would love these important cups .	the lady would love these important cup .
the driver was n't helping this gentle woman .	the driver was n't helping this gentle women .
the guy thought about that boring toy .	the guy thought about that boring toys .
the teachers will find those expensive books .	the teachers will find those expensive book .
the teachers are shaking those missing pictures .	the teachers are shaking those missing picture .
the child has n't found that whole cup .	the child has n't found that whole cups .
the boys wo n't know that surprised bird .	the boys wo n't know that surprised birds .
the customer likes this boring dog .	the customer likes this boring dogs .
the girls are working with this lucky boy .	the girls are working with this lucky boys .
the women had n't walked through those new schools .	the women had n't walked through those new school .
the girl made this awesome spoon .	the girl made this awesome spoons .
the dentist thought about this important fork .	the dentist thought about this important forks .
the children could n't visit these clever teachers .	the children could n't visit these clever teacher .
the men are n't keeping this cute car .	the men are n't keeping this cute cars .
the dentist cleaned this cool candle .	the dentist cleaned this cool candles .
the shoes have broken these whole glasses .	the shoes have broken these whole glass .
the patient could break that yellow glass .	the patient could break that yellow glasses .
the man must run around this new room .	the man must run around this new rooms .
the driver can n't bother that confused teacher .	the driver can n't bother that confused teachers .
the dentist had dropped those purple doors .	the dentist had dropped those purple door .
the woman made those missing dolls .	the woman made those missing doll .
the driver had brought these broken trucks .	the driver had brought these broken truck .
the child would shake that yellow bottle .	the child would shake that yellow bottles .
the cups are n't breaking those yellow forks .	the cups are n't breaking those yellow fork .
the girls talk about this important button .	the girls talk about this important buttons .
the doctor found this kind girl .	the doctor found this kind girls .
the men are thinking about those important rings .	the men are thinking about those important ring .
the dancer had heard this lucky girl .	the dancer had heard this lucky girls .
the girls visited this smart girl .	the girls visited this smart girls .
the ladies are holding these brown cups .	the ladies are holding these brown cup .
the cat has broken that new book .	the cat has broken that new books .
the men walked through that boring school .	the men walked through that boring schools .
the customer has that gray doll .	the customer has that gray dolls .
the customer must have that yellow doll .	the customer must have that yellow dolls .
the woman is walking through this messy school .	the woman is walking through this messy schools .
the guy would lift those yellow candles .	the guy would lift those yellow candle .
the queen loved these boring birds .	the queen loved these boring bird .
the rabbit broke this yellow dish .	the rabbit broke this yellow dishes .
the doctors must look like these nice people .	the doctors must look like these nice person .
the person does n't keep that green bowl .	the person does n't keep that green bowls .
the doctor is n't shaking this awesome car .	the doctor is n't shaking this awesome cars .
the boys steal those purple windows .	the boys steal those purple window .
the woman keeps this cool bag .	the woman keeps this cool bags .
the child will move that fine glass .	the child will move that fine glasses .
the teachers like those boring toys .	the teachers like those boring toy .
the dancer wo n't lose that yellow truck .	the dancer wo n't lose that yellow trucks .
the dogs are n't breaking that awesome fork .	the dogs are n't breaking that awesome forks .
the doctor walked through this clean school .	the doctor walked through this clean schools .
the teacher is keeping those whole bags .	the teacher is keeping those whole bag .
the woman could appreciate that tall man .	the woman could appreciate that tall men .
the adult sounds like this friendly rabbit .	the adult sounds like this friendly rabbits .
the doctor bothered this tired teacher .	the doctor bothered this tired teachers .
the dancer had held this purple book .	the dancer had held this purple books .
the doctor lost these old books .	the doctor lost these old book .
the patient helps that young boy .	the patient helps that young boys .
the dish would break those orange spoons .	the dish would break those orange spoon .
the adult wo n't clean those red hats .	the adult wo n't clean those red hat .
the guys are visiting these tired guys .	the guys are visiting these tired guy .
the teacher was shaking these orange crayons .	the teacher was shaking these orange crayon .
the ladies had n't made that purple door .	the ladies had n't made that purple doors .
the king talked to this strong boy .	the king talked to this strong boys .
the guys break these whole beds .	the guys break these whole bed .
the guy has these awesome buttons .	the guy has these awesome button .
the guy has lost that happy guy .	the guy has lost that happy guys .
the person may shake this yellow candle .	the person may shake this yellow candles .
the chair breaks those whole books .	the chair breaks those whole book .
the woman brought those green cars .	the woman brought those green car .
the ladies bothered those tall doctors .	the ladies bothered those tall doctor .
the child does n't talk about this important snake .	the child does n't talk about this important snakes .
the women have n't cleaned these cold doors .	the women have n't cleaned these cold door .
the boy should sound like this curious child .	the boy should sound like this curious children .
the teachers can hear that busy guy .	the teachers can hear that busy guys .
the picture was breaking this amazing plate .	the picture was breaking this amazing plates .
the ring is n't breaking these important doors .	the ring is n't breaking these important door .
the child has n't bought this important crayon .	the child has n't bought this important crayons .
the patient keeps those expensive books .	the patient keeps those expensive book .
the doctors should n't sound like those curious horses .	the doctors should n't sound like those curious horse .
the dancer has n't visited these curious people .	the dancer has n't visited these curious person .
the dancer worked with these careful doctors .	the dancer worked with these careful doctor .
the boy is talking about this boring book .	the boy is talking about this boring books .
the woman lost these white hats .	the woman lost these white hat .
the guy is n't dropping these white beds .	the guy is n't dropping these white bed .
the turtle is thinking about these important books .	the turtle is thinking about these important book .
the adult does n't sound like this quiet girl .	the adult does n't sound like this quiet girls .
the king had bothered this careful person .	the king had bothered this careful people .
the people can keep those small plates .	the people can keep those small plate .
the doctors are n't buying that broken window .	the doctors are n't buying that broken windows .
the bed may break this big hat .	the bed may break this big hats .
the girls did n't help that sleepy man .	the girls did n't help that sleepy men .
the teacher likes this boring doll .	the teacher likes this boring dolls .
the girl shook those gray glasses .	the girl shook those gray glass .
the lady can drop that red bowl .	the lady can drop that red bowls .
the women are n't teaching that tall person .	the women are n't teaching that tall people .
the doctor can n't look like these excited teachers .	the doctor can n't look like these excited teacher .
the boxes broke this gray hat .	the boxes broke this gray hats .
the queen was keeping those cute spoons .	the queen was keeping those cute spoon .
the dancer ran around those small schools .	the dancer ran around those small school .
the women can take that hot truck .	the women can take that hot trucks .
the driver does n't sell this red bottle .	the driver does n't sell this red bottles .
the dentist makes that old cup .	the dentist makes that old cups .
the doctor has n't moved those black windows .	the doctor has n't moved those black window .
the ladies were n't bringing those orange shirts .	the ladies were n't bringing those orange shirt .
the woman found that awesome toy .	the woman found that awesome toys .
the men would n't praise those gentle guys .	the men would n't praise those gentle guy .
the teachers do n't break those white rings .	the teachers do n't break those white ring .
the children can find those blue boxes .	the children can find those blue box .
the cats broke these gray cars .	the cats broke these gray car .
the fork was breaking that green truck .	the fork was breaking that green trucks .
the cats have n't thought about that boring boat .	the cats have n't thought about that boring boats .
the girls did n't answer this confused child .	the girls did n't answer this confused children .
the boy fixed this red bowl .	the boy fixed this red bowls .
the doctors teach this quiet lady .	the doctors teach this quiet ladies .
the girls could understand this happy boy .	the girls could understand this happy boys .
the child does n't listen to that upset person .	the child does n't listen to that upset people .
the doctors like this important box .	the doctors like this important boxes .
the cars broke these white books .	the cars broke these white book .
the women were n't teaching this helpful lady .	the women were n't teaching this helpful ladies .
the boy drives to these small rooms .	the boy drives to these small room .
the teachers have thought about those boring guys .	the teachers have thought about those boring guy .
the car broke those new books .	the car broke those new book .
the teacher drops this small car .	the teacher drops this small cars .
the woman was helping this happy doctor .	the woman was helping this happy doctors .
the girl has n't helped this excited lady .	the girl has n't helped this excited ladies .
the driver scared these boring girls .	the driver scared these boring girl .
the king has talked about this boring fork .	the king has talked about this boring forks .
the children were buying those orange plates .	the children were buying those orange plate .
the candles break this gray button .	the candles break this gray buttons .
the women cleaned this dry door .	the women cleaned this dry doors .
the boy can clean those hot candles .	the boy can clean those hot candle .
the teacher will look like that hungry rabbit .	the teacher will look like that hungry rabbits .
the doctor did n't keep these new shoes .	the doctor did n't keep these new shoe .
the boys are dropping those yellow shirts .	the boys are dropping those yellow shirt .
the chairs are n't breaking those hot plates .	the chairs are n't breaking those hot plate .
the hamster was breaking that big button .	the hamster was breaking that big buttons .
the pictures broke that important truck .	the pictures broke that important trucks .
the turtles could n't think about those boring shoes .	the turtles could n't think about those boring shoe .
the children shake this brown box .	the children shake this brown boxes .
the queen is teaching those upset teachers .	the queen is teaching those upset teacher .
the boys should n't leave those boring schools .	the boys should n't leave those boring school .
the boy had n't seen this important turtle .	the boy had n't seen this important turtles .
the girl has made these red boats .	the girl has made these red boat .
the dentist looked like these busy teachers .	the dentist looked like these busy teacher .
the queen is taking these brown rings .	the queen is taking these brown ring .
the people notice that important window .	the people notice that important windows .
the customer heard that friendly woman .	the customer heard that friendly women .
the doctors throw that awesome plate .	the doctors throw that awesome plates .
the man talked about those important cars .	the man talked about those important car .
the teacher is taking these cold bottles .	the teacher is taking these cold bottle .
the customer could n't lift this red shirt .	the customer could n't lift this red shirts .
the dancer had n't bought those cute windows .	the dancer had n't bought those cute window .
the women fix that cold window .	the women fix that cold windows .
the dancer has n't confused those quiet women .	the dancer has n't confused those quiet woman .
the child sounds like these nice people .	the child sounds like these nice person .
the dancer found this missing glass .	the dancer found this missing glasses .
the dog would remember this boring hat .	the dog would remember this boring hats .
the turtle liked these important cats .	the turtle liked these important cat .
the children were cleaning these small cars .	the children were cleaning these small car .
the women are throwing this gray bag .	the women are throwing this gray bags .
the king hears these healthy birds .	the king hears these healthy bird .
the mirror will break those cool boats .	the mirror will break those cool boat .
the women had n't confused this nice teacher .	the women had n't confused this nice teachers .
the guy may appreciate those careful men .	the guy may appreciate those careful man .
the children were fixing those white cars .	the children were fixing those white car .
the patient dropped this cool bottle .	the patient dropped this cool bottles .
the doctor had held this missing bottle .	the doctor had held this missing bottles .
the boys worry this boring woman .	the boys worry this boring women .
the girls listen to these surprised people .	the girls listen to these surprised person .
the person shook these red plates .	the person shook these red plate .
the king is making these orange candles .	the king is making these orange candle .
the guys find this brown crayon .	the guys find this brown crayons .
the women will know these angry boys .	the women will know these angry boy .
the dentist liked these boring buttons .	the dentist liked these boring button .
the king bought these cute forks .	the king bought these cute fork .
the adult will care for those clever doctors .	the adult will care for those clever doctor .
the doctor has thrown these new dolls .	the doctor has thrown these new doll .
the queen would bother these bored people .	the queen would bother these bored person .
the guy has n't found that old book .	the guy has n't found that old books .
the guys forgot those boring teachers .	the guys forgot those boring teacher .
the boats break that old window .	the boats break that old windows .
the books were breaking that purple chair .	the books were breaking that purple chairs .
the person brought this old spoon .	the person brought this old spoons .
the boy should lose this gray box .	the boy should lose this gray boxes .
the king is n't bothering that busy teacher .	the king is n't bothering that busy teachers .
the patient is talking to these helpful men .	the patient is talking to these helpful man .
the king lost this careful teacher .	the king lost this careful teachers .
the doctor was breaking that important cup .	the doctor was breaking that important cups .
the men found these boring teachers .	the men found these boring teacher .
the patient walks through those old schools .	the patient walks through those old school .
the horse thinks about those important toys .	the horse thinks about those important toy .
the people would run around that important school .	the people would run around that important schools .
the girl looks like this gentle woman .	the girl looks like this gentle women .
the driver understands those bored ladies .	the driver understands those bored lady .
the patient can n't help these healthy men .	the patient can n't help these healthy man .
the lady was breaking that fine dish .	the lady was breaking that fine dishes .
the ladies have helped this young guy .	the ladies have helped this young guys .
the woman would n't notice those boring toys .	the woman would n't notice those boring toy .
the ladies pass that old room .	the ladies pass that old rooms .
the teachers noticed those boring turtles .	the teachers noticed those boring turtle .
the girls bought that important shoe .	the girls bought that important shoes .
the crayons broke that new car .	the crayons broke that new cars .
the customer talks to that wrong man .	the customer talks to that wrong men .
the person can throw those awesome bags .	the person can throw those awesome bag .
the people are n't walking through this old room .	the people are n't walking through this old rooms .
the teachers look like those healthy men .	the teachers look like those healthy man .
the doctors bring these white cars .	the doctors bring these white car .
the boxes are n't breaking this black toy .	the boxes are n't breaking this black toys .
the hamster was n't breaking this cute plate .	the hamster was n't breaking this cute plates .
the rocket breaks that green car .	the rocket breaks that green cars .
the girls did n't clean this fine bowl .	the girls did n't clean this fine bowls .
the candle breaks this gray hat .	the candle breaks this gray hats .
the teacher has n't found these whole crayons .	the teacher has n't found these whole crayon .
the toy broke those great rings .	the toy broke those great ring .
the lady should n't take those dry windows .	the lady should n't take those dry window .
the glasses would break these fine crayons .	the glasses would break these fine crayon .
the child did n't talk about this important shoe .	the child did n't talk about this important shoes .
the men understand these tall women .	the men understand these tall woman .
the king works with those hungry people .	the king works with those hungry person .
the girl scares that busy lady .	the girl scares that busy ladies .
the girls will clean that big toy .	the girls will clean that big toys .
the girl thought about those boring toys .	the girl thought about those boring toy .
the boys go to that important school .	the boys go to that important schools .
the child has helped that clever teacher .	the child has helped that clever teachers .
the ladies look like these friendly people .	the ladies look like these friendly person .
the woman could scare those important boys .	the woman could scare those important boy .
the child moved these white pictures .	the child moved these white picture .
the bottles can break these big toys .	the bottles can break these big toy .
the girls are n't shaking that cold plate .	the girls are n't shaking that cold plates .
the button can break those big dishes .	the button can break those big dish .
the patient had n't held this awesome shirt .	the patient had n't held this awesome shirts .
the boys should n't lift these blue hats .	the boys should n't lift these blue hat .
the guys must take that dry shoe .	the guys must take that dry shoes .
the driver was helping this tall lady .	the driver was helping this tall ladies .
the boy sounded like those wrong guys .	the boy sounded like those wrong guy .
the guys understand this careful girl .	the guys understand this careful girls .
the picture could n't break these old shirts .	the picture could n't break these old shirt .
the adult moves these black plates .	the adult moves these black plate .
the dancer did n't praise that kind girl .	the dancer did n't praise that kind girls .
the horses may remember that boring boat .	the horses may remember that boring boats .
the queen has heard those busy birds .	the queen has heard those busy bird .
the box had n't broken those blue forks .	the box had n't broken those blue fork .
the snakes had n't noticed these important windows .	the snakes had n't noticed these important window .
the women worked with this boring woman .	the women worked with this boring women .
the people kept this important book .	the people kept this important books .
the girls had remembered those important shoes .	the girls had remembered those important shoe .
the woman stole that black ring .	the woman stole that black rings .
the men have n't found these white chairs .	the men have n't found these white chair .
the queen brought that big bed .	the queen brought that big beds .
the dancer had n't passed these boring schools .	the dancer had n't passed these boring school .
the customer does n't take those blue trucks .	the customer does n't take those blue truck .
the boys did n't drop this amazing glass .	the boys did n't drop this amazing glasses .
the men did n't hate this boring book .	the men did n't hate this boring books .
the men threw these brown toys .	the men threw these brown toy .
the driver talked about those important boxes .	the driver talked about those important box .
the lady might talk to this boring man .	the lady might talk to this boring men .
the king was talking to those wrong children .	the king was talking to those wrong child .
the hamster could n't break that whole shirt .	the hamster could n't break that whole shirts .
the teachers are n't keeping this new box .	the teachers are n't keeping this new boxes .
the ladies were n't thinking about this important person .	the ladies were n't thinking about this important people .
the girls sell these amazing rings .	the girls sell these amazing ring .
the customer has seen this boring cup .	the customer has seen this boring cups .
the men can n't visit this clever guy .	the men can n't visit this clever guys .
