the boy had bothered these men .	the boy had bothered this men .
the driver walked through this kitchen .	the driver walked through these kitchen .
the girl moves those spoons .	the girl moves that spoons .
the customer dropped those boxes .	the customer dropped that boxes .
the teacher goes to that school .	the teacher goes to those school .
the doctors hold those books .	the doctors hold that books .
the doctor is n't visiting that king .	the doctor is n't visiting those king .
the boy had n't brought that chair .	the boy had n't brought those chair .
the queen is walking through those schools .	the queen is walking through that schools .
the teachers shake this bed .	the teachers shake these bed .
the women did n't find those candles .	the women did n't find that candles .
the horse had seen that cat .	the horse had seen those cat .
the doctor could n't teach these guys .	the doctor could n't teach this guys .
the king went to that museum .	the king went to those museum .
the children talked about those buttons .	the children talked about that buttons .
the adult had n't heard those teachers .	the adult had n't heard that teachers .
the patient does n't clean that plate .	the patient does n't clean those plate .
the adult had n't talked about those boxes .	the adult had n't talked about that boxes .
the driver holds this crayon .	the driver holds these crayon .
the bird could n't break this book .	the bird could n't break these book .
the ladies had n't seen this man .	the ladies had n't seen these man .
the teachers should lose that rocket .	the teachers should lose those rocket .
the person walks through this library .	the person walks through these library .
the boy did n't forget these glasses .	the boy did n't forget this glasses .
the people may bother those teachers .	the people may bother that teachers .
the teacher is running around that mall .	the teacher is running around those mall .
the man sounds like this king .	the man sounds like these king .
the people bother those people .	the people bother that people .
the mice have n't remembered that queen .	the mice have n't remembered those queen .
the girl is n't listening to this king .	the girl is n't listening to these king .
the queen looks like those rabbits .	the queen looks like that rabbits .
the teachers have answered those people .	the teachers have answered that people .
the women had thrown these boats .	the women had thrown this boats .
the woman keeps those bags .	the woman keeps that bags .
the dentist had n't heard these women .	the dentist had n't heard this women .
the dentist has n't lost this girl .	the dentist has n't lost these girl .
the children scared those men .	the children scared that men .
the boys have heard those ladies .	the boys have heard that ladies .
the girls were dropping this glass .	the girls were dropping these glass .
the children threw those glasses .	the children threw that glasses .
the button is n't breaking that book .	the button is n't breaking those book .
the teacher drops those shirts .	the teacher drops that shirts .
the boys made those glasses .	the boys made that glasses .
the customer was n't visiting those guys .	the customer was n't visiting that guys .
the teacher bought these plates .	the teacher bought this plates .
the teachers should n't buy that box .	the teachers should n't buy those box .
the adult has confused these people .	the adult has confused this people .
the ladies like these toys .	the ladies like this toys .
the adult lost those boys .	the adult lost that boys .
the boat broke these plates .	the boat broke this plates .
the plane had n't broken these shoes .	the plane had n't broken this shoes .
the windows might break those books .	the windows might break that books .
the child had thrown this rocket .	the child had thrown these rocket .
the lady walks through those schools .	the lady walks through that schools .
the girls could n't visit that king .	the girls could n't visit those king .
the ladies may help those boys .	the ladies may help that boys .
the boy had n't gone to this bank .	the boy had n't gone to these bank .
the people had answered those boys .	the people had answered that boys .
the women clean this book .	the women clean these book .
the snakes were n't breaking these hats .	the snakes were n't breaking this hats .
the men found these trucks .	the men found this trucks .
the lady loved these boats .	the lady loved this boats .
the man sounds like those guys .	the man sounds like that guys .
the girls have n't kept this boat .	the girls have n't kept these boat .
the children should break this picture .	the children should break these picture .
the teacher made these forks .	the teacher made this forks .
the queen might scare these women .	the queen might scare this women .
the girls heard this rabbit .	the girls heard these rabbit .
the patient confused these people .	the patient confused this people .
the children ran around this room .	the children ran around these room .
the girls forgot that picture .	the girls forgot those picture .
the king wo n't visit this adult .	the king wo n't visit these adult .
the teachers could n't find that dish .	the teachers could n't find those dish .
the forks were n't breaking those dishes .	the forks were n't breaking that dishes .
the dancer had heard those boys .	the dancer had heard that boys .
the adult lost these women .	the adult lost this women .
the doctors kept those toys .	the doctors kept that toys .
the women steal that couch .	the women steal those couch .
the book was breaking that ship .	the book was breaking those ship .
the child is losing those doors .	the child is losing that doors .
the patient looks like those people .	the patient looks like that people .
the patient found these bags .	the patient found this bags .
the teachers hear that rabbit .	the teachers hear those rabbit .
the doctors lost this crayon .	the doctors lost these crayon .
the boy had left that school .	the boy had left those school .
the teacher walked through this restaurant .	the teacher walked through these restaurant .
the people are n't helping these ladies .	the people are n't helping this ladies .
the guy left this bank .	the guy left these bank .
the horse would n't break that picture .	the horse would n't break those picture .
the woman would n't steal these dolls .	the woman would n't steal this dolls .
the ship would n't break that fork .	the ship would n't break those fork .
the girl is n't teaching that boy .	the girl is n't teaching those boy .
the boy had found that customer .	the boy had found those customer .
the teachers left this room .	the teachers left these room .
the women broke these dishes .	the women broke this dishes .
the woman had held these shoes .	the woman had held this shoes .
the couch had n't broken those spoons .	the couch had n't broken that spoons .
the person lost this doctor .	the person lost these doctor .
the guy had n't broken these books .	the guy had n't broken this books .
the girls had this plane .	the girls had these plane .
the person forgot these crayons .	the person forgot this crayons .
the teachers had n't heard those boys .	the teachers had n't heard that boys .
the men have n't worried these teachers .	the men have n't worried this teachers .
the men have this truck .	the men have these truck .
the boys can n't break that boat .	the boys can n't break those boat .
the guy could look like these turtles .	the guy could look like this turtles .
the king wo n't sell this boat .	the king wo n't sell these boat .
the doctor thought about these snakes .	the doctor thought about this snakes .
the teacher hears this mouse .	the teacher hears these mouse .
the girls passed this bank .	the girls passed these bank .
the child dropped this rocket .	the child dropped these rocket .
the driver goes to this restaurant .	the driver goes to these restaurant .
the child is n't running around that kitchen .	the child is n't running around those kitchen .
the dentist has n't moved this bowl .	the dentist has n't moved these bowl .
the patient looks like this teacher .	the patient looks like these teacher .
the children listen to these doctors .	the children listen to this doctors .
the king has n't taught those people .	the king has n't taught that people .
the child does n't leave this school .	the child does n't leave these school .
the teacher has helped this woman .	the teacher has helped these woman .
the queen looks like those guys .	the queen looks like that guys .
the guys could hear this customer .	the guys could hear these customer .
the guys look like these men .	the guys look like this men .
the woman likes these cats .	the woman likes this cats .
the adult has visited that teacher .	the adult has visited those teacher .
the child had n't talked about that doll .	the child had n't talked about those doll .
the woman could n't hate this couch .	the woman could n't hate these couch .
the girls were n't driving to this kitchen .	the girls were n't driving to these kitchen .
the doctor did n't look like this adult .	the doctor did n't look like these adult .
the guy hears this horse .	the guy hears these horse .
the boy can n't talk about this bottle .	the boy can n't talk about these bottle .
the boy liked that child .	the boy liked those child .
the teacher may sell those pictures .	the teacher may sell that pictures .
the customer does n't hate that man .	the customer does n't hate those man .
the customer might like these cars .	the customer might like this cars .
the child might hear this child .	the child might hear these child .
the driver has fixed that plate .	the driver has fixed those plate .
the boys are thinking about these beds .	the boys are thinking about this beds .
the boy leaves that park .	the boy leaves those park .
the teacher drives to this library .	the teacher drives to these library .
the men moved this car .	the men moved these car .
the ladies are thinking about that truck .	the ladies are thinking about those truck .
the patient was talking about that bicycle .	the patient was talking about those bicycle .
the teachers see this teacher .	the teachers see these teacher .
the boys dropped those buttons .	the boys dropped that buttons .
the people are n't working with this doctor .	the people are n't working with these doctor .
the adult worked with these boys .	the adult worked with this boys .
the ladies had bought these chairs .	the ladies had bought this chairs .
the women knew this bird .	the women knew these bird .
the guys knew that doctor .	the guys knew those doctor .
the customer walked through this library .	the customer walked through these library .
the doctor did n't praise that child .	the doctor did n't praise those child .
the birds loved that doctor .	the birds loved those doctor .
the doctors hold those shoes .	the doctors hold that shoes .
the cat had seen these ladies .	the cat had seen this ladies .
the queen breaks those windows .	the queen breaks that windows .
the teachers talk about these ladies .	the teachers talk about this ladies .
the ladies left this library .	the ladies left these library .
the dolls are breaking this couch .	the dolls are breaking these couch .
the doctor would n't talk to this child .	the doctor would n't talk to these child .
the dancer had n't broken those spoons .	the dancer had n't broken that spoons .
the hats had n't broken these glasses .	the hats had n't broken this glasses .
the boy did n't make that book .	the boy did n't make those book .
the trucks were breaking these toys .	the trucks were breaking this toys .
the guys visited that doctor .	the guys visited those doctor .
the doctors should n't shake these trucks .	the doctors should n't shake this trucks .
the doctor had n't confused this person .	the doctor had n't confused these person .
the child had n't heard this mouse .	the child had n't heard these mouse .
the guy found that ship .	the guy found those ship .
the people might scare that dancer .	the people might scare those dancer .
the cats must notice this lady .	the cats must notice these lady .
the man has thought about those bottles .	the man has thought about that bottles .
the doctors did n't run around this room .	the doctors did n't run around these room .
the guys would hear that dancer .	the guys would hear those dancer .
the patient must praise those teachers .	the patient must praise that teachers .
the ladies praise those women .	the ladies praise that women .
the driver has n't thrown those pictures .	the driver has n't thrown that pictures .
the dancer kept that fork .	the dancer kept those fork .
the dancer should n't clean this box .	the dancer should n't clean these box .
the doors are breaking those doors .	the doors are breaking that doors .
the guys should leave that park .	the guys should leave those park .
the plate broke that bed .	the plate broke those bed .
the men fixed that door .	the men fixed those door .
the people wo n't bother those boys .	the people wo n't bother that boys .
the driver drops that couch .	the driver drops those couch .
the queen confused that dentist .	the queen confused those dentist .
the children were n't walking through this mall .	the children were n't walking through these mall .
the man keeps this ship .	the man keeps these ship .
the person shakes this book .	the person shakes these book .
the queen talks about this hat .	the queen talks about these hat .
the doctors could n't lose this toy .	the doctors could n't lose these toy .
the bowl is n't breaking that toy .	the bowl is n't breaking those toy .
the queen helps those children .	the queen helps that children .
the woman may drop these books .	the woman may drop this books .
the customer wo n't leave that school .	the customer wo n't leave those school .
the bird can n't remember those windows .	the bird can n't remember that windows .
the customer was walking through this hospital .	the customer was walking through these hospital .
the doctors can take these boats .	the doctors can take this boats .
the glass was n't breaking this candle .	the glass was n't breaking these candle .
the men knew these guys .	the men knew this guys .
the bowl broke that window .	the bowl broke those window .
the doctor could n't find this glass .	the doctor could n't find these glass .
the driver would n't hear that cat .	the driver would n't hear those cat .
the lady looks like that woman .	the lady looks like those woman .
the person taught that boy .	the person taught those boy .
the people were n't moving that spoon .	the people were n't moving those spoon .
the dogs were n't thinking about this man .	the dogs were n't thinking about these man .
the man sounds like that turtle .	the man sounds like those turtle .
the teachers forget those hats .	the teachers forget that hats .
the snakes would n't break these crayons .	the snakes would n't break this crayons .
the guys had walked through that mall .	the guys had walked through those mall .
the patient talked about this door .	the patient talked about these door .
the snakes will love these windows .	the snakes will love this windows .
the boy knew these doctors .	the boy knew this doctors .
the lady cleaned this boat .	the lady cleaned these boat .
the people have n't walked through that kitchen .	the people have n't walked through those kitchen .
the adult is n't thinking about those books .	the adult is n't thinking about that books .
the customer has n't thrown this glass .	the customer has n't thrown these glass .
the boat should break those chairs .	the boat should break that chairs .
the queen looks like this dentist .	the queen looks like these dentist .
the patient would n't forget these children .	the patient would n't forget this children .
the king has talked about those rings .	the king has talked about that rings .
the snakes forget those windows .	the snakes forget that windows .
the boy heard those girls .	the boy heard that girls .
the bird likes that queen .	the bird likes those queen .
the child knew this adult .	the child knew these adult .
the rings broke that bottle .	the rings broke those bottle .
the girl did n't hear that driver .	the girl did n't hear those driver .
the people forgot those turtles .	the people forgot that turtles .
the queen would sell this shirt .	the queen would sell these shirt .
the doctor broke these forks .	the doctor broke this forks .
the ladies broke those shirts .	the ladies broke that shirts .
the people were n't holding that glass .	the people were n't holding those glass .
the ladies had n't passed these schools .	the ladies had n't passed this schools .
the people found that dancer .	the people found those dancer .
the girls drop that bed .	the girls drop those bed .
the glasses are n't breaking those bags .	the glasses are n't breaking that bags .
the lady knows these turtles .	the lady knows this turtles .
the ship breaks these boats .	the ship breaks this boats .
the dancer has those cars .	the dancer has that cars .
the doctor shakes this bottle .	the doctor shakes these bottle .
the bowls broke that bottle .	the bowls broke those bottle .
the dentist lost these forks .	the dentist lost this forks .
the women worry this teacher .	the women worry these teacher .
the doctors hold these toys .	the doctors hold this toys .
the children hate that king .	the children hate those king .
the men might make that bed .	the men might make those bed .
the doctor could n't hate this customer .	the doctor could n't hate these customer .
the teacher will sell this rug .	the teacher will sell these rug .
the girls should n't see those beds .	the girls should n't see that beds .
the queen lost this bowl .	the queen lost these bowl .
the boxes can break that truck .	the boxes can break those truck .
the spoon wo n't break those cups .	the spoon wo n't break that cups .
the queen would hate those cars .	the queen would hate that cars .
the women have lost this bowl .	the women have lost these bowl .
the doctors have n't thrown those windows .	the doctors have n't thrown that windows .
the customer hears that cat .	the customer hears those cat .
the child was moving these buttons .	the child was moving this buttons .
the dishes break those spoons .	the dishes break that spoons .
the cats are breaking that book .	the cats are breaking those book .
the king can n't hate those windows .	the king can n't hate that windows .
the boys care for that adult .	the boys care for those adult .
the dentist has n't lost that driver .	the dentist has n't lost those driver .
the men were breaking these dolls .	the men were breaking this dolls .
the hamster wo n't think about those dolls .	the hamster wo n't think about that dolls .
the children were throwing this mirror .	the children were throwing these mirror .
the chairs are n't breaking those pictures .	the chairs are n't breaking that pictures .
the teacher thinks about these spoons .	the teacher thinks about this spoons .
the boys can remember this mirror .	the boys can remember these mirror .
the guys lost this lady .	the guys lost these lady .
the teacher is breaking those bottles .	the teacher is breaking that bottles .
the boy brought those boats .	the boy brought that boats .
the teacher must visit this man .	the teacher must visit these man .
the girls sounded like that dancer .	the girls sounded like those dancer .
the snake has broken these dishes .	the snake has broken this dishes .
the doctors hear those girls .	the doctors hear that girls .
the doctor would n't worry these people .	the doctor would n't worry this people .
the boys must hold those shirts .	the boys must hold that shirts .
the doctors have visited this dancer .	the doctors have visited these dancer .
the men find that door .	the men find those door .
the child sounds like that turtle .	the child sounds like those turtle .
the women have n't made this window .	the women have n't made these window .
the man had n't remembered this dog .	the man had n't remembered these dog .
the dancer talks to these teachers .	the dancer talks to this teachers .
the rabbits did n't forget those ladies .	the rabbits did n't forget that ladies .
the doctor brought this plane .	the doctor brought these plane .
the men stole those shoes .	the men stole that shoes .
the customer would lose these glasses .	the customer would lose this glasses .
the customer must drop these cups .	the customer must drop this cups .
the queen answered this adult .	the queen answered these adult .
the boy did n't take those bottles .	the boy did n't take that bottles .
the adult passed this restaurant .	the adult passed these restaurant .
the woman should talk about those guys .	the woman should talk about that guys .
the woman should n't hear this horse .	the woman should n't hear these horse .
the boy had n't thrown that ring .	the boy had n't thrown those ring .
the cats must forget this truck .	the cats must forget these truck .
the snake loved that shoe .	the snake loved those shoe .
the woman was leaving that room .	the woman was leaving those room .
the child was n't bringing this plate .	the child was n't bringing these plate .
the boy does n't talk about that doll .	the boy does n't talk about those doll .
the dancer wo n't move these cars .	the dancer wo n't move this cars .
the patient has helped those doctors .	the patient has helped that doctors .
the doctors did n't lose this book .	the doctors did n't lose these book .
the girl is listening to those guys .	the girl is listening to that guys .
the child wo n't sell that fork .	the child wo n't sell those fork .
the buttons break that doll .	the buttons break those doll .
the girl was fixing those shirts .	the girl was fixing that shirts .
the child hears that dentist .	the child hears those dentist .
the man knows that teacher .	the man knows those teacher .
the candle broke those boats .	the candle broke that boats .
the woman is talking about these doctors .	the woman is talking about this doctors .
the women are listening to these teachers .	the women are listening to this teachers .
the woman has n't confused those doctors .	the woman has n't confused that doctors .
the girl was n't working with this guy .	the girl was n't working with these guy .
the guy helps that man .	the guy helps those man .
the children had n't walked through that mall .	the children had n't walked through those mall .
the patient would visit this guy .	the patient would visit these guy .
the bowl breaks that mirror .	the bowl breaks those mirror .
the person should bother these girls .	the person should bother this girls .
the lady was n't cleaning these forks .	the lady was n't cleaning this forks .
the child helps those guys .	the child helps that guys .
the girl throws this truck .	the girl throws these truck .
the customer hears these doctors .	the customer hears this doctors .
the dancer has n't cleaned these toys .	the dancer has n't cleaned this toys .
the lady will lift that fork .	the lady will lift those fork .
the girls think about this bicycle .	the girls think about these bicycle .
the snake will break these dolls .	the snake will break this dolls .
the doctors bother that child .	the doctors bother those child .
the king answered these girls .	the king answered this girls .
the mouse forgot those plates .	the mouse forgot that plates .
the picture was breaking that crayon .	the picture was breaking those crayon .
the woman forgot that truck .	the woman forgot those truck .
the king has fixed that rug .	the king has fixed those rug .
the teachers can n't answer this patient .	the teachers can n't answer these patient .
the rabbit loved this girl .	the rabbit loved these girl .
the mice noticed that boat .	the mice noticed those boat .
the people have n't worked with that king .	the people have n't worked with those king .
the dogs are thinking about that boat .	the dogs are thinking about those boat .
the picture may break these bottles .	the picture may break this bottles .
the teacher was losing these books .	the teacher was losing this books .
the people break those toys .	the people break that toys .
the rabbits have n't thought about that bottle .	the rabbits have n't thought about those bottle .
the guys wo n't think about that cat .	the guys wo n't think about those cat .
the customer would bring these boats .	the customer would bring this boats .
the woman is n't running around that room .	the woman is n't running around those room .
the guy does n't hold those bowls .	the guy does n't hold that bowls .
the picture had broken that dish .	the picture had broken those dish .
the dogs notice that lady .	the dogs notice those lady .
the window breaks these forks .	the window breaks this forks .
the driver has worried that teacher .	the driver has worried those teacher .
the girls can hear that cat .	the girls can hear those cat .
the doll must break these shoes .	the doll must break this shoes .
the children will know this customer .	the children will know these customer .
the teacher knows those mice .	the teacher knows that mice .
the customer may clean that mirror .	the customer may clean those mirror .
the doctors wo n't pass that kitchen .	the doctors wo n't pass those kitchen .
the person does n't drop this crayon .	the person does n't drop these crayon .
the ladies sound like that cat .	the ladies sound like those cat .
the teacher had these glasses .	the teacher had this glasses .
the hats must break that bed .	the hats must break those bed .
the girls threw these rings .	the girls threw this rings .
the dentist noticed these boxes .	the dentist noticed this boxes .
the teachers will lift this book .	the teachers will lift these book .
the woman kept these forks .	the woman kept this forks .
the rocket has broken that book .	the rocket has broken those book .
the man is cleaning that car .	the man is cleaning those car .
the doctors cleaned this boat .	the doctors cleaned these boat .
the children wo n't lose this picture .	the children wo n't lose these picture .
the patient worked with that queen .	the patient worked with those queen .
the women would n't sell that window .	the women would n't sell those window .
the children will go to this library .	the children will go to these library .
the dentist moves this fork .	the dentist moves these fork .
the doctors were finding this car .	the doctors were finding these car .
the guy could n't run around this kitchen .	the guy could n't run around these kitchen .
the windows broke those bottles .	the windows broke that bottles .
the guy has n't passed these rooms .	the guy has n't passed this rooms .
the girl moved those chairs .	the girl moved that chairs .
the turtle loves this plane .	the turtle loves these plane .
the ladies had n't cleaned that dish .	the ladies had n't cleaned those dish .
the teacher left this room .	the teacher left these room .
the guys will forget this doll .	the guys will forget these doll .
the child was talking to that queen .	the child was talking to those queen .
the driver shook this bag .	the driver shook these bag .
the teachers did n't understand that dancer .	the teachers did n't understand those dancer .
the girl breaks these beds .	the girl breaks this beds .
the customer did n't bother that guy .	the customer did n't bother those guy .
the adult was n't bothering that adult .	the adult was n't bothering those adult .
the women loved these birds .	the women loved this birds .
the customer talked about that bowl .	the customer talked about those bowl .
the lady lost that spoon .	the lady lost those spoon .
the man will throw that book .	the man will throw those book .
the doctor is dropping those shirts .	the doctor is dropping that shirts .
the boy should n't steal that hat .	the boy should n't steal those hat .
the glasses were breaking that box .	the glasses were breaking those box .
the dentist was holding that bowl .	the dentist was holding those bowl .
the horse has noticed those candles .	the horse has noticed that candles .
the queen taught those children .	the queen taught that children .
the women would n't pass that school .	the women would n't pass those school .
the rabbits had n't noticed those cars .	the rabbits had n't noticed that cars .
the plates must break that glass .	the plates must break those glass .
the women are n't visiting those men .	the women are n't visiting that men .
the boys thought about these ladies .	the boys thought about this ladies .
the guy loves that car .	the guy loves those car .
the guy lost that man .	the guy lost those man .
the man should n't run around that park .	the man should n't run around those park .
the men would break that button .	the men would break those button .
the mouse has thought about these turtles .	the mouse has thought about this turtles .
the girls are n't working with those ladies .	the girls are n't working with that ladies .
the girl has heard this hamster .	the girl has heard these hamster .
the child walks through this library .	the child walks through these library .
the cup breaks those boxes .	the cup breaks that boxes .
the customer has visited those teachers .	the customer has visited that teachers .
the lady is n't thinking about those buttons .	the lady is n't thinking about that buttons .
the person was n't finding these chairs .	the person was n't finding this chairs .
the teachers had n't worried that girl .	the teachers had n't worried those girl .
the dogs have broken this book .	the dogs have broken these book .
the people can n't see that hamster .	the people can n't see those hamster .
the dish might break that truck .	the dish might break those truck .
the doctors must buy this truck .	the doctors must buy these truck .
the teacher taught this child .	the teacher taught these child .
the boy should n't shake these dolls .	the boy should n't shake this dolls .
the teacher would have this mirror .	the teacher would have these mirror .
the hats had broken that plate .	the hats had broken those plate .
the mouse has n't broken these shirts .	the mouse has n't broken this shirts .
the girl is moving this bicycle .	the girl is moving these bicycle .
the teacher can n't understand those women .	the teacher can n't understand that women .
the woman would know this king .	the woman would know these king .
the dentist forgot those women .	the dentist forgot that women .
the horses have remembered this man .	the horses have remembered these man .
the dogs had n't thought about this turtle .	the dogs had n't thought about these turtle .
the guys can n't see those cats .	the guys can n't see that cats .
the turtles think about those cups .	the turtles think about that cups .
the boys should n't fix this bag .	the boys should n't fix these bag .
the driver threw this car .	the driver threw these car .
the ladies wo n't return to this hospital .	the ladies wo n't return to these hospital .
the boys may know this dancer .	the boys may know these dancer .
the turtle is breaking those spoons .	the turtle is breaking that spoons .
the dentist must look like that guy .	the dentist must look like those guy .
the birds love that queen .	the birds love those queen .
the guy scared this boy .	the guy scared these boy .
the girl was n't running around this hospital .	the girl was n't running around these hospital .
the king has that car .	the king has those car .
the man had n't gone to these rooms .	the man had n't gone to this rooms .
the doctors kept that hat .	the doctors kept those hat .
the ladies lose this doll .	the ladies lose these doll .
the driver should talk about these bowls .	the driver should talk about this bowls .
the man should n't know that lady .	the man should n't know those lady .
the toys broke these boats .	the toys broke this boats .
the dentist has heard that woman .	the dentist has heard those woman .
the people have n't noticed those bottles .	the people have n't noticed that bottles .
the king passed this restaurant .	the king passed these restaurant .
the driver should lose that glass .	the driver should lose those glass .
the adult goes to that mall .	the adult goes to those mall .
the woman forgot these books .	the woman forgot this books .
the teachers have n't held those glasses .	the teachers have n't held that glasses .
the man might walk through these schools .	the man might walk through this schools .
the doctor does n't hear that rabbit .	the doctor does n't hear those rabbit .
the doctor thinks about those dolls .	the doctor thinks about that dolls .
the guy is thinking about those toys .	the guy is thinking about that toys .
the adult had moved those pictures .	the adult had moved that pictures .
the children had this ship .	the children had these ship .
the glass is breaking these rings .	the glass is breaking this rings .
the men have n't held that bed .	the men have n't held those bed .
the children broke this car .	the children broke these car .
the girl ran around this school .	the girl ran around these school .
the men forget these ladies .	the men forget this ladies .
the doctor held that bicycle .	the doctor held those bicycle .
the guys were n't fixing that bicycle .	the guys were n't fixing those bicycle .
the person had helped those girls .	the person had helped that girls .
the horses think about that dancer .	the horses think about those dancer .
the guys have walked through this hospital .	the guys have walked through these hospital .
the adult has n't lost these ladies .	the adult has n't lost this ladies .
the woman scares those people .	the woman scares that people .
the dancer is n't moving that truck .	the dancer is n't moving those truck .
the boys broke those glasses .	the boys broke that glasses .
the child had n't visited these teachers .	the child had n't visited this teachers .
the bottle broke these hats .	the bottle broke this hats .
the teacher would bother that person .	the teacher would bother those person .
the men had bought these beds .	the men had bought this beds .
the guys teach that girl .	the guys teach those girl .
the doctor was buying these hats .	the doctor was buying this hats .
the guy has seen this ship .	the guy has seen these ship .
the guys may move these cups .	the guys may move this cups .
the dancer is n't moving this button .	the dancer is n't moving these button .
the men like those forks .	the men like that forks .
the man should n't lift this bicycle .	the man should n't lift these bicycle .
the men are n't dropping this crayon .	the men are n't dropping these crayon .
the girl found this girl .	the girl found these girl .
the patient wo n't go to those schools .	the patient wo n't go to that schools .
the dancer can n't move that doll .	the dancer can n't move those doll .
the women can n't love this cat .	the women can n't love these cat .
the adult went to this library .	the adult went to these library .
the rabbit loved that rug .	the rabbit loved those rug .
the teacher is n't working with this man .	the teacher is n't working with these man .
the customer has those trucks .	the customer has that trucks .
the boy dropped this doll .	the boy dropped these doll .
the snake noticed that shoe .	the snake noticed those shoe .
the teacher is n't talking about that couch .	the teacher is n't talking about those couch .
the doctors go to that mall .	the doctors go to those mall .
the teacher is thinking about this box .	the teacher is thinking about these box .
the girls were bringing that doll .	the girls were bringing those doll .
the lady makes this shirt .	the lady makes these shirt .
the patient would understand these girls .	the patient would understand this girls .
the king was breaking those shoes .	the king was breaking that shoes .
the hamster is n't breaking those bags .	the hamster is n't breaking that bags .
the child threw this plane .	the child threw these plane .
the girls had seen those horses .	the girls had seen that horses .
the women had talked to these guys .	the women had talked to this guys .
the person keeps this button .	the person keeps these button .
the dogs thought about those bowls .	the dogs thought about that bowls .
the man had n't bothered that doctor .	the man had n't bothered those doctor .
the mouse breaks these boats .	the mouse breaks this boats .
the rings had n't broken those doors .	the rings had n't broken that doors .
the lady makes those candles .	the lady makes that candles .
the children should n't think about that spoon .	the children should n't think about those spoon .
the woman did n't hear this patient .	the woman did n't hear these patient .
the guy might buy those hats .	the guy might buy that hats .
the children are n't taking this bowl .	the children are n't taking these bowl .
the car is breaking these buttons .	the car is breaking this buttons .
the guys bothered those ladies .	the guys bothered that ladies .
the children work with those teachers .	the children work with that teachers .
the women shake that boat .	the women shake those boat .
the women sell this bed .	the women sell these bed .
the boy holds those spoons .	the boy holds that spoons .
the dentist has n't seen this rocket .	the dentist has n't seen these rocket .
the girl would throw these toys .	the girl would throw this toys .
the doctor was keeping that door .	the doctor was keeping those door .
the doctors would n't keep these forks .	the doctors would n't keep this forks .
the children might run around that library .	the children might run around those library .
the girls were n't keeping that car .	the girls were n't keeping those car .
the guy broke those cars .	the guy broke that cars .
the adult may listen to this girl .	the adult may listen to these girl .
the girls have that door .	the girls have those door .
the ladies could hear that driver .	the ladies could hear those driver .
the teacher moves that doll .	the teacher moves those doll .
the dentist is n't cleaning those books .	the dentist is n't cleaning that books .
the ladies can work with those girls .	the ladies can work with that girls .
the boys visit that child .	the boys visit those child .
the people have kept these forks .	the people have kept this forks .
the child talked about that bag .	the child talked about those bag .
the cat likes those dolls .	the cat likes that dolls .
the girl would n't find those dishes .	the girl would n't find that dishes .
the guy does n't like those birds .	the guy does n't like that birds .
the teachers have made these bowls .	the teachers have made this bowls .
the patient could move that window .	the patient could move those window .
the turtles liked those rabbits .	the turtles liked that rabbits .
the dogs would break these buttons .	the dogs would break this buttons .
the mice were thinking about that plate .	the mice were thinking about those plate .
the guy is n't holding that car .	the guy is n't holding those car .
the ladies had that bottle .	the ladies had those bottle .
the shirt breaks that shirt .	the shirt breaks those shirt .
the guy was n't losing this rocket .	the guy was n't losing these rocket .
the cats are thinking about those candles .	the cats are thinking about that candles .
the king talked about that bird .	the king talked about those bird .
the guy is n't talking about those cars .	the guy is n't talking about that cars .
the person drives to these schools .	the person drives to this schools .
the boys did n't make that ship .	the boys did n't make those ship .
the girls looked like those snakes .	the girls looked like that snakes .
the woman was n't fixing that bottle .	the woman was n't fixing those bottle .
the boats had broken these spoons .	the boats had broken this spoons .
the people have bought those candles .	the people have bought that candles .
the turtle liked that glass .	the turtle liked those glass .
the lady is dropping that car .	the lady is dropping those car .
the person knows that adult .	the person knows those adult .
the patient was moving this doll .	the patient was moving these doll .
the dolls are breaking that shirt .	the dolls are breaking those shirt .
the teacher went to those rooms .	the teacher went to that rooms .
the man cleaned this shirt .	the man cleaned these shirt .
the doctor helps that customer .	the doctor helps those customer .
the rabbit loved those horses .	the rabbit loved that horses .
the boys helped that boy .	the boys helped those boy .
the rabbit remembered those girls .	the rabbit remembered that girls .
the child could throw those candles .	the child could throw that candles .
the women could n't appreciate that driver .	the women could n't appreciate those driver .
the guy dropped those plates .	the guy dropped that plates .
the man does n't scare this doctor .	the man does n't scare these doctor .
the dentist has walked through this kitchen .	the dentist has walked through these kitchen .
the people can teach that woman .	the people can teach those woman .
the people may take this plate .	the people may take these plate .
the person is moving that shoe .	the person is moving those shoe .
the women saw those people .	the women saw that people .
the guys cleaned this fork .	the guys cleaned these fork .
the guys do n't bother those boys .	the guys do n't bother that boys .
the boys do n't work with that adult .	the boys do n't work with those adult .
the doctor dropped this dish .	the doctor dropped these dish .
the birds were breaking that box .	the birds were breaking those box .
the ladies have n't taken these rings .	the ladies have n't taken this rings .
the king is making that bottle .	the king is making those bottle .
the child is n't visiting that guy .	the child is n't visiting those guy .
the children had n't dropped those dolls .	the children had n't dropped that dolls .
the dogs will forget this boy .	the dogs will forget these boy .
the driver talked to that doctor .	the driver talked to those doctor .
the boys lost that chair .	the boys lost those chair .
the boat broke that picture .	the boat broke those picture .
the lady would hate that book .	the lady would hate those book .
the man is n't leaving this school .	the man is n't leaving these school .
the person drops those trucks .	the person drops that trucks .
the queen had bought that rug .	the queen had bought those rug .
the turtle will break those glasses .	the turtle will break that glasses .
the horses liked that picture .	the horses liked those picture .
the people saw this queen .	the people saw these queen .
the men scare that adult .	the men scare those adult .
the forks are n't breaking those bowls .	the forks are n't breaking that bowls .
the dentist has helped this dentist .	the dentist has helped these dentist .
the lady should n't fix these forks .	the lady should n't fix this forks .
the children hold those toys .	the children hold that toys .
the teacher went to that park .	the teacher went to those park .
the women wo n't steal these bowls .	the women wo n't steal this bowls .
the queen made this plane .	the queen made these plane .
the hamster could love that snake .	the hamster could love those snake .
the teachers knew that king .	the teachers knew those king .
the women throw these beds .	the women throw this beds .
the doctors walk through those schools .	the doctors walk through that schools .
the children sounded like that doctor .	the children sounded like those doctor .
the man may care for that boy .	the man may care for those boy .
the boys hate that dentist .	the boys hate those dentist .
the children did n't break that bottle .	the children did n't break those bottle .
the lady stole this boat .	the lady stole these boat .
the cars break these pictures .	the cars break this pictures .
the girl had that couch .	the girl had those couch .
the children would n't lose that rocket .	the children would n't lose those rocket .
the guy has noticed this king .	the guy has noticed these king .
the men are n't bothering those children .	the men are n't bothering that children .
the guys shake this boat .	the guys shake these boat .
the dancer is thinking about this cup .	the dancer is thinking about these cup .
the men leave that restaurant .	the men leave those restaurant .
the dancer may care for this man .	the dancer may care for these man .
the teachers do n't steal these doors .	the teachers do n't steal this doors .
the customer had n't heard that driver .	the customer had n't heard those driver .
the dentist has worked with this girl .	the dentist has worked with these girl .
the couch has broken that ship .	the couch has broken those ship .
the beds were n't breaking these books .	the beds were n't breaking this books .
the adult leaves that hospital .	the adult leaves those hospital .
the driver has cleaned that picture .	the driver has cleaned those picture .
the teachers have brought this button .	the teachers have brought these button .
the girls had heard that horse .	the girls had heard those horse .
the children moved this boat .	the children moved these boat .
the customer had these crayons .	the customer had this crayons .
the doctor has these shirts .	the doctor has this shirts .
the doctors broke this fork .	the doctors broke these fork .
the king likes these horses .	the king likes this horses .
the dancer should break those shirts .	the dancer should break that shirts .
the women do n't know this customer .	the women do n't know these customer .
the boy sees these spoons .	the boy sees this spoons .
the men threw those buttons .	the men threw that buttons .
the women know these turtles .	the women know this turtles .
the person can n't go to that room .	the person can n't go to those room .
the patient might listen to this doctor .	the patient might listen to these doctor .
the woman sounded like this dentist .	the woman sounded like these dentist .
the queen must sell this shoe .	the queen must sell these shoe .
the turtle has thought about these guys .	the turtle has thought about this guys .
the ladies can n't drop this chair .	the ladies can n't drop these chair .
the lady does n't take that cup .	the lady does n't take those cup .
the customer worked with these doctors .	the customer worked with this doctors .
the guys might visit that person .	the guys might visit those person .
the customer works with this child .	the customer works with these child .
the ladies were n't breaking that bottle .	the ladies were n't breaking those bottle .
the boys lift that glass .	the boys lift those glass .
the snakes think about these doctors .	the snakes think about this doctors .
the guy was making those trucks .	the guy was making that trucks .
the girl helps this dentist .	the girl helps these dentist .
the rabbits wo n't break those toys .	the rabbits wo n't break that toys .
the people have moved those shoes .	the people have moved that shoes .
the guys are listening to these women .	the guys are listening to this women .
the teacher does n't talk about that dog .	the teacher does n't talk about those dog .
the window broke this door .	the window broke these door .
the birds like this box .	the birds like these box .
the men talk about this couch .	the men talk about these couch .
the doctor might appreciate those guys .	the doctor might appreciate that guys .
the child has n't scared these women .	the child has n't scared this women .
the king should take that cup .	the king should take those cup .
the patient threw that window .	the patient threw those window .
the driver breaks that book .	the driver breaks those book .
the person thinks about those pictures .	the person thinks about that pictures .
the queen talks about that plane .	the queen talks about those plane .
the doctor has bought this spoon .	the doctor has bought these spoon .
the rabbits had broken this candle .	the rabbits had broken these candle .
the pictures were breaking these cars .	the pictures were breaking this cars .
the men did n't make those windows .	the men did n't make that windows .
the doctors could talk about that fork .	the doctors could talk about those fork .
the boys ran around that mall .	the boys ran around those mall .
the women would n't talk about this ring .	the women would n't talk about these ring .
the children would break these buttons .	the children would break this buttons .
the men are n't thinking about this rabbit .	the men are n't thinking about these rabbit .
the people noticed those candles .	the people noticed that candles .
the ladies have bothered that boy .	the ladies have bothered those boy .
the queen had seen this book .	the queen had seen these book .
the boys understand that adult .	the boys understand those adult .
the toy must break this book .	the toy must break these book .
the teachers break those candles .	the teachers break that candles .
the king might work with that guy .	the king might work with those guy .
the king had cleaned these dishes .	the king had cleaned this dishes .
the ladies make those beds .	the ladies make that beds .
the guys broke these bottles .	the guys broke this bottles .
the guys are shaking these glasses .	the guys are shaking this glasses .
the ladies were listening to those doctors .	the ladies were listening to that doctors .
the guys wo n't understand that customer .	the guys wo n't understand those customer .
the people did n't think about those glasses .	the people did n't think about that glasses .
the doll was n't breaking these trucks .	the doll was n't breaking this trucks .
the person answered this dancer .	the person answered these dancer .
the dogs should think about this book .	the dogs should think about these book .
the man could n't talk about that window .	the man could n't talk about those window .
the doctor was n't losing these buttons .	the doctor was n't losing this buttons .
the mice forget that bicycle .	the mice forget those bicycle .
the boys forgot this doll .	the boys forgot these doll .
the boys had n't found that car .	the boys had n't found those car .
the horse wo n't remember that plane .	the horse wo n't remember those plane .
the man threw these spoons .	the man threw this spoons .
the king holds this fork .	the king holds these fork .
the teacher should n't keep this button .	the teacher should n't keep these button .
the men could answer those men .	the men could answer that men .
the queen is moving this glass .	the queen is moving these glass .
the dancer bothered those girls .	the dancer bothered that girls .
the children dropped that spoon .	the children dropped those spoon .
the adult was n't making this fork .	the adult was n't making these fork .
the teacher could lift those rings .	the teacher could lift that rings .
the guys had bothered those ladies .	the guys had bothered that ladies .
the ladies were n't fixing that shirt .	the ladies were n't fixing those shirt .
the customer has n't remembered these dishes .	the customer has n't remembered this dishes .
the guys did n't steal those boxes .	the guys did n't steal that boxes .
the children had these bags .	the children had this bags .
the bird breaks this mirror .	the bird breaks these mirror .
the boy has n't taught these ladies .	the boy has n't taught this ladies .
the boxes broke that ring .	the boxes broke those ring .
the girls can n't steal those doors .	the girls can n't steal that doors .
the teacher taught this customer .	the teacher taught these customer .
the shoes broke these cars .	the shoes broke this cars .
the dog noticed these bags .	the dog noticed this bags .
the bags had n't broken that box .	the bags had n't broken those box .
the dentist has n't fixed that boat .	the dentist has n't fixed those boat .
the doctors are fixing those bottles .	the doctors are fixing that bottles .
the adult talked about that doll .	the adult talked about those doll .
the lady has n't dropped this chair .	the lady has n't dropped these chair .
the women answer these children .	the women answer this children .
the boys wo n't hate those rings .	the boys wo n't hate that rings .
the doctor has heard this woman .	the doctor has heard these woman .
the girl is n't cleaning these bags .	the girl is n't cleaning this bags .
the ladies stole these toys .	the ladies stole this toys .
the doctors worry that customer .	the doctors worry those customer .
the dentist loved this bed .	the dentist loved these bed .
the children hate that snake .	the children hate those snake .
the man must find that candle .	the man must find those candle .
the teachers were n't breaking these books .	the teachers were n't breaking this books .
the girls had n't bought these windows .	the girls had n't bought this windows .
the children might love those horses .	the children might love that horses .
the queen looked like that hamster .	the queen looked like those hamster .
the teachers look like that dentist .	the teachers look like those dentist .
the king can n't understand this child .	the king can n't understand these child .
the king held that door .	the king held those door .
the driver has n't run around that mall .	the driver has n't run around those mall .
the women break this button .	the women break these button .
the guys think about that glass .	the guys think about those glass .
the patient knows that person .	the patient knows those person .
the adult moved this bowl .	the adult moved these bowl .
the horse noticed this hamster .	the horse noticed these hamster .
the patient heard these teachers .	the patient heard this teachers .
the woman was shaking those dolls .	the woman was shaking that dolls .
the crayons had broken these trucks .	the crayons had broken this trucks .
the customer was shaking this shirt .	the customer was shaking these shirt .
the customer can n't help these boys .	the customer can n't help this boys .
the women moved those dolls .	the women moved that dolls .
the doctors forgot those children .	the doctors forgot that children .
the boy might throw that car .	the boy might throw those car .
the teacher has walked through this room .	the teacher has walked through these room .
the teacher talks about these ladies .	the teacher talks about this ladies .
the teachers broke these glasses .	the teachers broke this glasses .
the lady noticed these women .	the lady noticed this women .
the boys were fixing this rug .	the boys were fixing these rug .
the queen could find that shirt .	the queen could find those shirt .
the teacher cleaned that rug .	the teacher cleaned those rug .
the adult worked with these teachers .	the adult worked with this teachers .
the adult would remember this plane .	the adult would remember these plane .
the patient would talk about those snakes .	the patient would talk about that snakes .
the adult shook this rocket .	the adult shook these rocket .
the queen does n't make that glass .	the queen does n't make those glass .
the ladies do n't clean this book .	the ladies do n't clean these book .
the men should listen to that child .	the men should listen to those child .
the man could drive to that school .	the man could drive to those school .
the mouse liked this driver .	the mouse liked these driver .
the mouse should n't think about those cups .	the mouse should n't think about that cups .
the customer had lost these bags .	the customer had lost this bags .
the ladies helped this lady .	the ladies helped these lady .
the driver taught this lady .	the driver taught these lady .
the king makes those bowls .	the king makes that bowls .
the car had broken this candle .	the car had broken these candle .
the patient could take this bag .	the patient could take these bag .
the doctors looked like these doctors .	the doctors looked like this doctors .
the doctors take those cars .	the doctors take that cars .
the teachers can work with those ladies .	the teachers can work with that ladies .
the children lift that candle .	the children lift those candle .
the women would n't clean that couch .	the women would n't clean those couch .
the women can n't talk about those buttons .	the women can n't talk about that buttons .
the women remember these cars .	the women remember this cars .
the child has n't run around this hospital .	the child has n't run around these hospital .
the spoons can break that ring .	the spoons can break those ring .
the books break this cup .	the books break these cup .
the rocket breaks that ring .	the rocket breaks those ring .
the ladies have n't thrown that car .	the ladies have n't thrown those car .
the guys would n't hold this cup .	the guys would n't hold these cup .
the books have broken that book .	the books have broken those book .
the girls are n't working with these children .	the girls are n't working with this children .
the woman is n't bothering that doctor .	the woman is n't bothering those doctor .
the horses loved this chair .	the horses loved these chair .
the people drive to that bank .	the people drive to those bank .
the rabbits wo n't love that ring .	the rabbits wo n't love those ring .
the guy found this queen .	the guy found these queen .
the customer throws this shirt .	the customer throws these shirt .
the king is n't bringing these cups .	the king is n't bringing this cups .
the doctors had worried this woman .	the doctors had worried these woman .
the adult broke those hats .	the adult broke that hats .
the woman had helped these teachers .	the woman had helped this teachers .
the customer throws this box .	the customer throws these box .
the dogs should like that ship .	the dogs should like those ship .
the customer is driving to those schools .	the customer is driving to that schools .
the women knew these mice .	the women knew this mice .
the boys could n't care for this patient .	the boys could n't care for these patient .
the dogs have n't remembered that bowl .	the dogs have n't remembered those bowl .
the woman is n't thinking about these people .	the woman is n't thinking about this people .
the women return to these schools .	the women return to this schools .
the lady helps that doctor .	the lady helps those doctor .
the people wo n't take these plates .	the people wo n't take this plates .
the woman shakes that plane .	the woman shakes those plane .
the customer did n't see these women .	the customer did n't see this women .
the plate had n't broken that couch .	the plate had n't broken those couch .
the dentist should n't work with that queen .	the dentist should n't work with those queen .
the teachers forget those men .	the teachers forget that men .
the guy loved those men .	the guy loved that men .
the dancer must forget this adult .	the dancer must forget these adult .
the ladies had run around that mall .	the ladies had run around those mall .
the teachers sounded like this teacher .	the teachers sounded like these teacher .
the guys know this customer .	the guys know these customer .
the cat broke this fork .	the cat broke these fork .
the girls are n't buying that truck .	the girls are n't buying those truck .
the child has visited this patient .	the child has visited these patient .
the customer had n't fixed those shirts .	the customer had n't fixed that shirts .
the children did n't praise these teachers .	the children did n't praise this teachers .
the customer had n't held that bag .	the customer had n't held those bag .
the lady would lift this car .	the lady would lift these car .
the boy was n't working with this boy .	the boy was n't working with these boy .
the people take this window .	the people take these window .
the girl is teaching this king .	the girl is teaching these king .
the boy lost that shirt .	the boy lost those shirt .
the boys were n't running around those schools .	the boys were n't running around that schools .
the guys have this box .	the guys have these box .
the boy has held this cup .	the boy has held these cup .
the ladies are visiting this queen .	the ladies are visiting these queen .
the boys were n't bringing those candles .	the boys were n't bringing that candles .
the doctor kept those bowls .	the doctor kept that bowls .
the snake forgot this spoon .	the snake forgot these spoon .
the girl had seen that box .	the girl had seen those box .
the children might shake these bowls .	the children might shake this bowls .
the children found this dentist .	the children found these dentist .
the customer had thought about this bag .	the customer had thought about these bag .
the men had those candles .	the men had that candles .
the guys notice this box .	the guys notice these box .
the doctor should n't look like that dancer .	the doctor should n't look like those dancer .
the lady was n't bothering those guys .	the lady was n't bothering that guys .
the woman is n't visiting this child .	the woman is n't visiting these child .
the girls have noticed that dentist .	the girls have noticed those dentist .
the man stole this cup .	the man stole these cup .
the driver holds these boats .	the driver holds this boats .
the women left that school .	the women left those school .
the children did n't talk about that dentist .	the children did n't talk about those dentist .
the girls took those doors .	the girls took that doors .
the driver would n't see that boat .	the driver would n't see those boat .
the woman knew that mouse .	the woman knew those mouse .
the driver has moved these books .	the driver has moved this books .
the teachers confused this dentist .	the teachers confused these dentist .
the girl broke this cup .	the girl broke these cup .
the man is n't taking those windows .	the man is n't taking that windows .
the queen looked like that dog .	the queen looked like those dog .
the teacher talked about this boat .	the teacher talked about these boat .
the person heard that customer .	the person heard those customer .
the patient was listening to this girl .	the patient was listening to these girl .
the girl should n't run around those schools .	the girl should n't run around that schools .
the boy can n't notice this king .	the boy can n't notice these king .
the teachers liked those doctors .	the teachers liked that doctors .
the ladies lift those hats .	the ladies lift that hats .
the queen held these hats .	the queen held this hats .
the adult did n't lose these beds .	the adult did n't lose this beds .
the girls have passed this library .	the girls have passed these library .
the woman may steal those bags .	the woman may steal that bags .
the girl worried these teachers .	the girl worried this teachers .
the teachers shake those dishes .	the teachers shake that dishes .
the girl was n't teaching that person .	the girl was n't teaching those person .
the girls saw those turtles .	the girls saw that turtles .
the ladies would n't talk about that window .	the ladies would n't talk about those window .
the dancer forgot those books .	the dancer forgot that books .
the doctors lost these doctors .	the doctors lost this doctors .
the guys clean those buttons .	the guys clean that buttons .
the doctors have worked with that customer .	the doctors have worked with those customer .
the hamster did n't love these glasses .	the hamster did n't love this glasses .
the guy can hate these chairs .	the guy can hate this chairs .
the children fixed these dolls .	the children fixed this dolls .
the queen answered this boy .	the queen answered these boy .
the driver lost that girl .	the driver lost those girl .
the doctors like those bowls .	the doctors like that bowls .
the bowl breaks this bicycle .	the bowl breaks these bicycle .
the patient looks like these snakes .	the patient looks like this snakes .
the doctors walked through that library .	the doctors walked through those library .
the guys lift this shirt .	the guys lift these shirt .
the man was n't taking this boat .	the man was n't taking these boat .
the girls can help that queen .	the girls can help those queen .
the hamster broke those bags .	the hamster broke that bags .
the guys work with this teacher .	the guys work with these teacher .
the woman sees these hats .	the woman sees this hats .
the teachers have remembered this bowl .	the teachers have remembered these bowl .
the crayons have n't broken those buttons .	the crayons have n't broken that buttons .
the ladies keep this bicycle .	the ladies keep these bicycle .
the people notice those girls .	the people notice that girls .
the boat should break that boat .	the boat should break those boat .
the woman might worry those people .	the woman might worry that people .
the girls may throw those boats .	the girls may throw that boats .
the man had thrown that bottle .	the man had thrown those bottle .
the guys were n't finding that ship .	the guys were n't finding those ship .
the man brought this shirt .	the man brought these shirt .
the guy looked like this girl .	the guy looked like these girl .
the boy is n't driving to this museum .	the boy is n't driving to these museum .
the doctor has n't confused this lady .	the doctor has n't confused these lady .
the king had moved that rug .	the king had moved those rug .
the boy wo n't listen to this customer .	the boy wo n't listen to these customer .
the ladies left this kitchen .	the ladies left these kitchen .
the girl had dropped these cars .	the girl had dropped this cars .
the boy was n't driving to that school .	the boy was n't driving to those school .
the person is making these bags .	the person is making this bags .
the boy was going to this hospital .	the boy was going to these hospital .
the queen might walk through that hospital .	the queen might walk through those hospital .
the patient should hear those boys .	the patient should hear that boys .
the men should look like that snake .	the men should look like those snake .
the plate had broken these windows .	the plate had broken this windows .
the doctor found these boys .	the doctor found this boys .
the ladies cleaned that couch .	the ladies cleaned those couch .
the person does n't take those trucks .	the person does n't take that trucks .
the guys can n't sound like that hamster .	the guys can n't sound like those hamster .
the person may break those plates .	the person may break that plates .
the guys talk to these children .	the guys talk to this children .
the guys have n't heard this queen .	the guys have n't heard these queen .
the guys understand that man .	the guys understand those man .
the dentist was n't cleaning that bed .	the dentist was n't cleaning those bed .
the driver has n't cleaned these shirts .	the driver has n't cleaned this shirts .
the boy would hold those chairs .	the boy would hold that chairs .
the woman wo n't praise this dancer .	the woman wo n't praise these dancer .
the dancer has n't cleaned these shirts .	the dancer has n't cleaned this shirts .
the adult loves these teachers .	the adult loves this teachers .
the boy talks about these turtles .	the boy talks about this turtles .
the person brings this box .	the person brings these box .
the woman left those rooms .	the woman left that rooms .
the women keep those buttons .	the women keep that buttons .
the children moved this dish .	the children moved these dish .
the children loved these spoons .	the children loved this spoons .
the children have seen this truck .	the children have seen these truck .
the girls were taking that rug .	the girls were taking those rug .
the girl is moving this plate .	the girl is moving these plate .
the guys could n't move these hats .	the guys could n't move this hats .
the boy had n't found this man .	the boy had n't found these man .
the children had thought about this bird .	the children had thought about these bird .
the dancer sounded like those teachers .	the dancer sounded like that teachers .
the woman was n't throwing that ring .	the woman was n't throwing those ring .
the shirts would n't break these toys .	the shirts would n't break this toys .
the child takes that shoe .	the child takes those shoe .
the teacher must remember that car .	the teacher must remember those car .
the women praise that queen .	the women praise those queen .
the girls find those rings .	the girls find that rings .
the person is n't visiting those doctors .	the person is n't visiting that doctors .
the doctors moved that car .	the doctors moved those car .
the doctor was leaving that school .	the doctor was leaving those school .
the rings broke this spoon .	the rings broke these spoon .
the women go to those schools .	the women go to that schools .
the girl should n't listen to those ladies .	the girl should n't listen to that ladies .
the driver was n't throwing that car .	the driver was n't throwing those car .
the king was finding these bags .	the king was finding this bags .
the king will like this shirt .	the king will like these shirt .
the women have n't remembered these rings .	the women have n't remembered this rings .
the doctor could drop those forks .	the doctor could drop that forks .
the king fixed these books .	the king fixed this books .
the lady loved these books .	the lady loved this books .
the dentist wo n't know these horses .	the dentist wo n't know this horses .
the bird would love those rings .	the bird would love that rings .
the patient lost these chairs .	the patient lost this chairs .
the girls do n't scare these girls .	the girls do n't scare this girls .
the guy took that bowl .	the guy took those bowl .
the adult talks to those boys .	the adult talks to that boys .
the dogs break this bottle .	the dogs break these bottle .
the dancer would keep that rocket .	the dancer would keep those rocket .
the ladies are dropping this fork .	the ladies are dropping these fork .
the dogs hate that queen .	the dogs hate those queen .
the mice have n't noticed these people .	the mice have n't noticed this people .
the girl has walked through those schools .	the girl has walked through that schools .
the woman would n't drive to those rooms .	the woman would n't drive to that rooms .
the birds forget that dog .	the birds forget those dog .
the boats broke those books .	the boats broke that books .
the doctor moves this cup .	the doctor moves these cup .
the dancer has n't confused those guys .	the dancer has n't confused that guys .
the boys broke these dishes .	the boys broke this dishes .
the customer likes those cars .	the customer likes that cars .
the men have n't broken that car .	the men have n't broken those car .
the girl knows these horses .	the girl knows this horses .
the teachers sound like that patient .	the teachers sound like those patient .
the dentist will look like this dentist .	the dentist will look like these dentist .
the queen shakes this picture .	the queen shakes these picture .
the cat has n't broken this dish .	the cat has n't broken these dish .
