which car have the doctors noticed ?	which have the doctors noticed car ?
what dolls did these men think about ?	what did these men think about dolls ?
what doors were the forks breaking ?	what were the forks breaking doors ?
which restaurant is this patient leaving ?	which is this patient leaving restaurant ?
what guys have these men heard ?	what have these men heard guys ?
which girl did the guy bother ?	which did the guy bother girl ?
what plates is this couch breaking ?	what is this couch breaking plates ?
which box could this teacher buy ?	which could this teacher buy box ?
which shirts would these birds like ?	which would these birds like shirts ?
what guys is that queen visiting ?	what is that queen visiting guys ?
what bank would these children return to ?	what would these children return to bank ?
what mirror had that lady moved ?	what had that lady moved mirror ?
what cups would the boxes break ?	what would the boxes break cups ?
which chairs does that patient lose ?	which does that patient lose chairs ?
what customer was this teacher listening to ?	what was this teacher listening to customer ?
what dentist is this adult talking to ?	what is this adult talking to dentist ?
which child will the adult appreciate ?	which will the adult appreciate child ?
which shoes had that guy thought about ?	which had that guy thought about shoes ?
which picture could those guys take ?	which could those guys take picture ?
what toys have these people made ?	what have these people made toys ?
which doctors would the people hate ?	which would the people hate doctors ?
what rabbit had this customer remembered ?	what had this customer remembered rabbit ?
what book was the person shaking ?	what was the person shaking book ?
what beds had that driver fixed ?	what had that driver fixed beds ?
which adult could these doctors notice ?	which could these doctors notice adult ?
which beds should this lady bring ?	which should this lady bring beds ?
what truck had the lady broken ?	what had the lady broken truck ?
what books can the dentist clean ?	what can the dentist clean books ?
which patient had the customer talked about ?	which had the customer talked about patient ?
what driver should the woman forget ?	what should the woman forget driver ?
which king will those women care for ?	which will those women care for king ?
which cats was this driver thinking about ?	which was this driver thinking about cats ?
what shoes has that dancer seen ?	what has that dancer seen shoes ?
what person would that woman work with ?	what would that woman work with person ?
which buttons would the doctor bring ?	which would the doctor bring buttons ?
what trucks have those women held ?	what have those women held trucks ?
which bed could the doctors love ?	which could the doctors love bed ?
which toys do these women break ?	which do these women break toys ?
what women are these children helping ?	what are these children helping women ?
which bird is the doctor talking about ?	which is the doctor talking about bird ?
what doctors has the dancer worried ?	what has the dancer worried doctors ?
what museum are these women driving to ?	what are these women driving to museum ?
what dish have those ladies lost ?	what have those ladies lost dish ?
which bank are the boys walking through ?	which are the boys walking through bank ?
which books had that driver thrown ?	which had that driver thrown books ?
what teachers will this child teach ?	what will this child teach teachers ?
what dogs can those children hear ?	what can those children hear dogs ?
which bottle is this woman throwing ?	which is this woman throwing bottle ?
which cups was this dancer breaking ?	which was this dancer breaking cups ?
which child had the driver taught ?	which had the driver taught child ?
which hat can this bed break ?	which can this bed break hat ?
what book had this child talked about ?	what had this child talked about book ?
which rings had that teacher lost ?	which had that teacher lost rings ?
what cats did this customer love ?	what did this customer love cats ?
what button did that child find ?	what did that child find button ?
what doctors did that patient listen to ?	what did that patient listen to doctors ?
which buttons has this driver held ?	which has this driver held buttons ?
what ladies had the people talked to ?	what had the people talked to ladies ?
which adult was that child working with ?	which was that child working with adult ?
what rabbits has the turtle thought about ?	what has the turtle thought about rabbits ?
which shoes can the girl lose ?	which can the girl lose shoes ?
which dolls can that chair break ?	which can that chair break dolls ?
what bottle has that patient dropped ?	what has that patient dropped bottle ?
which people have those girls helped ?	which have those girls helped people ?
what rocket will that adult throw ?	what will that adult throw rocket ?
which shoe is the guy losing ?	which is the guy losing shoe ?
what door is that adult throwing ?	what is that adult throwing door ?
what window had that driver talked about ?	what had that driver talked about window ?
which dancer will those turtles hate ?	which will those turtles hate dancer ?
which schools could that guy drive to ?	which could that guy drive to schools ?
which bed will these teachers bring ?	which will these teachers bring bed ?
what hat would the teacher remember ?	what would the teacher remember hat ?
what candles should the truck break ?	what should the truck break candles ?
what spoons was this driver holding ?	what was this driver holding spoons ?
which dolls had that customer found ?	which had that customer found dolls ?
what bowl was this snake breaking ?	what was this snake breaking bowl ?
which book did these girls buy ?	which did these girls buy book ?
which candles are those people holding ?	which are those people holding candles ?
which child have the doctors talked to ?	which have the doctors talked to child ?
what snake are those guys talking about ?	what are those guys talking about snake ?
what spoons have those dolls broken ?	what have those dolls broken spoons ?
what boats were these boys throwing ?	what were these boys throwing boats ?
which men should that patient worry ?	which should that patient worry men ?
what boat is the customer bringing ?	what is the customer bringing boat ?
which queen should the queen visit ?	which should the queen visit queen ?
what child is this person listening to ?	what is this person listening to child ?
what girls were the teachers working with ?	what were the teachers working with girls ?
what birds have the ladies heard ?	what have the ladies heard birds ?
which room can the doctors drive to ?	which can the doctors drive to room ?
what boy had that patient taught ?	what had that patient taught boy ?
which glasses is this adult keeping ?	which is this adult keeping glasses ?
what book was that dancer keeping ?	what was that dancer keeping book ?
what child will those people teach ?	what will those people teach child ?
what bed will those boats break ?	what will those boats break bed ?
which bottles had this adult remembered ?	which had this adult remembered bottles ?
which boxes should those birds think about ?	which should those birds think about boxes ?
what crayon do these turtles break ?	what do these turtles break crayon ?
which bottle have those crayons broken ?	which have those crayons broken bottle ?
which window did the teachers bring ?	which did the teachers bring window ?
which dentist are these men listening to ?	which are these men listening to dentist ?
what mall has this dentist gone to ?	what has this dentist gone to mall ?
which ship has the lady remembered ?	which has the lady remembered ship ?
which ladies was this teacher teaching ?	which was this teacher teaching ladies ?
what bottles should those children talk about ?	what should those children talk about bottles ?
which doll have those teachers fixed ?	which have those teachers fixed doll ?
which hamster does that guy sound like ?	which does that guy sound like hamster ?
which women have those guys helped ?	which have those guys helped women ?
which lady is this teacher talking about ?	which is this teacher talking about lady ?
which lady did these women understand ?	which did these women understand lady ?
what glass were these women keeping ?	what were these women keeping glass ?
which pictures is that driver fixing ?	which is that driver fixing pictures ?
what doctor will those men appreciate ?	what will those men appreciate doctor ?
which boy should these children care for ?	which should these children care for boy ?
what glasses had that dog broken ?	what had that dog broken glasses ?
which turtle should the women talk about ?	which should the women talk about turtle ?
which women would this dentist know ?	which would this dentist know women ?
what schools have those girls walked through ?	what have those girls walked through schools ?
which ladies could this customer help ?	which could this customer help ladies ?
which car will the person make ?	which will the person make car ?
which doors have those women seen ?	which have those women seen doors ?
what dish has that adult bought ?	what has that adult bought dish ?
which bowl had these cats broken ?	which had these cats broken bowl ?
what child does that guy scare ?	what does that guy scare child ?
what book did the ladies think about ?	what did the ladies think about book ?
what people would this driver worry ?	what would this driver worry people ?
what snakes have those people heard ?	what have those people heard snakes ?
what children can that adult work with ?	what can that adult work with children ?
what door has the doctor seen ?	what has the doctor seen door ?
which school is this dentist walking through ?	which is this dentist walking through school ?
what shoes had those children noticed ?	what had those children noticed shoes ?
which dancer had these teachers bothered ?	which had these teachers bothered dancer ?
which plane had the boys taken ?	which had the boys taken plane ?
which candles had the ladies seen ?	which had the ladies seen candles ?
which girl had this child worked with ?	which had this child worked with girl ?
which guys has the person heard ?	which has the person heard guys ?
what book could that turtle notice ?	what could that turtle notice book ?
which cat was that dancer thinking about ?	which was that dancer thinking about cat ?
which rooms can the people drive to ?	which can the people drive to rooms ?
which doors had these forks broken ?	which had these forks broken doors ?
what doll are the people dropping ?	what are the people dropping doll ?
which person should this man remember ?	which should this man remember person ?
which ship will the bowls break ?	which will the bowls break ship ?
which toy did that toy break ?	which did that toy break toy ?
what schools had these women passed ?	what had these women passed schools ?
which ladies has the king helped ?	which has the king helped ladies ?
which adult could the girls know ?	which could the girls know adult ?
what books was this man keeping ?	what was this man keeping books ?
what girls had the cat seen ?	what had the cat seen girls ?
which ship had those ladies found ?	which had those ladies found ship ?
what glasses were these people bringing ?	what were these people bringing glasses ?
what school would this boy drive to ?	what would this boy drive to school ?
which books can those men hold ?	which can those men hold books ?
which spoons is this customer bringing ?	which is this customer bringing spoons ?
what forks had this dancer kept ?	what had this dancer kept forks ?
which dog does the snake remember ?	which does the snake remember dog ?
which books has the king held ?	which has the king held books ?
what guy will that dancer appreciate ?	what will that dancer appreciate guy ?
what dish were the men taking ?	what were the men taking dish ?
which ring should the lady notice ?	which should the lady notice ring ?
what rabbits has the person heard ?	what has the person heard rabbits ?
which hat did those girls steal ?	which did those girls steal hat ?
which queen has the man taught ?	which has the man taught queen ?
what bowl do the hats break ?	what do the hats break bowl ?
which queen will that dancer worry ?	which will that dancer worry queen ?
what books should that snake break ?	what should that snake break books ?
what plates have these children lost ?	what have these children lost plates ?
which doll have the toys broken ?	which have the toys broken doll ?
which doctors can this boy notice ?	which can this boy notice doctors ?
what lady should this teacher bother ?	what should this teacher bother lady ?
what patient does this lady work with ?	what does this lady work with patient ?
which bank had those men gone to ?	which had those men gone to bank ?
what dolls have these women dropped ?	what have these women dropped dolls ?
which toys will the person take ?	which will the person take toys ?
what queen did the queen listen to ?	what did the queen listen to queen ?
what patient is the man helping ?	what is the man helping patient ?
which man will those boys worry ?	which will those boys worry man ?
which picture was the man dropping ?	which was the man dropping picture ?
which bowl can the doctor bring ?	which can the doctor bring bowl ?
which dancer has the lady helped ?	which has the lady helped dancer ?
which girl could this dentist bother ?	which could this dentist bother girl ?
which car can that teacher buy ?	which can that teacher buy car ?
which people will the doctors know ?	which will the doctors know people ?
what spoons has that dancer broken ?	what has that dancer broken spoons ?
which truck was this dancer cleaning ?	which was this dancer cleaning truck ?
which toy had the lady talked about ?	which had the lady talked about toy ?
what people will that customer know ?	what will that customer know people ?
what museum has that patient passed ?	what has that patient passed museum ?
what bed had these women noticed ?	what had these women noticed bed ?
which queen are the doctors working with ?	which are the doctors working with queen ?
what schools had this girl passed ?	what had this girl passed schools ?
what people could the snake think about ?	what could the snake think about people ?
which pictures could that queen keep ?	which could that queen keep pictures ?
what doors was this dish breaking ?	what was this dish breaking doors ?
which rings had these teachers moved ?	which had these teachers moved rings ?
what crayons would that woman move ?	what would that woman move crayons ?
which woman has the woman bothered ?	which has the woman bothered woman ?
which doll will that person shake ?	which will that person shake doll ?
what chairs was this teacher thinking about ?	what was this teacher thinking about chairs ?
what room should this lady run around ?	what should this lady run around room ?
what windows did these horses like ?	what did these horses like windows ?
which toy can that dancer sell ?	which can that dancer sell toy ?
which fork had the mice remembered ?	which had the mice remembered fork ?
what bowl should these teachers throw ?	what should these teachers throw bowl ?
which boy would the women help ?	which would the women help boy ?
which doors have these men moved ?	which have these men moved doors ?
which pictures did the lady have ?	which did the lady have pictures ?
what books will these girls shake ?	what will these girls shake books ?
what bowl had that guy dropped ?	what had that guy dropped bowl ?
what ladies have these people worried ?	what have these people worried ladies ?
which children could the rabbit like ?	which could the rabbit like children ?
which turtle had these horses seen ?	which had these horses seen turtle ?
which doors had the girl made ?	which had the girl made doors ?
which glasses had the forks broken ?	which had the forks broken glasses ?
which truck had that adult held ?	which had that adult held truck ?
what people had this woman talked about ?	what had this woman talked about people ?
what book have those ladies cleaned ?	what have those ladies cleaned book ?
what dish had this customer thrown ?	what had this customer thrown dish ?
which dentist will that dentist look like ?	which will that dentist look like dentist ?
which dishes had these rabbits thought about ?	which had these rabbits thought about dishes ?
which rooms has the dentist passed ?	which has the dentist passed rooms ?
what king have the boys heard ?	what have the boys heard king ?
what dancer had the dancer worried ?	what had the dancer worried dancer ?
what school did that king walk through ?	what did that king walk through school ?
which schools would the customer leave ?	which would the customer leave schools ?
which box would those forks break ?	which would those forks break box ?
what car do the turtles notice ?	what do the turtles notice car ?
what queen could these ladies answer ?	what could these ladies answer queen ?
what guy have these guys confused ?	what have these guys confused guy ?
which queen should the doctors hear ?	which should the doctors hear queen ?
what hat are those guys thinking about ?	what are those guys thinking about hat ?
what guys was the patient teaching ?	what was the patient teaching guys ?
what school could the dancer drive to ?	what could the dancer drive to school ?
which crayons is this lady moving ?	which is this lady moving crayons ?
what men has this woman helped ?	what has this woman helped men ?
which doors had those rabbits thought about ?	which had those rabbits thought about doors ?
which queen had the child confused ?	which had the child confused queen ?
which pictures were the men moving ?	which were the men moving pictures ?
what doll is the king taking ?	what is the king taking doll ?
which rug did that dancer see ?	which did that dancer see rug ?
which bird had the man heard ?	which had the man heard bird ?
what driver can that boy understand ?	what can that boy understand driver ?
what room had this child walked through ?	what had this child walked through room ?
which bicycle will the adult steal ?	which will the adult steal bicycle ?
what rocket do those doctors forget ?	what do those doctors forget rocket ?
which guys has that adult helped ?	which has that adult helped guys ?
which dancer will that child visit ?	which will that child visit dancer ?
which window is that doctor fixing ?	which is that doctor fixing window ?
which woman is this king working with ?	which is this king working with woman ?
what school could this guy return to ?	what could this guy return to school ?
which dentist has this customer bothered ?	which has this customer bothered dentist ?
what school did this king run around ?	what did this king run around school ?
which trucks were the guys holding ?	which were the guys holding trucks ?
what patient could these people think about ?	what could these people think about patient ?
which ship would that doctor see ?	which would that doctor see ship ?
which patient was the doctor visiting ?	which was the doctor visiting patient ?
which teacher is this queen teaching ?	which is this queen teaching teacher ?
what queen can the women help ?	what can the women help queen ?
which box is this shirt breaking ?	which is this shirt breaking box ?
which bag could the king forget ?	which could the king forget bag ?
which spoon should the teachers fix ?	which should the teachers fix spoon ?
which bicycle does that cat break ?	which does that cat break bicycle ?
what teacher did the dentist worry ?	what did the dentist worry teacher ?
which mirror had the driver dropped ?	which had the driver dropped mirror ?
which dentist had the lady scared ?	which had the lady scared dentist ?
what people was that man bothering ?	what was that man bothering people ?
which adult was the bird thinking about ?	which was the bird thinking about adult ?
what school should these children pass ?	what should these children pass school ?
which shirts has this guy found ?	which has this guy found shirts ?
what rabbits would this child like ?	what would this child like rabbits ?
what birds have the guys talked about ?	what have the guys talked about birds ?
which candles can this rabbit break ?	which can this rabbit break candles ?
which crayons will this dentist hold ?	which will this dentist hold crayons ?
what mirror would that queen think about ?	what would that queen think about mirror ?
what bottles was this customer taking ?	what was this customer taking bottles ?
what lady does the queen teach ?	what does the queen teach lady ?
what crayons is this car breaking ?	what is this car breaking crayons ?
which girl can the girls listen to ?	which can the girls listen to girl ?
what queen should these girls know ?	what should these girls know queen ?
what kitchen has that boy walked through ?	what has that boy walked through kitchen ?
which hats are these teachers losing ?	which are these teachers losing hats ?
what dogs would that dancer hear ?	what would that dancer hear dogs ?
which school could this girl run around ?	which could this girl run around school ?
which teacher should the dentist visit ?	which should the dentist visit teacher ?
which trucks are those children bringing ?	which are those children bringing trucks ?
which mouse had those people thought about ?	which had those people thought about mouse ?
which girl is this customer thinking about ?	which is this customer thinking about girl ?
which dolls have those boxes broken ?	which have those boxes broken dolls ?
which bag has the snake thought about ?	which has the snake thought about bag ?
which window has that doctor noticed ?	which has that doctor noticed window ?
which glass does that dog break ?	which does that dog break glass ?
what cup is that queen fixing ?	what is that queen fixing cup ?
which plate is that door breaking ?	which is that door breaking plate ?
what fork does that doctor move ?	what does that doctor move fork ?
which patient could the children work with ?	which could the children work with patient ?
which queen will that boy work with ?	which will that boy work with queen ?
what doll could the child break ?	what could the child break doll ?
which man could this girl scare ?	which could this girl scare man ?
what rug should these cats break ?	what should these cats break rug ?
which museum are those teachers driving to ?	which are those teachers driving to museum ?
which rug had this queen held ?	which had this queen held rug ?
what schools was this child running around ?	what was this child running around schools ?
what cars has this dog thought about ?	what has this dog thought about cars ?
which rabbit will those children know ?	which will those children know rabbit ?
which king should the king care for ?	which should the king care for king ?
which kitchen are those women walking through ?	which are those women walking through kitchen ?
what boat was that queen holding ?	what was that queen holding boat ?
which snake could these people hear ?	which could these people hear snake ?
which box do those buttons break ?	which do those buttons break box ?
which doctors can the person teach ?	which can the person teach doctors ?
which ladies should this queen bother ?	which should this queen bother ladies ?
what door would these children love ?	what would these children love door ?
which book can that teacher shake ?	which can that teacher shake book ?
which guy were those women talking to ?	which were those women talking to guy ?
which books should the women bring ?	which should the women bring books ?
which picture had the customer seen ?	which had the customer seen picture ?
which shoes can this horse think about ?	which can this horse think about shoes ?
what doll is that car breaking ?	what is that car breaking doll ?
what crayon will that guy have ?	what will that guy have crayon ?
which books had that child lost ?	which had that child lost books ?
which schools were those boys leaving ?	which were those boys leaving schools ?
what women had that person remembered ?	what had that person remembered women ?
what button do those children hold ?	what do those children hold button ?
what school were those doctors driving to ?	what were those doctors driving to school ?
which shoes was this king moving ?	which was this king moving shoes ?
which button is that mouse breaking ?	which is that mouse breaking button ?
which dolls had these horses thought about ?	which had these horses thought about dolls ?
which cup had that dancer taken ?	which had that dancer taken cup ?
which rings should those boys drop ?	which should those boys drop rings ?
what hat is that book breaking ?	what is that book breaking hat ?
which kitchen is the person running around ?	which is the person running around kitchen ?
which ship had the boys thought about ?	which had the boys thought about ship ?
what car had these ladies lost ?	what had these ladies lost car ?
which dishes had the person moved ?	which had the person moved dishes ?
which book has that customer brought ?	which has that customer brought book ?
what dentist had the teacher talked to ?	what had the teacher talked to dentist ?
what teacher should the doctors visit ?	what should the doctors visit teacher ?
which boats is this driver losing ?	which is this driver losing boats ?
which doll was the adult taking ?	which was the adult taking doll ?
which candle did that customer break ?	which did that customer break candle ?
what patient is the mouse thinking about ?	what is the mouse thinking about patient ?
what candles was that patient thinking about ?	what was that patient thinking about candles ?
what mall were the doctors driving to ?	what were the doctors driving to mall ?
what candle is the customer shaking ?	what is the customer shaking candle ?
what king had this patient heard ?	what had this patient heard king ?
what crayon will those guys steal ?	what will those guys steal crayon ?
which bicycle had this book broken ?	which had this book broken bicycle ?
what dancer was that doctor teaching ?	what was that doctor teaching dancer ?
which candles can the boys take ?	which can the boys take candles ?
what women have the guys found ?	what have the guys found women ?
which teacher is that lady listening to ?	which is that lady listening to teacher ?
which book had these pictures broken ?	which had these pictures broken book ?
what bag had these guys kept ?	what had these guys kept bag ?
what glasses is this man talking about ?	what is this man talking about glasses ?
which glass had those women remembered ?	which had those women remembered glass ?
which rooms were the ladies walking through ?	which were the ladies walking through rooms ?
what shirts was this boat breaking ?	what was this boat breaking shirts ?
what door could these teachers sell ?	what could these teachers sell door ?
which bowls is the bottle breaking ?	which is the bottle breaking bowls ?
which picture could that girl hold ?	which could that girl hold picture ?
which restaurant does the dentist return to ?	which does the dentist return to restaurant ?
which ship were the rabbits thinking about ?	which were the rabbits thinking about ship ?
which queen is the teacher teaching ?	which is the teacher teaching queen ?
which box is this teacher bringing ?	which is this teacher bringing box ?
what dish had the teacher taken ?	what had the teacher taken dish ?
what cats was this person thinking about ?	what was this person thinking about cats ?
what trucks is this adult moving ?	what is this adult moving trucks ?
which glasses had these men thought about ?	which had these men thought about glasses ?
what toy had those boxes broken ?	what had those boxes broken toy ?
what girls could this woman understand ?	what could this woman understand girls ?
what king did that woman answer ?	what did that woman answer king ?
which hospital could the doctors go to ?	which could the doctors go to hospital ?
which toy had the boxes broken ?	which had the boxes broken toy ?
what men is that doctor helping ?	what is that doctor helping men ?
what bags should this rug break ?	what should this rug break bags ?
which plate had these rabbits thought about ?	which had these rabbits thought about plate ?
what children had that woman heard ?	what had that woman heard children ?
what picture was this adult dropping ?	what was this adult dropping picture ?
what plate has that dancer found ?	what has that dancer found plate ?
what guys should that man answer ?	what should that man answer guys ?
what boat did those doctors lose ?	what did those doctors lose boat ?
what trucks will this bottle break ?	what will this bottle break trucks ?
which museum can that doctor go to ?	which can that doctor go to museum ?
what toys can that adult love ?	what can that adult love toys ?
what books will the buttons break ?	what will the buttons break books ?
which king can those teachers hear ?	which can those teachers hear king ?
what dish had those men talked about ?	what had those men talked about dish ?
what bowl would this girl sell ?	what would this girl sell bowl ?
what books was that king shaking ?	what was that king shaking books ?
what people should that dentist look like ?	what should that dentist look like people ?
what man had the girl lost ?	what had the girl lost man ?
what girl are the women talking to ?	what are the women talking to girl ?
which teachers had this driver lost ?	which had this driver lost teachers ?
what windows had these dogs seen ?	what had these dogs seen windows ?
what school was that lady walking through ?	what was that lady walking through school ?
which patient have the men confused ?	which have the men confused patient ?
which girl had these teachers taught ?	which had these teachers taught girl ?
which schools had those children left ?	which had those children left schools ?
which child is this adult working with ?	which is this adult working with child ?
what boats have those glasses broken ?	what have those glasses broken boats ?
which bicycle could that turtle break ?	which could that turtle break bicycle ?
which chair could that girl fix ?	which could that girl fix chair ?
what boats had these bags broken ?	what had these bags broken boats ?
which bowl do the teachers hate ?	which do the teachers hate bowl ?
which windows should these children keep ?	which should these children keep windows ?
what glasses has this person brought ?	what has this person brought glasses ?
what door can this cat forget ?	what can this cat forget door ?
what dish was that king bringing ?	what was that king bringing dish ?
which patient would the women work with ?	which would the women work with patient ?
what crayon were those ladies bringing ?	what were those ladies bringing crayon ?
which cars had the adult moved ?	which had the adult moved cars ?
what shoes would that boy move ?	what would that boy move shoes ?
which shoe is this dish breaking ?	which is this dish breaking shoe ?
which couch should those doctors forget ?	which should those doctors forget couch ?
which forks will the hamster see ?	which will the hamster see forks ?
which spoon is this door breaking ?	which is this door breaking spoon ?
what woman has the driver visited ?	what has the driver visited woman ?
what shoe should these girls like ?	what should these girls like shoe ?
what spoons do these boys take ?	what do these boys take spoons ?
what shirt are the doctors shaking ?	what are the doctors shaking shirt ?
what hats was that customer buying ?	what was that customer buying hats ?
which cars should those people sell ?	which should those people sell cars ?
what cats should the boys hear ?	what should the boys hear cats ?
which boy will these horses love ?	which will these horses love boy ?
which trucks were these boys buying ?	which were these boys buying trucks ?
which room would this dancer return to ?	which would this dancer return to room ?
what door was the doctor finding ?	what was the doctor finding door ?
which plane has the child thrown ?	which has the child thrown plane ?
which boat had the lady noticed ?	which had the lady noticed boat ?
which dentist had the men helped ?	which had the men helped dentist ?
which guys will those girls understand ?	which will those girls understand guys ?
which bed are these teachers dropping ?	which are these teachers dropping bed ?
which man had the women worried ?	which had the women worried man ?
which chair should the doctor fix ?	which should the doctor fix chair ?
which hat is the driver fixing ?	which is the driver fixing hat ?
which boats are the teachers making ?	which are the teachers making boats ?
which dogs can that dancer hear ?	which can that dancer hear dogs ?
what cup has that doctor cleaned ?	what has that doctor cleaned cup ?
what horse does that dentist hear ?	what does that dentist hear horse ?
which boxes could the child fix ?	which could the child fix boxes ?
which person have these teachers helped ?	which have these teachers helped person ?
what teacher was the queen teaching ?	what was the queen teaching teacher ?
what king had those doctors worked with ?	what had those doctors worked with king ?
what children was that teacher working with ?	what was that teacher working with children ?
what books has this horse seen ?	what has this horse seen books ?
what turtle should this queen know ?	what should this queen know turtle ?
which bank could the guy drive to ?	which could the guy drive to bank ?
which women is that teacher working with ?	which is that teacher working with women ?
what driver does that person talk to ?	what does that person talk to driver ?
what adult do those women care for ?	what do those women care for adult ?
what man could the king answer ?	what could the king answer man ?
what spoon were the women shaking ?	what were the women shaking spoon ?
which bags had those ladies broken ?	which had those ladies broken bags ?
what shirts have the boys bought ?	what have the boys bought shirts ?
which plate should the dolls break ?	which should the dolls break plate ?
what window will the doctors like ?	what will the doctors like window ?
what shoes was the book breaking ?	what was the book breaking shoes ?
what doll does the dancer forget ?	what does the dancer forget doll ?
which ship is the guy making ?	which is the guy making ship ?
what dolls should this man throw ?	what should this man throw dolls ?
which rug was that doctor buying ?	which was that doctor buying rug ?
what boy could that doctor bother ?	what could that doctor bother boy ?
which rocket had those people thought about ?	which had those people thought about rocket ?
which doll had this teacher talked about ?	which had this teacher talked about doll ?
which windows had this driver talked about ?	which had this driver talked about windows ?
which glasses could this man steal ?	which could this man steal glasses ?
what beds are these ladies losing ?	what are these ladies losing beds ?
which bed was the turtle breaking ?	which was the turtle breaking bed ?
what rocket has this turtle broken ?	what has this turtle broken rocket ?
which bicycle will the guys think about ?	which will the guys think about bicycle ?
what dish had this king broken ?	what had this king broken dish ?
which cars have these boxes broken ?	which have these boxes broken cars ?
which books has that driver found ?	which has that driver found books ?
what crayons is the child losing ?	what is the child losing crayons ?
what doctor will that woman appreciate ?	what will that woman appreciate doctor ?
what boat had those girls made ?	what had those girls made boat ?
what crayon would this king forget ?	what would this king forget crayon ?
which trucks is this adult breaking ?	which is this adult breaking trucks ?
what man will these boys listen to ?	what will these boys listen to man ?
which doors has that lady thought about ?	which has that lady thought about doors ?
which beds do these girls remember ?	which do these girls remember beds ?
what crayons can those cups break ?	what can those cups break crayons ?
which couch will this driver remember ?	which will this driver remember couch ?
which boy are those teachers teaching ?	which are those teachers teaching boy ?
what museum could the girl run around ?	what could the girl run around museum ?
which turtles had this hamster noticed ?	which had this hamster noticed turtles ?
which person is the girl teaching ?	which is the girl teaching person ?
what pictures is that boy dropping ?	what is that boy dropping pictures ?
which men will those ladies bother ?	which will those ladies bother men ?
what spoon is this queen breaking ?	what is this queen breaking spoon ?
what park is this dancer driving to ?	what is this dancer driving to park ?
which boats did those rabbits forget ?	which did those rabbits forget boats ?
what trucks would this king drop ?	what would this king drop trucks ?
what teacher has the boy heard ?	what has the boy heard teacher ?
which boys should those horses see ?	which should those horses see boys ?
which windows is that hamster breaking ?	which is that hamster breaking windows ?
which dish should these women make ?	which should these women make dish ?
what snake was the man thinking about ?	what was the man thinking about snake ?
which door had this doctor fixed ?	which had this doctor fixed door ?
which mouse did this dentist sound like ?	which did this dentist sound like mouse ?
which guys has the person talked to ?	which has the person talked to guys ?
which beds could this adult steal ?	which could this adult steal beds ?
what boys had these boys worked with ?	what had these boys worked with boys ?
what girls should the boys worry ?	what should the boys worry girls ?
what books has this man cleaned ?	what has this man cleaned books ?
which boxes should that patient steal ?	which should that patient steal boxes ?
which girls is this dancer visiting ?	which is this dancer visiting girls ?
which plates was the queen losing ?	which was the queen losing plates ?
which dancer would these women understand ?	which would these women understand dancer ?
what queen does the person scare ?	what does the person scare queen ?
what ladies has this dentist heard ?	what has this dentist heard ladies ?
which ladies will this guy visit ?	which will this guy visit ladies ?
what shoes were these guys buying ?	what were these guys buying shoes ?
which women had those ladies talked to ?	which had those ladies talked to women ?
what boats had the teachers taken ?	what had the teachers taken boats ?
which girls was the dentist listening to ?	which was the dentist listening to girls ?
which queen had that snake thought about ?	which had that snake thought about queen ?
what box did this rocket break ?	what did this rocket break box ?
which doctors does that patient visit ?	which does that patient visit doctors ?
what car had that toy broken ?	what had that toy broken car ?
what dentist does this dancer visit ?	what does this dancer visit dentist ?
which doors had those women remembered ?	which had those women remembered doors ?
what plates did the guys find ?	what did the guys find plates ?
what guys are these doctors working with ?	what are these doctors working with guys ?
what schools is this teacher going to ?	what is this teacher going to schools ?
which boys does that bird hate ?	which does that bird hate boys ?
which books had the men noticed ?	which had the men noticed books ?
which lady does the boy scare ?	which does the boy scare lady ?
what windows were those people fixing ?	what were those people fixing windows ?
what toy will that man break ?	what will that man break toy ?
which books was the woman breaking ?	which was the woman breaking books ?
what child would those guys talk to ?	what would those guys talk to child ?
what shoes are those children moving ?	what are those children moving shoes ?
what car had these children noticed ?	what had these children noticed car ?
which mirror will the lady bring ?	which will the lady bring mirror ?
which bowls were those forks breaking ?	which were those forks breaking bowls ?
which person had this cat thought about ?	which had this cat thought about person ?
what boat did those children love ?	what did those children love boat ?
what glass are those girls losing ?	what are those girls losing glass ?
which ring have those ladies brought ?	which have those ladies brought ring ?
what buttons had those ladies talked about ?	what had those ladies talked about buttons ?
which cup should the toys break ?	which should the toys break cup ?
which book will the cats remember ?	which will the cats remember book ?
which truck had those ladies remembered ?	which had those ladies remembered truck ?
what park were the people walking through ?	what were the people walking through park ?
which toys were these children moving ?	which were these children moving toys ?
what men has the lady worried ?	what has the lady worried men ?
which shirt was that rabbit thinking about ?	which was that rabbit thinking about shirt ?
what school had the woman gone to ?	what had the woman gone to school ?
what windows had that customer dropped ?	what had that customer dropped windows ?
what cup did this bicycle break ?	what did this bicycle break cup ?
what forks had the girl dropped ?	what had the girl dropped forks ?
what books are those guys moving ?	what are those guys moving books ?
what boy can these people understand ?	what can these people understand boy ?
which turtle has the doctor heard ?	which has the doctor heard turtle ?
which button had the teacher made ?	which had the teacher made button ?
which boat have the teachers held ?	which have the teachers held boat ?
which book had this patient talked about ?	which had this patient talked about book ?
what doll should the mice forget ?	what should the mice forget doll ?
what doors did that doctor break ?	what did that doctor break doors ?
which lady does this dentist look like ?	which does this dentist look like lady ?
which children would these teachers help ?	which would these teachers help children ?
what shoes can the ladies clean ?	what can the ladies clean shoes ?
what boxes could these rings break ?	what could these rings break boxes ?
what lady have the ladies talked to ?	what have the ladies talked to lady ?
what books is that guy talking about ?	what is that guy talking about books ?
which cups have those people held ?	which have those people held cups ?
which cars are these men buying ?	which are these men buying cars ?
which teacher should that person work with ?	which should that person work with teacher ?
which hats would this dancer shake ?	which would this dancer shake hats ?
what chair did those rabbits like ?	what did those rabbits like chair ?
which cup has that customer moved ?	which has that customer moved cup ?
which door had this shoe broken ?	which had this shoe broken door ?
which book are these bottles breaking ?	which are these bottles breaking book ?
which plates is the adult dropping ?	which is the adult dropping plates ?
which bed have these ladies brought ?	which have these ladies brought bed ?
what lady would the patient work with ?	what would the patient work with lady ?
what window should that patient lose ?	what should that patient lose window ?
which bowl does that dentist lift ?	which does that dentist lift bowl ?
which mirror would this king think about ?	which would this king think about mirror ?
which snake have the people talked about ?	which have the people talked about snake ?
what dishes will those ladies lift ?	what will those ladies lift dishes ?
which man would this doctor understand ?	which would this doctor understand man ?
which doll has that cat broken ?	which has that cat broken doll ?
which bags have those cars broken ?	which have those cars broken bags ?
which school do those doctors walk through ?	which do those doctors walk through school ?
what spoon was the child talking about ?	what was the child talking about spoon ?
which bowl were these teachers finding ?	which were these teachers finding bowl ?
what cats will these birds forget ?	what will these birds forget cats ?
which dancer does this girl work with ?	which does this girl work with dancer ?
which lady were these teachers talking to ?	which were these teachers talking to lady ?
which bed will that snake break ?	which will that snake break bed ?
which crayons was that hamster breaking ?	which was that hamster breaking crayons ?
what button has this queen bought ?	what has this queen bought button ?
what lady would the woman look like ?	what would the woman look like lady ?
what doors were these girls fixing ?	what were these girls fixing doors ?
what men would this dancer see ?	what would this dancer see men ?
what boat was this plate breaking ?	what was this plate breaking boat ?
what king has that driver taught ?	what has that driver taught king ?
what chair are the bottles breaking ?	what are the bottles breaking chair ?
which dancer has this dancer visited ?	which has this dancer visited dancer ?
which kitchen should these girls run around ?	which should these girls run around kitchen ?
what picture could that dentist break ?	what could that dentist break picture ?
what bottles did the driver shake ?	what did the driver shake bottles ?
which schools have the doctors left ?	which have the doctors left schools ?
which car had the customer thrown ?	which had the customer thrown car ?
what boxes were these rings breaking ?	what were these rings breaking boxes ?
what dishes should that girl make ?	what should that girl make dishes ?
what man were the people teaching ?	what were the people teaching man ?
what teachers has this guy worked with ?	what has this guy worked with teachers ?
which people do the women understand ?	which do the women understand people ?
which mirror could that dentist remember ?	which could that dentist remember mirror ?
what dancer are the doctors talking to ?	what are the doctors talking to dancer ?
which bed was the guy making ?	which was the guy making bed ?
which shirt are these boys breaking ?	which are these boys breaking shirt ?
which children will those teachers look like ?	which will those teachers look like children ?
what pictures can the snakes notice ?	what can the snakes notice pictures ?
which toys is the girl breaking ?	which is the girl breaking toys ?
which doctors will the boys answer ?	which will the boys answer doctors ?
which candle were the ladies dropping ?	which were the ladies dropping candle ?
which bag was this couch breaking ?	which was this couch breaking bag ?
which library was that guy going to ?	which was that guy going to library ?
which truck can the customer buy ?	which can the customer buy truck ?
what teachers do these guys worry ?	what do these guys worry teachers ?
which man are the men talking to ?	which are the men talking to man ?
what boy had that king seen ?	what had that king seen boy ?
what dish were those teachers shaking ?	what were those teachers shaking dish ?
which candles would these dogs remember ?	which would these dogs remember candles ?
what schools could that adult pass ?	what could that adult pass schools ?
which mice had the teacher heard ?	which had the teacher heard mice ?
what woman have those girls noticed ?	what have those girls noticed woman ?
which ladies did those teachers praise ?	which did those teachers praise ladies ?
what mirror has this person remembered ?	what has this person remembered mirror ?
which bed was this person moving ?	which was this person moving bed ?
which hospital can these doctors return to ?	which can these doctors return to hospital ?
what picture is this car breaking ?	what is this car breaking picture ?
what cars had those women remembered ?	what had those women remembered cars ?
what boys would that doctor appreciate ?	what would that doctor appreciate boys ?
what chairs had this door broken ?	what had this door broken chairs ?
what bottle are those snakes breaking ?	what are those snakes breaking bottle ?
what mouse does that person look like ?	what does that person look like mouse ?
what snakes could this lady hear ?	what could this lady hear snakes ?
which bank is the lady leaving ?	which is the lady leaving bank ?
what ship should these men fix ?	what should these men fix ship ?
which cars had this child brought ?	which had this child brought cars ?
which boat was the teacher losing ?	which was the teacher losing boat ?
what bottles does that adult drop ?	what does that adult drop bottles ?
which school have the boys left ?	which have the boys left school ?
which people have these birds remembered ?	which have these birds remembered people ?
which shirt is the customer making ?	which is the customer making shirt ?
what rings has this bed broken ?	what has this bed broken rings ?
which crayons were the children losing ?	which were the children losing crayons ?
which window will that queen forget ?	which will that queen forget window ?
which crayon was the doll breaking ?	which was the doll breaking crayon ?
which rug was that man moving ?	which was that man moving rug ?
which bed should those girls hold ?	which should those girls hold bed ?
which plates was this adult taking ?	which was this adult taking plates ?
which spoon has this woman found ?	which has this woman found spoon ?
which buttons had these plates broken ?	which had these plates broken buttons ?
what school has that king left ?	what has that king left school ?
which king did this teacher help ?	which did this teacher help king ?
what restaurant did that man drive to ?	what did that man drive to restaurant ?
which rooms had that dancer passed ?	which had that dancer passed rooms ?
which woman had those women thought about ?	which had those women thought about woman ?
which dishes are the boys dropping ?	which are the boys dropping dishes ?
what king can this driver sound like ?	what can this driver sound like king ?
what hospital should these girls pass ?	what should these girls pass hospital ?
which hat could that shirt break ?	which could that shirt break hat ?
what toy will those children drop ?	what will those children drop toy ?
which plate can that doctor notice ?	which can that doctor notice plate ?
which driver could the dancer sound like ?	which could the dancer sound like driver ?
which girl had these ladies found ?	which had these ladies found girl ?
which child does that woman answer ?	which does that woman answer child ?
what mice can the doctor hear ?	what can the doctor hear mice ?
what hats would the queen lift ?	what would the queen lift hats ?
what cats did this person love ?	what did this person love cats ?
what horses had that boy heard ?	what had that boy heard horses ?
which rooms did those women run around ?	which did those women run around rooms ?
what button could these dishes break ?	what could these dishes break button ?
what birds should this man see ?	what should this man see birds ?
which forks is the dentist finding ?	which is the dentist finding forks ?
what trucks has that patient brought ?	what has that patient brought trucks ?
what picture were these children shaking ?	what were these children shaking picture ?
which buttons have those teachers cleaned ?	which have those teachers cleaned buttons ?
what horse had the girls heard ?	what had the girls heard horse ?
which plane had the man noticed ?	which had the man noticed plane ?
what truck had the dancer bought ?	what had the dancer bought truck ?
what mirror has the queen dropped ?	what has the queen dropped mirror ?
which bag did the king hold ?	which did the king hold bag ?
what bottle would those doctors throw ?	what would those doctors throw bottle ?
what dolls had the dancer talked about ?	what had the dancer talked about dolls ?
which driver should that person help ?	which should that person help driver ?
what adult has that lady helped ?	what has that lady helped adult ?
which bags will this adult buy ?	which will this adult buy bags ?
which king would that boy know ?	which would that boy know king ?
what chairs had this turtle broken ?	what had this turtle broken chairs ?
what button would the rabbit remember ?	what would the rabbit remember button ?
what person is the doctor visiting ?	what is the doctor visiting person ?
which doctors is that driver listening to ?	which is that driver listening to doctors ?
what window had those children seen ?	what had those children seen window ?
which car is this guy making ?	which is this guy making car ?
which boy can the dentist worry ?	which can the dentist worry boy ?
which schools are those children driving to ?	which are those children driving to schools ?
which dish were those dolls breaking ?	which were those dolls breaking dish ?
which cat will the boys hear ?	which will the boys hear cat ?
what hamster would this man look like ?	what would this man look like hamster ?
which crayons could that doctor clean ?	which could that doctor clean crayons ?
what truck do the men find ?	what do the men find truck ?
which bottles would the ladies sell ?	which would the ladies sell bottles ?
what horses has this person noticed ?	what has this person noticed horses ?
which woman would that girl care for ?	which would that girl care for woman ?
what dish were those doors breaking ?	what were those doors breaking dish ?
which doctors had those doctors heard ?	which had those doctors heard doctors ?
what boys had these boys worried ?	what had these boys worried boys ?
which cars has that spoon broken ?	which has that spoon broken cars ?
which forks should this adult break ?	which should this adult break forks ?
which buttons will these ladies notice ?	which will these ladies notice buttons ?
which room do the guys return to ?	which do the guys return to room ?
what bag can those doctors sell ?	what can those doctors sell bag ?
which girl do the guys see ?	which do the guys see girl ?
which rabbits are the people thinking about ?	which are the people thinking about rabbits ?
what rabbit does that patient sound like ?	what does that patient sound like rabbit ?
which snake will this girl sound like ?	which will this girl sound like snake ?
which doctor should that patient visit ?	which should that patient visit doctor ?
what boys had that person answered ?	what had that person answered boys ?
what queen does this driver forget ?	what does this driver forget queen ?
which doctors had that teacher answered ?	which had that teacher answered doctors ?
which snake had those teachers thought about ?	which had those teachers thought about snake ?
which person will the boy work with ?	which will the boy work with person ?
what toy had these girls bought ?	what had these girls bought toy ?
which dishes would the doctors forget ?	which would the doctors forget dishes ?
which king have the guys answered ?	which have the guys answered king ?
what girl have those guys visited ?	what have those guys visited girl ?
what children do these ladies hear ?	what do these ladies hear children ?
what dentist should these ladies worry ?	what should these ladies worry dentist ?
which bottles should these turtles break ?	which should these turtles break bottles ?
what boys can that queen notice ?	what can that queen notice boys ?
what dancer had those doctors scared ?	what had those doctors scared dancer ?
what window has the boy broken ?	what has the boy broken window ?
what woman are those people talking to ?	what are those people talking to woman ?
what dancer have those children talked to ?	what have those children talked to dancer ?
what books had these girls dropped ?	what had these girls dropped books ?
which chairs has the cat remembered ?	which has the cat remembered chairs ?
which hat should this dentist throw ?	which should this dentist throw hat ?
what school were the ladies going to ?	what were the ladies going to school ?
what truck were these hats breaking ?	what were these hats breaking truck ?
which plate had the doors broken ?	which had the doors broken plate ?
what rocket did this rug break ?	what did this rug break rocket ?
what man do the people scare ?	what do the people scare man ?
which children has the man taught ?	which has the man taught children ?
which truck should the people keep ?	which should the people keep truck ?
which boxes could those doctors sell ?	which could those doctors sell boxes ?
what dentist will the boy listen to ?	what will the boy listen to dentist ?
which adult had these people found ?	which had these people found adult ?
which person had that dentist heard ?	which had that dentist heard person ?
which bird had that person heard ?	which had that person heard bird ?
what park had these people walked through ?	what had these people walked through park ?
which ladies can the teachers help ?	which can the teachers help ladies ?
what lady is that driver teaching ?	what is that driver teaching lady ?
what people should this dentist see ?	what should this dentist see people ?
which rocket will that lady lift ?	which will that lady lift rocket ?
which trucks has this boy lost ?	which has this boy lost trucks ?
what bicycle should these ladies bring ?	what should these ladies bring bicycle ?
which chair had this dentist lost ?	which had this dentist lost chair ?
what lady is that person working with ?	what is that person working with lady ?
which bottles has that person kept ?	which has that person kept bottles ?
which birds was the queen thinking about ?	which was the queen thinking about birds ?
which schools could the dancer pass ?	which could the dancer pass schools ?
what lady will the girls work with ?	what will the girls work with lady ?
what ring did this truck break ?	what did this truck break ring ?
what bag would the customer take ?	what would the customer take bag ?
which beds had this king lost ?	which had this king lost beds ?
which shirt will that queen hate ?	which will that queen hate shirt ?
which bed would the queen fix ?	which would the queen fix bed ?
which mirror has the man lost ?	which has the man lost mirror ?
what glass had that boy brought ?	what had that boy brought glass ?
what child do these ladies visit ?	what do these ladies visit child ?
what plane will the guys steal ?	what will the guys steal plane ?
what girl will this person forget ?	what will this person forget girl ?
which rooms did these children return to ?	which did these children return to rooms ?
what boys did the king worry ?	what did the king worry boys ?
which buttons should that person love ?	which should that person love buttons ?
which girl had that doctor confused ?	which had that doctor confused girl ?
what rug had the men held ?	what had the men held rug ?
which hats have the teachers held ?	which have the teachers held hats ?
which room can those boys go to ?	which can those boys go to room ?
which mirror has that girl kept ?	which has that girl kept mirror ?
which man would the customer love ?	which would the customer love man ?
which dishes have the children noticed ?	which have the children noticed dishes ?
which glasses was that woman losing ?	which was that woman losing glasses ?
which crayons should this dancer throw ?	which should this dancer throw crayons ?
what boys could the woman appreciate ?	what could the woman appreciate boys ?
which mall did the men walk through ?	which did the men walk through mall ?
which doors is the woman finding ?	which is the woman finding doors ?
what king had these turtles noticed ?	what had these turtles noticed king ?
which book should this child lose ?	which should this child lose book ?
what crayons do the boys fix ?	what do the boys fix crayons ?
what doll do these men steal ?	what do these men steal doll ?
which candles had the bird broken ?	which had the bird broken candles ?
which bags had this dancer held ?	which had this dancer held bags ?
which cars is the lady fixing ?	which is the lady fixing cars ?
what park can the girls pass ?	what can the girls pass park ?
which doctor was the adult thinking about ?	which was the adult thinking about doctor ?
what boats could this snake break ?	what could this snake break boats ?
what doctors will these children like ?	what will these children like doctors ?
which bag are the children fixing ?	which are the children fixing bag ?
which car has the king thrown ?	which has the king thrown car ?
what books is that adult shaking ?	what is that adult shaking books ?
what chair was that king shaking ?	what was that king shaking chair ?
what doctor have the rabbits noticed ?	what have the rabbits noticed doctor ?
which person had those mice seen ?	which had those mice seen person ?
which shoes will that lady throw ?	which will that lady throw shoes ?
which bird would this rabbit forget ?	which would this rabbit forget bird ?
which book has the king found ?	which has the king found book ?
which truck should those women talk about ?	which should those women talk about truck ?
what plane should this king notice ?	what should this king notice plane ?
what toys had the turtle broken ?	what had the turtle broken toys ?
which room would this adult walk through ?	which would this adult walk through room ?
what spoon is that driver breaking ?	what is that driver breaking spoon ?
what rabbit had that dancer heard ?	what had that dancer heard rabbit ?
what guys does this girl care for ?	what does this girl care for guys ?
what candle were those girls fixing ?	what were those girls fixing candle ?
which boy had these men worked with ?	which had these men worked with boy ?
which doors has that girl cleaned ?	which has that girl cleaned doors ?
which glasses did these children lose ?	which did these children lose glasses ?
what dentist had that boy worried ?	what had that boy worried dentist ?
which cup does this child notice ?	which does this child notice cup ?
which shoes were the snakes thinking about ?	which were the snakes thinking about shoes ?
what bottle can the ring break ?	what can the ring break bottle ?
which boys had the cats remembered ?	which had the cats remembered boys ?
which windows had that child seen ?	which had that child seen windows ?
what bird does this driver look like ?	what does this driver look like bird ?
which guy were the women talking about ?	which were the women talking about guy ?
which kitchen did the dentist pass ?	which did the dentist pass kitchen ?
which picture has this person talked about ?	which has this person talked about picture ?
which candles had that teacher dropped ?	which had that teacher dropped candles ?
what patient does the dancer listen to ?	what does the dancer listen to patient ?
which room were those doctors driving to ?	which were those doctors driving to room ?
which boat can those women fix ?	which can those women fix boat ?
which dishes was that couch breaking ?	which was that couch breaking dishes ?
which pictures is the person bringing ?	which is the person bringing pictures ?
which windows has that child bought ?	which has that child bought windows ?
which women would the doctors understand ?	which would the doctors understand women ?
which truck have these women held ?	which have these women held truck ?
which forks was this person taking ?	which was this person taking forks ?
what plane did these people shake ?	what did these people shake plane ?
what forks was the girl fixing ?	what was the girl fixing forks ?
what dishes is the plate breaking ?	what is the plate breaking dishes ?
what teachers had the men visited ?	what had the men visited teachers ?
which park could that boy return to ?	which could that boy return to park ?
what hats has the doctor fixed ?	what has the doctor fixed hats ?
which schools have these guys walked through ?	which have these guys walked through schools ?
what room had the guy walked through ?	what had the guy walked through room ?
what rings had those boys kept ?	what had those boys kept rings ?
which bottle had these men lost ?	which had these men lost bottle ?
what people was this queen visiting ?	what was this queen visiting people ?
what door will the boy sell ?	what will the boy sell door ?
what glass will that dentist notice ?	what will that dentist notice glass ?
which patient has that customer remembered ?	which has that customer remembered patient ?
what dancer had the boys heard ?	what had the boys heard dancer ?
which bottle would this driver sell ?	which would this driver sell bottle ?
what doors is this customer taking ?	what is this customer taking doors ?
what children was this patient talking to ?	what was this patient talking to children ?
which glass can this girl break ?	which can this girl break glass ?
which bank has the girl run around ?	which has the girl run around bank ?
which queen can this lady see ?	which can this lady see queen ?
which books is this lady making ?	which is this lady making books ?
what dishes had that boy broken ?	what had that boy broken dishes ?
which hats would that person clean ?	which would that person clean hats ?
which guys had the doctor noticed ?	which had the doctor noticed guys ?
which buttons will the ladies make ?	which will the ladies make buttons ?
which book has the woman bought ?	which has the woman bought book ?
which book are these people throwing ?	which are these people throwing book ?
what spoon are these guys making ?	what are these guys making spoon ?
which customer had that boy answered ?	which had that boy answered customer ?
what dishes has this customer seen ?	what has this customer seen dishes ?
which ladies would this king praise ?	which would this king praise ladies ?
what children are those doctors visiting ?	what are those doctors visiting children ?
which teacher was the man teaching ?	which was the man teaching teacher ?
what toy has the boy made ?	what has the boy made toy ?
what king had this doctor scared ?	what had this doctor scared king ?
what chair was the driver holding ?	what was the driver holding chair ?
which mall was this adult leaving ?	which was this adult leaving mall ?
which king can the adult bother ?	which can the adult bother king ?
what bottles should the book break ?	what should the book break bottles ?
which buttons should that man make ?	which should that man make buttons ?
which restaurant is that teacher walking through ?	which is that teacher walking through restaurant ?
which cars would the woman keep ?	which would the woman keep cars ?
what spoon have those girls taken ?	what have those girls taken spoon ?
which box do the doctors remember ?	which do the doctors remember box ?
which cups had the patient lost ?	which had the patient lost cups ?
what shoes could those ladies make ?	what could those ladies make shoes ?
what adult would these teachers talk about ?	what would these teachers talk about adult ?
which dolls do the men break ?	which do the men break dolls ?
which guy could that guy listen to ?	which could that guy listen to guy ?
what bags have these children broken ?	what have these children broken bags ?
what teacher should these people visit ?	what should these people visit teacher ?
what hats has the person bought ?	what has the person bought hats ?
what patient does that patient appreciate ?	what does that patient appreciate patient ?
what rocket is that person breaking ?	what is that person breaking rocket ?
which shirt does that girl break ?	which does that girl break shirt ?
which button have these snakes broken ?	which have these snakes broken button ?
what dolls can this teacher talk about ?	what can this teacher talk about dolls ?
which book are those cups breaking ?	which are those cups breaking book ?
which mall does this customer leave ?	which does this customer leave mall ?
what button has the driver taken ?	what has the driver taken button ?
which boat is the lady taking ?	which is the lady taking boat ?
which women has that patient visited ?	which has that patient visited women ?
which rings have these books broken ?	which have these books broken rings ?
what book did the children talk about ?	what did the children talk about book ?
which bottle will the lady break ?	which will the lady break bottle ?
what rug were the chairs breaking ?	what were the chairs breaking rug ?
what glass had these shirts broken ?	what had these shirts broken glass ?
which plate were the shirts breaking ?	which were the shirts breaking plate ?
which museum could this child return to ?	which could this child return to museum ?
what restaurant has the girl left ?	what has the girl left restaurant ?
which girl are these girls visiting ?	which are these girls visiting girl ?
which girl is this boy thinking about ?	which is this boy thinking about girl ?
which person will this girl look like ?	which will this girl look like person ?
which toys should these people remember ?	which should these people remember toys ?
which bags had the queen brought ?	which had the queen brought bags ?
which ladies does this patient help ?	which does this patient help ladies ?
what boxes were those birds breaking ?	what were those birds breaking boxes ?
which children has that person scared ?	which has that person scared children ?
which men have these girls heard ?	which have these girls heard men ?
what hats were the men finding ?	what were the men finding hats ?
which guys had the ladies lost ?	which had the ladies lost guys ?
what children is that guy visiting ?	what is that guy visiting children ?
which hospital can those boys pass ?	which can those boys pass hospital ?
what dolls will those children keep ?	what will those children keep dolls ?
what boat did the doctor have ?	what did the doctor have boat ?
what crayon can these rabbits hate ?	what can these rabbits hate crayon ?
what queen was this child working with ?	what was this child working with queen ?
what rabbits has the queen heard ?	what has the queen heard rabbits ?
what library had those boys run around ?	what had those boys run around library ?
which candle would these girls break ?	which would these girls break candle ?
which adult has that child heard ?	which has that child heard adult ?
what rings was this guy fixing ?	what was this guy fixing rings ?
which books were those birds breaking ?	which were those birds breaking books ?
what bicycle is that child talking about ?	what is that child talking about bicycle ?
which woman had the child scared ?	which had the child scared woman ?
which men has the boy confused ?	which has the boy confused men ?
which toys is this rug breaking ?	which is this rug breaking toys ?
which car has the doctor thrown ?	which has the doctor thrown car ?
which couch will that dancer sell ?	which will that dancer sell couch ?
which king do the cats like ?	which do the cats like king ?
which bed is the queen cleaning ?	which is the queen cleaning bed ?
what boys has this patient heard ?	what has this patient heard boys ?
which button was the guy throwing ?	which was the guy throwing button ?
which bicycle would that snake remember ?	which would that snake remember bicycle ?
what button have the snakes broken ?	what have the snakes broken button ?
which beds had the man thrown ?	which had the man thrown beds ?
which doors had the dog remembered ?	which had the dog remembered doors ?
what king were the ladies helping ?	what were the ladies helping king ?
which school were these doctors leaving ?	which were these doctors leaving school ?
what driver could this girl care for ?	what could this girl care for driver ?
what car are the guys bringing ?	what are the guys bringing car ?
which men had this king taught ?	which had this king taught men ?
what toy has the guy cleaned ?	what has the guy cleaned toy ?
what boxes have those doctors made ?	what have those doctors made boxes ?
what cars is that guy making ?	what is that guy making cars ?
which cars had this woman cleaned ?	which had this woman cleaned cars ?
what library does this doctor leave ?	what does this doctor leave library ?
what trucks has the customer held ?	what has the customer held trucks ?
what beds had the woman found ?	what had the woman found beds ?
what rooms had the children walked through ?	what had the children walked through rooms ?
what dancer does the man notice ?	what does the man notice dancer ?
what plates did that patient have ?	what did that patient have plates ?
what windows had the women kept ?	what had the women kept windows ?
which rug has the adult made ?	which has the adult made rug ?
what person should this patient know ?	what should this patient know person ?
which cups had that dentist broken ?	which had that dentist broken cups ?
what horse should the guys sound like ?	what should the guys sound like horse ?
which doctor were these doctors visiting ?	which were these doctors visiting doctor ?
which women has this doctor bothered ?	which has this doctor bothered women ?
what spoons are those doors breaking ?	what are those doors breaking spoons ?
what patient were these teachers working with ?	what were these teachers working with patient ?
which boat did this dancer steal ?	which did this dancer steal boat ?
what mice are these ladies thinking about ?	what are these ladies thinking about mice ?
what spoons will that doctor drop ?	what will that doctor drop spoons ?
which boy should this girl visit ?	which should this girl visit boy ?
which school had that girl left ?	which had that girl left school ?
what driver would this child care for ?	what would this child care for driver ?
which schools is this driver running around ?	which is this driver running around schools ?
which turtles had these guys talked about ?	which had these guys talked about turtles ?
which rooms has this guy left ?	which has this guy left rooms ?
what box was that king fixing ?	what was that king fixing box ?
which window has the man cleaned ?	which has the man cleaned window ?
what dog had these snakes thought about ?	what had these snakes thought about dog ?
what girl is the lady helping ?	what is the lady helping girl ?
which shoe have the doctors made ?	which have the doctors made shoe ?
which dish should that doctor steal ?	which should that doctor steal dish ?
which queen can these children praise ?	which can these children praise queen ?
what shirts would the doctors notice ?	what would the doctors notice shirts ?
which patient can those birds love ?	which can those birds love patient ?
which adult could these cats notice ?	which could these cats notice adult ?
what adult has the dentist heard ?	what has the dentist heard adult ?
which driver had this king worked with ?	which had this king worked with driver ?
what couch should that child lose ?	what should that child lose couch ?
which ladies could this teacher know ?	which could this teacher know ladies ?
which room is this customer leaving ?	which is this customer leaving room ?
