can the teacher ever talk ?	the teacher can ever talk .
could this driver ever walk through the museum ?	this driver could ever walk through the museum .
have those people ever bought this chair ?	those people have ever bought this chair .
can the doctor ever praise the woman ?	the doctor can ever praise the woman .
should these women ever steal that bottle ?	these women should ever steal that bottle .
had this hat ever broken those spoons ?	this hat had ever broken those spoons .
have the beds ever moved ?	the beds have ever moved .
can that driver ever lose ?	that driver can ever lose .
had that guy ever found this bag ?	that guy had ever found this bag .
should that horse ever love the plane ?	that horse should ever love the plane .
has the customer ever run ?	the customer has ever run .
will that king ever care for these people ?	that king will ever care for these people .
had this man ever broken these books ?	this man had ever broken these books .
have the snakes ever seen this doll ?	the snakes have ever seen this doll .
would these boys ever hear these horses ?	these boys would ever hear these horses .
should these men ever see these guys ?	these men should ever see these guys .
have those mice ever noticed this rabbit ?	those mice have ever noticed this rabbit .
have those rings ever rolled away ?	those rings have ever rolled away .
should the glasses ever break ?	the glasses should ever break .
had these ladies ever talked about this turtle ?	these ladies had ever talked about this turtle .
would that woman ever practice ?	that woman would ever practice .
would those children ever lift the picture ?	those children would ever lift the picture .
has that dancer ever eaten ?	that dancer has ever eaten .
could those ladies ever cough ?	those ladies could ever cough .
have those women ever heard these rabbits ?	those women have ever heard these rabbits .
had these beds ever moved ?	these beds had ever moved .
should those children ever eat ?	those children should ever eat .
has the patient ever answered these teachers ?	the patient has ever answered these teachers .
had the children ever brought the buttons ?	the children had ever brought the buttons .
have the doctors ever talked to that person ?	the doctors have ever talked to that person .
has that customer ever lost ?	that customer has ever lost .
have the boys ever lost this queen ?	the boys have ever lost this queen .
can these rabbits ever run ?	these rabbits can ever run .
had those women ever worried the children ?	those women had ever worried the children .
have these birds ever broken the books ?	these birds have ever broken the books .
could these men ever fix the doll ?	these men could ever fix the doll .
had this rabbit ever grown ?	this rabbit had ever grown .
has that adult ever thrown that book ?	that adult has ever thrown that book .
can this patient ever shake these cars ?	this patient can ever shake these cars .
had those ladies ever dropped those books ?	those ladies had ever dropped those books .
could the boy ever cough ?	the boy could ever cough .
would those forks ever break the chair ?	those forks would ever break the chair .
has this cat ever eaten ?	this cat has ever eaten .
will those forks ever break ?	those forks will ever break .
had the men ever heard the cats ?	the men had ever heard the cats .
would the lady ever scream ?	the lady would ever scream .
would the bottles ever break these forks ?	the bottles would ever break these forks .
has this customer ever read ?	this customer has ever read .
can this doctor ever pass the library ?	this doctor can ever pass the library .
had the child ever taken these plates ?	the child had ever taken these plates .
had that lady ever grown ?	that lady had ever grown .
can this girl ever bother those ladies ?	this girl can ever bother those ladies .
will these shirts ever drop ?	these shirts will ever drop .
could this patient ever walk through that park ?	this patient could ever walk through that park .
should the boy ever stretch ?	the boy should ever stretch .
has this king ever bought that hat ?	this king has ever bought that hat .
can this dog ever see these dogs ?	this dog can ever see these dogs .
would this bottle ever drop ?	this bottle would ever drop .
can this driver ever find the toys ?	this driver can ever find the toys .
can this boy ever have the door ?	this boy can ever have the door .
had these cars ever broken ?	these cars had ever broken .
can the king ever lift the cars ?	the king can ever lift the cars .
will the car ever break ?	the car will ever break .
will this boy ever drop this doll ?	this boy will ever drop this doll .
should this guy ever cry ?	this guy should ever cry .
has the person ever visited those doctors ?	the person has ever visited those doctors .
could those trucks ever roll away ?	those trucks could ever roll away .
has the driver ever worried that boy ?	the driver has ever worried that boy .
have these teachers ever thrown the candles ?	these teachers have ever thrown the candles .
has the king ever yelled ?	the king has ever yelled .
can these doctors ever eat ?	these doctors can ever eat .
had the doctor ever moved this hat ?	the doctor had ever moved this hat .
will that woman ever think about that man ?	that woman will ever think about that man .
should those rings ever roll away ?	those rings should ever roll away .
would this patient ever appreciate this man ?	this patient would ever appreciate this man .
could the patient ever look like the customer ?	the patient could ever look like the customer .
should that bicycle ever move ?	that bicycle should ever move .
should the horses ever break the chair ?	the horses should ever break the chair .
had the woman ever eaten ?	the woman had ever eaten .
would that chair ever drop ?	that chair would ever drop .
should this queen ever answer those children ?	this queen should ever answer those children .
will that king ever run ?	that king will ever run .
will that teacher ever work with the dentist ?	that teacher will ever work with the dentist .
could that person ever understand the women ?	that person could ever understand the women .
should the bird ever forget these windows ?	the bird should ever forget these windows .
should those boys ever keep that boat ?	those boys should ever keep that boat .
will the customer ever return to the schools ?	the customer will ever return to the schools .
have these teachers ever eaten ?	these teachers have ever eaten .
will that man ever cough ?	that man will ever cough .
had that ship ever dropped ?	that ship had ever dropped .
will that child ever paint ?	that child will ever paint .
could this driver ever throw that crayon ?	this driver could ever throw that crayon .
will the turtles ever run ?	the turtles will ever run .
would the adult ever move that ship ?	the adult would ever move that ship .
had the woman ever painted ?	the woman had ever painted .
can the people ever lift the boxes ?	the people can ever lift the boxes .
has that rug ever broken these trucks ?	that rug has ever broken these trucks .
had those pictures ever broken those books ?	those pictures had ever broken those books .
have these people ever won ?	these people have ever won .
will the ladies ever lie ?	the ladies will ever lie .
will this child ever know the guy ?	this child will ever know the guy .
would the guy ever talk to that woman ?	the guy would ever talk to that woman .
has that queen ever heard the king ?	that queen has ever heard the king .
can the child ever go to that hospital ?	the child can ever go to that hospital .
have the people ever thrown those bottles ?	the people have ever thrown those bottles .
should the turtle ever remember the candle ?	the turtle should ever remember the candle .
will the bicycle ever break that shoe ?	the bicycle will ever break that shoe .
will that king ever talk ?	that king will ever talk .
has this doctor ever lost ?	this doctor has ever lost .
had this turtle ever grown ?	this turtle had ever grown .
had these women ever answered the boys ?	these women had ever answered the boys .
would that queen ever whisper ?	that queen would ever whisper .
had those doctors ever waved ?	those doctors had ever waved .
had this bag ever broken that boat ?	this bag had ever broken that boat .
would the car ever break ?	the car would ever break .
could the bicycle ever break ?	the bicycle could ever break .
had the pictures ever broken ?	the pictures had ever broken .
could that dancer ever hold these spoons ?	that dancer could ever hold these spoons .
can the forks ever drop ?	the forks can ever drop .
should this queen ever help this man ?	this queen should ever help this man .
should the bags ever drop ?	the bags should ever drop .
had that child ever remembered the woman ?	that child had ever remembered the woman .
could that customer ever sell the cup ?	that customer could ever sell the cup .
can those ladies ever talk about that dentist ?	those ladies can ever talk about that dentist .
can those men ever see these rings ?	those men can ever see these rings .
had this patient ever run ?	this patient had ever run .
has the woman ever talked ?	the woman has ever talked .
had the men ever bothered the doctor ?	the men had ever bothered the doctor .
would that snake ever break the spoons ?	that snake would ever break the spoons .
had those guys ever lost this button ?	those guys had ever lost this button .
should this patient ever talk ?	this patient should ever talk .
would that king ever paint ?	that king would ever paint .
can those boys ever work with that man ?	those boys can ever work with that man .
have those boys ever talked about these turtles ?	those boys have ever talked about these turtles .
has that child ever kept these pictures ?	that child has ever kept these pictures .
could these boys ever sneeze ?	these boys could ever sneeze .
has that box ever dropped ?	that box has ever dropped .
should that guy ever eat ?	that guy should ever eat .
should the snakes ever hate the plane ?	the snakes should ever hate the plane .
had the crayons ever rolled away ?	the crayons had ever rolled away .
have these men ever remembered the guy ?	these men have ever remembered the guy .
should these children ever sell the bag ?	these children should ever sell the bag .
can that doctor ever eat ?	that doctor can ever eat .
should these toys ever roll away ?	these toys should ever roll away .
can these ladies ever love the snake ?	these ladies can ever love the snake .
would these guys ever bother the men ?	these guys would ever bother the men .
should these girls ever eat ?	these girls should ever eat .
should those men ever sell the shirts ?	those men should ever sell the shirts .
had the woman ever lost the people ?	the woman had ever lost the people .
had this dish ever broken these trucks ?	this dish had ever broken these trucks .
has that girl ever broken these buttons ?	that girl has ever broken these buttons .
can these girls ever worry these doctors ?	these girls can ever worry these doctors .
has this person ever painted ?	this person has ever painted .
can the girls ever forget the doors ?	the girls can ever forget the doors .
should the boys ever take this hat ?	the boys should ever take this hat .
could that guy ever talk about this shoe ?	that guy could ever talk about this shoe .
can the man ever practice ?	the man can ever practice .
could that boy ever clean the picture ?	that boy could ever clean the picture .
would that woman ever lie ?	that woman would ever lie .
had the chairs ever moved ?	the chairs had ever moved .
has this hat ever broken the chairs ?	this hat has ever broken the chairs .
had the girls ever seen the pictures ?	the girls had ever seen the pictures .
should that window ever move ?	that window should ever move .
would that woman ever clean these cups ?	that woman would ever clean these cups .
had these doctors ever left this room ?	these doctors had ever left this room .
will this guy ever appreciate this child ?	this guy will ever appreciate this child .
should that man ever keep this boat ?	that man should ever keep this boat .
had the dentist ever made the rings ?	the dentist had ever made the rings .
would those forks ever break ?	those forks would ever break .
had the dentist ever laughed ?	the dentist had ever laughed .
can that dancer ever yell ?	that dancer can ever yell .
had this teacher ever waved ?	this teacher had ever waved .
have these doctors ever heard those girls ?	these doctors have ever heard those girls .
has the girl ever talked ?	the girl has ever talked .
would that car ever break this car ?	that car would ever break this car .
can the guys ever listen to this queen ?	the guys can ever listen to this queen .
should this girl ever talk about the book ?	this girl should ever talk about the book .
would this teacher ever know that rabbit ?	this teacher would ever know that rabbit .
would that guy ever drive to this park ?	that guy would ever drive to this park .
will these children ever win ?	these children will ever win .
should that woman ever make that spoon ?	that woman should ever make that spoon .
has the doctor ever heard the lady ?	the doctor has ever heard the lady .
could those dogs ever think about this button ?	those dogs could ever think about this button .
had the adult ever remembered that window ?	the adult had ever remembered that window .
have these bags ever moved ?	these bags have ever moved .
would that king ever hold the spoon ?	that king would ever hold the spoon .
would the dancer ever cry ?	the dancer would ever cry .
has the girl ever seen this adult ?	the girl has ever seen this adult .
can this box ever roll away ?	this box can ever roll away .
had those cups ever moved ?	those cups had ever moved .
would that girl ever think about this book ?	that girl would ever think about this book .
should the guy ever walk through this hospital ?	the guy should ever walk through this hospital .
had this woman ever walked through the rooms ?	this woman had ever walked through the rooms .
can the teacher ever keep the crayons ?	the teacher can ever keep the crayons .
will the boys ever sneeze ?	the boys will ever sneeze .
had these doctors ever kept that couch ?	these doctors had ever kept that couch .
will the boat ever drop ?	the boat will ever drop .
had the dancer ever dropped the cars ?	the dancer had ever dropped the cars .
would those children ever hold that hat ?	those children would ever hold that hat .
have the men ever talked ?	the men have ever talked .
have those doctors ever laughed ?	those doctors have ever laughed .
would the snakes ever forget these guys ?	the snakes would ever forget these guys .
would these books ever roll away ?	these books would ever roll away .
should these boats ever roll away ?	these boats should ever roll away .
should those people ever sell the bicycle ?	those people should ever sell the bicycle .
would these men ever forget this king ?	these men would ever forget this king .
had those chairs ever dropped ?	those chairs had ever dropped .
should these doctors ever stretch ?	these doctors should ever stretch .
could those women ever cry ?	those women could ever cry .
would the patient ever eat ?	the patient would ever eat .
have those men ever noticed this doll ?	those men have ever noticed this doll .
have these people ever noticed that doll ?	these people have ever noticed that doll .
has this patient ever heard this teacher ?	this patient has ever heard this teacher .
can those doctors ever hear these birds ?	those doctors can ever hear these birds .
should the doctors ever worry that customer ?	the doctors should ever worry that customer .
would that dentist ever lie ?	that dentist would ever lie .
will those windows ever break ?	those windows will ever break .
have these doctors ever remembered those pictures ?	these doctors have ever remembered those pictures .
had this driver ever worried these doctors ?	this driver had ever worried these doctors .
has this king ever broken that door ?	this king has ever broken that door .
had those dishes ever broken those buttons ?	those dishes had ever broken those buttons .
would these teachers ever run ?	these teachers would ever run .
will that dog ever learn ?	that dog will ever learn .
had those horses ever run ?	those horses had ever run .
has this person ever helped the guy ?	this person has ever helped the guy .
could that doll ever move ?	that doll could ever move .
had the child ever cried ?	the child had ever cried .
has that ring ever broken that car ?	that ring has ever broken that car .
had that man ever heard the men ?	that man had ever heard the men .
would the dancer ever break the crayons ?	the dancer would ever break the crayons .
should the bottle ever move ?	the bottle should ever move .
would the doll ever roll away ?	the doll would ever roll away .
has the customer ever gone to that bank ?	the customer has ever gone to that bank .
has that dancer ever cleaned the plate ?	that dancer has ever cleaned the plate .
would those doctors ever run ?	those doctors would ever run .
should that girl ever throw this dish ?	that girl should ever throw this dish .
have the birds ever run ?	the birds have ever run .
can these doctors ever hold the cars ?	these doctors can ever hold the cars .
will those teachers ever answer those ladies ?	those teachers will ever answer those ladies .
has that girl ever helped this man ?	that girl has ever helped this man .
had those dogs ever grown ?	those dogs had ever grown .
have those guys ever walked through this hospital ?	those guys have ever walked through this hospital .
should that adult ever make this truck ?	that adult should ever make this truck .
had those girls ever worked with this lady ?	those girls had ever worked with this lady .
would those girls ever think about this window ?	those girls would ever think about this window .
could those crayons ever break that bottle ?	those crayons could ever break that bottle .
had this spoon ever broken ?	this spoon had ever broken .
would the hats ever drop ?	the hats would ever drop .
had this king ever run ?	this king had ever run .
had those women ever left this park ?	those women had ever left this park .
can that guy ever cry ?	that guy can ever cry .
will the teachers ever take the buttons ?	the teachers will ever take the buttons .
had this dentist ever learned ?	this dentist had ever learned .
will that girl ever answer the guy ?	that girl will ever answer the guy .
had those ladies ever grown ?	those ladies had ever grown .
will these doctors ever worry this woman ?	these doctors will ever worry this woman .
will that hat ever break that box ?	that hat will ever break that box .
has this customer ever seen that rocket ?	this customer has ever seen that rocket .
would the queen ever learn ?	the queen would ever learn .
have those children ever waved ?	those children have ever waved .
could the women ever whisper ?	the women could ever whisper .
had the adult ever run around this bank ?	the adult had ever run around this bank .
could that guy ever run ?	that guy could ever run .
should that lady ever cough ?	that lady should ever cough .
would these men ever work with these ladies ?	these men would ever work with these ladies .
will those girls ever eat ?	those girls will ever eat .
would this hamster ever break the boat ?	this hamster would ever break the boat .
had that child ever lost these books ?	that child had ever lost these books .
should the bags ever break these dolls ?	the bags should ever break these dolls .
would this queen ever know those people ?	this queen would ever know those people .
had this man ever taught the children ?	this man had ever taught the children .
could the fork ever move ?	the fork could ever move .
has this boy ever moved those spoons ?	this boy has ever moved those spoons .
has that lady ever read ?	that lady has ever read .
can those bags ever break ?	those bags can ever break .
will those women ever think about this shoe ?	those women will ever think about this shoe .
should these men ever wave ?	these men should ever wave .
will that bag ever break those bags ?	that bag will ever break those bags .
has this man ever cleaned that button ?	this man has ever cleaned that button .
had the customer ever seen those shoes ?	the customer had ever seen those shoes .
should that doctor ever read ?	that doctor should ever read .
should this lady ever talk to this lady ?	this lady should ever talk to this lady .
would that dish ever break the spoons ?	that dish would ever break the spoons .
could the birds ever learn ?	the birds could ever learn .
had this king ever eaten ?	this king had ever eaten .
should this king ever have the dish ?	this king should ever have the dish .
would these horses ever remember this bicycle ?	these horses would ever remember this bicycle .
had the doctor ever heard the turtle ?	the doctor had ever heard the turtle .
should these bottles ever move ?	these bottles should ever move .
should that girl ever lie ?	that girl should ever lie .
have these candles ever broken those buttons ?	these candles have ever broken those buttons .
has this picture ever dropped ?	this picture has ever dropped .
could those people ever drive to the hospital ?	those people could ever drive to the hospital .
had those boats ever broken ?	those boats had ever broken .
had those teachers ever lost that bottle ?	those teachers had ever lost that bottle .
has this girl ever remembered that lady ?	this girl has ever remembered that lady .
has the patient ever broken these cars ?	the patient has ever broken these cars .
has that turtle ever broken the rug ?	that turtle has ever broken the rug .
has this driver ever talked ?	this driver has ever talked .
could those spoons ever break the glass ?	those spoons could ever break the glass .
had the children ever won ?	the children had ever won .
would that customer ever smile ?	that customer would ever smile .
had these teachers ever taken the crayon ?	these teachers had ever taken the crayon .
would the child ever forget these ladies ?	the child would ever forget these ladies .
had this customer ever talked to the girls ?	this customer had ever talked to the girls .
will these children ever care for that child ?	these children will ever care for that child .
should that rabbit ever remember this dancer ?	that rabbit should ever remember this dancer .
would those men ever forget those guys ?	those men would ever forget those guys .
has that queen ever lost ?	that queen has ever lost .
could these girls ever hear this person ?	these girls could ever hear this person .
could this plane ever break the candle ?	this plane could ever break the candle .
would that adult ever sneeze ?	that adult would ever sneeze .
should that lady ever sing ?	that lady should ever sing .
had this lady ever laughed ?	this lady had ever laughed .
should that driver ever smile ?	that driver should ever smile .
could the woman ever lie ?	the woman could ever lie .
could this queen ever notice that window ?	this queen could ever notice that window .
can the doctors ever remember the glass ?	the doctors can ever remember the glass .
has the person ever cleaned these cars ?	the person has ever cleaned these cars .
had the cups ever moved ?	the cups had ever moved .
would these teachers ever cough ?	these teachers would ever cough .
had these people ever found these forks ?	these people had ever found these forks .
have these men ever read ?	these men have ever read .
could these women ever answer the teachers ?	these women could ever answer the teachers .
will that dancer ever think about the rabbits ?	that dancer will ever think about the rabbits .
have the women ever laughed ?	the women have ever laughed .
could the guy ever praise this dentist ?	the guy could ever praise this dentist .
can the women ever see that bag ?	the women can ever see that bag .
would the children ever praise that man ?	the children would ever praise that man .
had those doctors ever visited that patient ?	those doctors had ever visited that patient .
have these boys ever confused that lady ?	these boys have ever confused that lady .
had this fork ever broken these bottles ?	this fork had ever broken these bottles .
had that box ever dropped ?	that box had ever dropped .
could this woman ever bother this queen ?	this woman could ever bother this queen .
had the child ever won ?	the child had ever won .
has this cat ever run ?	this cat has ever run .
should those girls ever wave ?	those girls should ever wave .
can that dentist ever find the bed ?	that dentist can ever find the bed .
will that adult ever think about this couch ?	that adult will ever think about this couch .
has this doctor ever read ?	this doctor has ever read .
would the girl ever cry ?	the girl would ever cry .
could the man ever talk to that driver ?	the man could ever talk to that driver .
can the boys ever learn ?	the boys can ever learn .
could the turtle ever break those toys ?	the turtle could ever break those toys .
had that ship ever moved ?	that ship had ever moved .
had this person ever talked ?	this person had ever talked .
could that customer ever eat ?	that customer could ever eat .
has the rug ever broken this chair ?	the rug has ever broken this chair .
had those people ever painted ?	those people had ever painted .
will the teacher ever pass these rooms ?	the teacher will ever pass these rooms .
would this child ever go to this museum ?	this child would ever go to this museum .
can this dancer ever talk about the chair ?	this dancer can ever talk about the chair .
would those horses ever think about those turtles ?	those horses would ever think about those turtles .
had that dancer ever thought about these people ?	that dancer had ever thought about these people .
had the girls ever waved ?	the girls had ever waved .
should that teacher ever buy the cars ?	that teacher should ever buy the cars .
had the customer ever noticed those boys ?	the customer had ever noticed those boys .
can these doctors ever shake the doors ?	these doctors can ever shake the doors .
had this plane ever rolled away ?	this plane had ever rolled away .
will this boy ever make those cups ?	this boy will ever make those cups .
could the children ever listen to these teachers ?	the children could ever listen to these teachers .
would that queen ever clean the plates ?	that queen would ever clean the plates .
have these candles ever broken this plane ?	these candles have ever broken this plane .
can that child ever love the car ?	that child can ever love the car .
could the man ever pass the library ?	the man could ever pass the library .
will those doctors ever pass that bank ?	those doctors will ever pass that bank .
could those women ever think about the birds ?	those women could ever think about the birds .
had this lady ever broken those cars ?	this lady had ever broken those cars .
had the customer ever read ?	the customer had ever read .
would these ladies ever buy the doors ?	these ladies would ever buy the doors .
will the teacher ever move that bicycle ?	the teacher will ever move that bicycle .
has that adult ever bought that spoon ?	that adult has ever bought that spoon .
can the boys ever lift the door ?	the boys can ever lift the door .
will these plates ever break ?	these plates will ever break .
had the girl ever confused this dancer ?	the girl had ever confused this dancer .
had that dancer ever confused that driver ?	that dancer had ever confused that driver .
could this man ever hold the rocket ?	this man could ever hold the rocket .
should the dancer ever steal this hat ?	the dancer should ever steal this hat .
should those ladies ever exercise ?	those ladies should ever exercise .
will these ladies ever paint ?	these ladies will ever paint .
could this person ever break those candles ?	this person could ever break those candles .
can that teacher ever move the bottles ?	that teacher can ever move the bottles .
can this lady ever keep this glass ?	this lady can ever keep this glass .
should these girls ever remember the rabbits ?	these girls should ever remember the rabbits .
should these guys ever cough ?	these guys should ever cough .
has the lady ever noticed the mice ?	the lady has ever noticed the mice .
can the child ever scream ?	the child can ever scream .
had this girl ever lost that bowl ?	this girl had ever lost that bowl .
will that dentist ever talk ?	that dentist will ever talk .
can that mirror ever break ?	that mirror can ever break .
has that shirt ever broken that doll ?	that shirt has ever broken that doll .
had the dancer ever run around this bank ?	the dancer had ever run around this bank .
can these women ever cough ?	these women can ever cough .
had this mouse ever noticed those chairs ?	this mouse had ever noticed those chairs .
would that lady ever bring that chair ?	that lady would ever bring that chair .
can that child ever visit the teachers ?	that child can ever visit the teachers .
had the people ever thrown this bicycle ?	the people had ever thrown this bicycle .
should this spoon ever roll away ?	this spoon should ever roll away .
has that cat ever learned ?	that cat has ever learned .
should the boy ever learn ?	the boy should ever learn .
would these children ever work with the girl ?	these children would ever work with the girl .
should the crayons ever break this truck ?	the crayons should ever break this truck .
can the ladies ever steal the toys ?	the ladies can ever steal the toys .
should the men ever lift these cars ?	the men should ever lift these cars .
had those doctors ever remembered those rings ?	those doctors had ever remembered those rings .
can those ladies ever sound like that lady ?	those ladies can ever sound like that lady .
would this dancer ever practice ?	this dancer would ever practice .
should these turtles ever run ?	these turtles should ever run .
had these girls ever moved the candle ?	these girls had ever moved the candle .
would the people ever scream ?	the people would ever scream .
would the chairs ever break ?	the chairs would ever break .
would that hamster ever grow ?	that hamster would ever grow .
could those doctors ever appreciate those guys ?	those doctors could ever appreciate those guys .
would those ladies ever run ?	those ladies would ever run .
will this person ever praise that queen ?	this person will ever praise that queen .
had this doctor ever answered that woman ?	this doctor had ever answered that woman .
should the trucks ever roll away ?	the trucks should ever roll away .
should this adult ever steal that door ?	this adult should ever steal that door .
will that girl ever wave ?	that girl will ever wave .
should those women ever help that patient ?	those women should ever help that patient .
will the person ever keep this box ?	the person will ever keep this box .
had the doctor ever fixed the crayons ?	the doctor had ever fixed the crayons .
had this shirt ever broken ?	this shirt had ever broken .
has the dish ever broken ?	the dish has ever broken .
had the candles ever rolled away ?	the candles had ever rolled away .
should those teachers ever learn ?	those teachers should ever learn .
had that cup ever broken ?	that cup had ever broken .
can these women ever walk through this park ?	these women can ever walk through this park .
has the queen ever yelled ?	the queen has ever yelled .
would these girls ever paint ?	these girls would ever paint .
will those horses ever grow ?	those horses will ever grow .
can these snakes ever break those dishes ?	these snakes can ever break those dishes .
has this patient ever heard that girl ?	this patient has ever heard that girl .
has the plate ever moved ?	the plate has ever moved .
would these cats ever run ?	these cats would ever run .
should this man ever drive to that school ?	this man should ever drive to that school .
had that customer ever talked ?	that customer had ever talked .
has this queen ever heard this customer ?	this queen has ever heard this customer .
would this dish ever break the candles ?	this dish would ever break the candles .
has that glass ever broken ?	that glass has ever broken .
should that adult ever worry the girls ?	that adult should ever worry the girls .
will that man ever cry ?	that man will ever cry .
could the person ever bother the person ?	the person could ever bother the person .
should the dancer ever whisper ?	the dancer should ever whisper .
will the mouse ever grow ?	the mouse will ever grow .
had the rabbits ever learned ?	the rabbits had ever learned .
could the girl ever sell that hat ?	the girl could ever sell that hat .
have these boats ever broken ?	these boats have ever broken .
has that boy ever eaten ?	that boy has ever eaten .
will this dentist ever cry ?	this dentist will ever cry .
should this man ever run ?	this man should ever run .
should that boy ever talk about this guy ?	that boy should ever talk about this guy .
can the boys ever find this bottle ?	the boys can ever find this bottle .
have these girls ever gone to the school ?	these girls have ever gone to the school .
should these women ever whisper ?	these women should ever whisper .
have the women ever yelled ?	the women have ever yelled .
should that girl ever love that book ?	that girl should ever love that book .
could the girls ever hear the boys ?	the girls could ever hear the boys .
has this patient ever held this car ?	this patient has ever held this car .
would the king ever eat ?	the king would ever eat .
had the cars ever rolled away ?	the cars had ever rolled away .
would that dancer ever pass this mall ?	that dancer would ever pass this mall .
had the man ever worried that man ?	the man had ever worried that man .
had this lady ever heard those birds ?	this lady had ever heard those birds .
would the driver ever understand that child ?	the driver would ever understand that child .
has the lady ever noticed that boat ?	the lady has ever noticed that boat .
can these ladies ever grow ?	these ladies can ever grow .
can the lady ever bring these pictures ?	the lady can ever bring these pictures .
had this dentist ever fixed the shoes ?	this dentist had ever fixed the shoes .
has that dancer ever thrown this ship ?	that dancer has ever thrown this ship .
have the snakes ever broken the plates ?	the snakes have ever broken the plates .
could the driver ever notice the box ?	the driver could ever notice the box .
will the guys ever sing ?	the guys will ever sing .
would these rabbits ever remember the crayon ?	these rabbits would ever remember the crayon .
had this man ever worked with that woman ?	this man had ever worked with that woman .
could those guys ever talk ?	those guys could ever talk .
would that man ever grow ?	that man would ever grow .
should the candle ever break ?	the candle should ever break .
has this bicycle ever rolled away ?	this bicycle has ever rolled away .
can the queen ever run around this museum ?	the queen can ever run around this museum .
has the customer ever broken the crayons ?	the customer has ever broken the crayons .
had the girl ever laughed ?	the girl had ever laughed .
should the patient ever lose this button ?	the patient should ever lose this button .
has that teacher ever bothered this dancer ?	that teacher has ever bothered this dancer .
has that dancer ever worried that customer ?	that dancer has ever worried that customer .
could these men ever take the spoons ?	these men could ever take the spoons .
could that person ever break this ring ?	that person could ever break this ring .
can this shoe ever break the beds ?	this shoe can ever break the beds .
would those doctors ever sell this rug ?	those doctors would ever sell this rug .
should this driver ever love this glass ?	this driver should ever love this glass .
has that picture ever moved ?	that picture has ever moved .
will the men ever wave ?	the men will ever wave .
should the rocket ever break those books ?	the rocket should ever break those books .
can the turtles ever eat ?	the turtles can ever eat .
had the women ever learned ?	the women had ever learned .
has that hamster ever thought about that car ?	that hamster has ever thought about that car .
had the horse ever thought about that mouse ?	the horse had ever thought about that mouse .
has that candle ever moved ?	that candle has ever moved .
can these ladies ever teach the boys ?	these ladies can ever teach the boys .
can the doll ever break those trucks ?	the doll can ever break those trucks .
had these people ever walked through the park ?	these people had ever walked through the park .
had that man ever run around this bank ?	that man had ever run around this bank .
had the candle ever broken ?	the candle had ever broken .
had the adult ever heard that woman ?	the adult had ever heard that woman .
would the bird ever forget the boys ?	the bird would ever forget the boys .
could this queen ever cry ?	this queen could ever cry .
would the bottles ever drop ?	the bottles would ever drop .
would this guy ever know that doctor ?	this guy would ever know that doctor .
had the plates ever broken the shoe ?	the plates had ever broken the shoe .
had this driver ever passed that school ?	this driver had ever passed that school .
could the children ever see the chairs ?	the children could ever see the chairs .
have the buttons ever rolled away ?	the buttons have ever rolled away .
will that mouse ever break those glasses ?	that mouse will ever break those glasses .
had the dentist ever gone to this museum ?	the dentist had ever gone to this museum .
will this person ever remember those rings ?	this person will ever remember those rings .
had those ladies ever talked about those boats ?	those ladies had ever talked about those boats .
should that boy ever know those guys ?	that boy should ever know those guys .
could the children ever fix the plate ?	the children could ever fix the plate .
has this doctor ever taught this man ?	this doctor has ever taught this man .
have those cups ever moved ?	those cups have ever moved .
has that boy ever learned ?	that boy has ever learned .
will these boats ever roll away ?	these boats will ever roll away .
can these books ever roll away ?	these books can ever roll away .
should that adult ever worry that child ?	that adult should ever worry that child .
had these dolls ever broken the doll ?	these dolls had ever broken the doll .
can that king ever hold that candle ?	that king can ever hold that candle .
have these pictures ever dropped ?	these pictures have ever dropped .
will those people ever lose those plates ?	those people will ever lose those plates .
will this adult ever wave ?	this adult will ever wave .
has this child ever heard the queen ?	this child has ever heard the queen .
had that horse ever remembered the doctors ?	that horse had ever remembered the doctors .
has the doll ever moved ?	the doll has ever moved .
would that cat ever eat ?	that cat would ever eat .
can that picture ever move ?	that picture can ever move .
had the dolls ever dropped ?	the dolls had ever dropped .
had these shirts ever broken the bowls ?	these shirts had ever broken the bowls .
has that bird ever broken this shoe ?	that bird has ever broken this shoe .
had those people ever talked ?	those people had ever talked .
had the people ever bought that bowl ?	the people had ever bought that bowl .
can the windows ever move ?	the windows can ever move .
have these girls ever cried ?	these girls have ever cried .
had that rocket ever broken ?	that rocket had ever broken .
will the trucks ever move ?	the trucks will ever move .
had the man ever answered the teachers ?	the man had ever answered the teachers .
should the box ever drop ?	the box should ever drop .
will this child ever lose ?	this child will ever lose .
will those buttons ever break ?	those buttons will ever break .
has the shirt ever dropped ?	the shirt has ever dropped .
can that lady ever yell ?	that lady can ever yell .
had these children ever confused these girls ?	these children had ever confused these girls .
will this window ever drop ?	this window will ever drop .
has the adult ever made those cars ?	the adult has ever made those cars .
will this adult ever learn ?	this adult will ever learn .
could the adult ever drive to the bank ?	the adult could ever drive to the bank .
will these children ever sell the plates ?	these children will ever sell the plates .
had that toy ever broken the toys ?	that toy had ever broken the toys .
will that car ever move ?	that car will ever move .
can that woman ever grow ?	that woman can ever grow .
had that girl ever thought about these doctors ?	that girl had ever thought about these doctors .
has this woman ever laughed ?	this woman has ever laughed .
has this bed ever broken that rocket ?	this bed has ever broken that rocket .
will the boys ever lift this bowl ?	the boys will ever lift this bowl .
have the guys ever eaten ?	the guys have ever eaten .
had the guys ever broken this book ?	the guys had ever broken this book .
had that toy ever moved ?	that toy had ever moved .
would that snake ever grow ?	that snake would ever grow .
would those bags ever drop ?	those bags would ever drop .
could those women ever smile ?	those women could ever smile .
would the people ever grow ?	the people would ever grow .
had those women ever lost the pictures ?	those women had ever lost the pictures .
has that girl ever run ?	that girl has ever run .
should that man ever listen to the adult ?	that man should ever listen to the adult .
had the rocket ever moved ?	the rocket had ever moved .
will the rabbit ever run ?	the rabbit will ever run .
will those teachers ever hold this ship ?	those teachers will ever hold this ship .
had this man ever left this kitchen ?	this man had ever left this kitchen .
will this person ever listen to the boy ?	this person will ever listen to the boy .
would these doctors ever return to this park ?	these doctors would ever return to this park .
can those doctors ever cough ?	those doctors can ever cough .
should this bag ever move ?	this bag should ever move .
would this lady ever grow ?	this lady would ever grow .
could this woman ever love the ring ?	this woman could ever love the ring .
had that guy ever talked to this adult ?	that guy had ever talked to this adult .
could this lady ever whisper ?	this lady could ever whisper .
would the teacher ever practice ?	the teacher would ever practice .
has this hamster ever broken that bicycle ?	this hamster has ever broken that bicycle .
had this dog ever remembered those plates ?	this dog had ever remembered those plates .
had the window ever dropped ?	the window had ever dropped .
would the guys ever hold those chairs ?	the guys would ever hold those chairs .
has that driver ever learned ?	that driver has ever learned .
would the cat ever eat ?	the cat would ever eat .
can the woman ever hear those dogs ?	the woman can ever hear those dogs .
has the rocket ever broken this box ?	the rocket has ever broken this box .
would that chair ever break these crayons ?	that chair would ever break these crayons .
has the couch ever broken ?	the couch has ever broken .
could those beds ever break the bowl ?	those beds could ever break the bowl .
should the person ever lie ?	the person should ever lie .
had those guys ever moved these cups ?	those guys had ever moved these cups .
could the rabbits ever eat ?	the rabbits could ever eat .
should this girl ever hold these forks ?	this girl should ever hold these forks .
will the adult ever throw that doll ?	the adult will ever throw that doll .
can those men ever whisper ?	those men can ever whisper .
can that cat ever think about this cup ?	that cat can ever think about this cup .
will the person ever grow ?	the person will ever grow .
has that person ever yelled ?	that person has ever yelled .
had the rabbits ever grown ?	the rabbits had ever grown .
will this girl ever teach this king ?	this girl will ever teach this king .
had those teachers ever read ?	those teachers had ever read .
had those people ever walked through these schools ?	those people had ever walked through these schools .
have these horses ever thought about the patient ?	these horses have ever thought about the patient .
have the guys ever lost these children ?	the guys have ever lost these children .
will that customer ever run ?	that customer will ever run .
have those children ever heard these women ?	those children have ever heard these women .
had that queen ever seen the mice ?	that queen had ever seen the mice .
should the boys ever talk about this driver ?	the boys should ever talk about this driver .
can those horses ever notice that driver ?	those horses can ever notice that driver .
had the lady ever remembered those children ?	the lady had ever remembered those children .
has this driver ever thought about those spoons ?	this driver has ever thought about those spoons .
had the dogs ever run ?	the dogs had ever run .
should the doctor ever yell ?	the doctor should ever yell .
had that child ever learned ?	that child had ever learned .
can that woman ever drop that candle ?	that woman can ever drop that candle .
had those ladies ever held this shirt ?	those ladies had ever held this shirt .
have these teachers ever worried the customer ?	these teachers have ever worried the customer .
have the toys ever dropped ?	the toys have ever dropped .
had this dentist ever run ?	this dentist had ever run .
has this customer ever run ?	this customer has ever run .
had that customer ever worried the boy ?	that customer had ever worried the boy .
can that patient ever paint ?	that patient can ever paint .
would these shirts ever break those toys ?	these shirts would ever break those toys .
could that picture ever drop ?	that picture could ever drop .
had the women ever talked ?	the women had ever talked .
can those people ever sell that bicycle ?	those people can ever sell that bicycle .
had that woman ever found that person ?	that woman had ever found that person .
should this king ever drive to this school ?	this king should ever drive to this school .
can this hamster ever remember this window ?	this hamster can ever remember this window .
could this guy ever sell these windows ?	this guy could ever sell these windows .
has that patient ever heard the women ?	that patient has ever heard the women .
can the girls ever look like the dog ?	the girls can ever look like the dog .
had those hats ever broken ?	those hats had ever broken .
could this child ever read ?	this child could ever read .
had the guys ever painted ?	the guys had ever painted .
will the doctors ever sing ?	the doctors will ever sing .
had the crayons ever broken ?	the crayons had ever broken .
should the men ever throw those crayons ?	the men should ever throw those crayons .
could these guys ever help this lady ?	these guys could ever help this lady .
has the horse ever remembered the dishes ?	the horse has ever remembered the dishes .
have those rabbits ever thought about the cars ?	those rabbits have ever thought about the cars .
will the dentist ever praise those women ?	the dentist will ever praise those women .
should that customer ever bother the queen ?	that customer should ever bother the queen .
can this guy ever know that person ?	this guy can ever know that person .
would those teachers ever run ?	those teachers would ever run .
can those toys ever drop ?	those toys can ever drop .
would this child ever lie ?	this child would ever lie .
had these guys ever bothered these ladies ?	these guys had ever bothered these ladies .
has that chair ever broken these books ?	that chair has ever broken these books .
could this person ever think about the guy ?	this person could ever think about the guy .
have these teachers ever grown ?	these teachers have ever grown .
have these ladies ever talked to this person ?	these ladies have ever talked to this person .
had those guys ever visited those women ?	those guys had ever visited those women .
has that teacher ever dropped that mirror ?	that teacher has ever dropped that mirror .
had these guys ever run around the restaurant ?	these guys had ever run around the restaurant .
has this car ever moved ?	this car has ever moved .
had those shoes ever rolled away ?	those shoes had ever rolled away .
should this dancer ever work with the boys ?	this dancer should ever work with the boys .
had that guy ever found those hats ?	that guy had ever found those hats .
has that dentist ever run ?	that dentist has ever run .
will this person ever love those ladies ?	this person will ever love those ladies .
had these teachers ever worked with that boy ?	these teachers had ever worked with that boy .
had the ladies ever held these chairs ?	the ladies had ever held these chairs .
could the child ever hate the chairs ?	the child could ever hate the chairs .
had the child ever yelled ?	the child had ever yelled .
should these doctors ever move that rug ?	these doctors should ever move that rug .
had those men ever held that bowl ?	those men had ever held that bowl .
could these cups ever roll away ?	these cups could ever roll away .
had the driver ever thought about the dogs ?	the driver had ever thought about the dogs .
could those guys ever buy the windows ?	those guys could ever buy the windows .
had the dentist ever thought about these cups ?	the dentist had ever thought about these cups .
had the customer ever visited that doctor ?	the customer had ever visited that doctor .
had this doctor ever eaten ?	this doctor had ever eaten .
could that shoe ever break these shirts ?	that shoe could ever break these shirts .
could the doctors ever sneeze ?	the doctors could ever sneeze .
would the turtles ever grow ?	the turtles would ever grow .
can this adult ever go to this school ?	this adult can ever go to this school .
has this woman ever talked to that driver ?	this woman has ever talked to that driver .
has that customer ever yelled ?	that customer has ever yelled .
should that person ever win ?	that person should ever win .
had that button ever broken that window ?	that button had ever broken that window .
would this doctor ever think about the dentist ?	this doctor would ever think about the dentist .
can the fork ever move ?	the fork can ever move .
should the lady ever answer this teacher ?	the lady should ever answer this teacher .
would this glass ever move ?	this glass would ever move .
would that adult ever drive to those rooms ?	that adult would ever drive to those rooms .
had this adult ever scared the men ?	this adult had ever scared the men .
could that girl ever keep these doors ?	that girl could ever keep these doors .
had that teacher ever answered these doctors ?	that teacher had ever answered these doctors .
had those rabbits ever learned ?	those rabbits had ever learned .
should that queen ever look like those dogs ?	that queen should ever look like those dogs .
had this guy ever bought that candle ?	this guy had ever bought that candle .
could the patient ever appreciate the teacher ?	the patient could ever appreciate the teacher .
should that lady ever like that cup ?	that lady should ever like that cup .
will these children ever teach the guy ?	these children will ever teach the guy .
will those teachers ever shake that toy ?	those teachers will ever shake that toy .
could the driver ever lie ?	the driver could ever lie .
will those men ever take that window ?	those men will ever take that window .
had those doctors ever lost this customer ?	those doctors had ever lost this customer .
had this boat ever moved ?	this boat had ever moved .
have those children ever noticed these crayons ?	those children have ever noticed these crayons .
would this dentist ever know this girl ?	this dentist would ever know this girl .
should this person ever run around this mall ?	this person should ever run around this mall .
can that man ever read ?	that man can ever read .
could those books ever move ?	those books could ever move .
should these girls ever leave that bank ?	these girls should ever leave that bank .
would that guy ever make these doors ?	that guy would ever make these doors .
have those men ever run ?	those men have ever run .
can that king ever talk ?	that king can ever talk .
have those women ever waved ?	those women have ever waved .
would those horses ever eat ?	those horses would ever eat .
can this child ever care for the queen ?	this child can ever care for the queen .
would the mouse ever run ?	the mouse would ever run .
have those guys ever kept this plate ?	those guys have ever kept this plate .
will that guy ever steal these toys ?	that guy will ever steal these toys .
can these doctors ever learn ?	these doctors can ever learn .
would those men ever see those forks ?	those men would ever see those forks .
could the lady ever run ?	the lady could ever run .
should the mice ever eat ?	the mice should ever eat .
have these girls ever heard the boys ?	these girls have ever heard the boys .
will that child ever keep the bag ?	that child will ever keep the bag .
had these pictures ever broken the box ?	these pictures had ever broken the box .
can those teachers ever sneeze ?	those teachers can ever sneeze .
should these teachers ever bring these cups ?	these teachers should ever bring these cups .
had that adult ever learned ?	that adult had ever learned .
should the cars ever break ?	the cars should ever break .
could the teachers ever cry ?	the teachers could ever cry .
have those people ever painted ?	those people have ever painted .
have those doctors ever visited this queen ?	those doctors have ever visited this queen .
would these birds ever break those books ?	these birds would ever break those books .
has that adult ever talked about the bowls ?	that adult has ever talked about the bowls .
could those women ever lie ?	those women could ever lie .
should that child ever take that picture ?	that child should ever take that picture .
would that driver ever grow ?	that driver would ever grow .
have these people ever talked about that boat ?	these people have ever talked about that boat .
could these boats ever roll away ?	these boats could ever roll away .
has this teacher ever broken that shirt ?	this teacher has ever broken that shirt .
should this child ever look like this man ?	this child should ever look like this man .
had that bowl ever dropped ?	that bowl had ever dropped .
would that king ever lose this boat ?	that king would ever lose this boat .
would the woman ever eat ?	the woman would ever eat .
would those doctors ever fix these cars ?	those doctors would ever fix these cars .
would that shoe ever move ?	that shoe would ever move .
should the buttons ever move ?	the buttons should ever move .
should these rings ever break this couch ?	these rings should ever break this couch .
could the mouse ever break the book ?	the mouse could ever break the book .
will this teacher ever laugh ?	this teacher will ever laugh .
can the doors ever break this cup ?	the doors can ever break this cup .
had the cars ever broken that window ?	the cars had ever broken that window .
would the boys ever eat ?	the boys would ever eat .
has that customer ever heard these girls ?	that customer has ever heard these girls .
should that queen ever bother this guy ?	that queen should ever bother this guy .
will these women ever break the shirts ?	these women will ever break the shirts .
should the teacher ever sound like that customer ?	the teacher should ever sound like that customer .
would these ladies ever have that cup ?	these ladies would ever have that cup .
could those people ever praise the ladies ?	those people could ever praise the ladies .
had that dancer ever heard those turtles ?	that dancer had ever heard those turtles .
has this plate ever moved ?	this plate has ever moved .
should that adult ever read ?	that adult should ever read .
can the box ever move ?	the box can ever move .
had the customer ever run around these schools ?	the customer had ever run around these schools .
had these people ever confused that woman ?	these people had ever confused that woman .
has this rabbit ever remembered the crayons ?	this rabbit has ever remembered the crayons .
should these ladies ever talk to these women ?	these ladies should ever talk to these women .
has the adult ever helped that patient ?	the adult has ever helped that patient .
had that customer ever lost that boy ?	that customer had ever lost that boy .
had this adult ever eaten ?	this adult had ever eaten .
has this mouse ever noticed this child ?	this mouse has ever noticed this child .
should this doll ever roll away ?	this doll should ever roll away .
have those doctors ever run around this library ?	those doctors have ever run around this library .
can the child ever sound like the cat ?	the child can ever sound like the cat .
had that patient ever seen those snakes ?	that patient had ever seen those snakes .
have the trucks ever broken ?	the trucks have ever broken .
can the people ever sneeze ?	the people can ever sneeze .
has the picture ever dropped ?	the picture has ever dropped .
would the ladies ever teach this teacher ?	the ladies would ever teach this teacher .
had the boy ever thrown the shirt ?	the boy had ever thrown the shirt .
would that chair ever move ?	that chair would ever move .
can this bird ever like the books ?	this bird can ever like the books .
have those glasses ever dropped ?	those glasses have ever dropped .
can that toy ever drop ?	that toy can ever drop .
had the women ever cried ?	the women had ever cried .
could the customer ever paint ?	the customer could ever paint .
have these buttons ever dropped ?	these buttons have ever dropped .
have those cats ever thought about this hamster ?	those cats have ever thought about this hamster .
could the guys ever read ?	the guys could ever read .
should the doctor ever go to that restaurant ?	the doctor should ever go to that restaurant .
have these guys ever noticed those trucks ?	these guys have ever noticed those trucks .
should that dancer ever wave ?	that dancer should ever wave .
had this girl ever waved ?	this girl had ever waved .
can this fork ever move ?	this fork can ever move .
would the rabbit ever break the bowls ?	the rabbit would ever break the bowls .
would the adult ever worry the dentist ?	the adult would ever worry the dentist .
could these children ever steal the glass ?	these children could ever steal the glass .
will these girls ever win ?	these girls will ever win .
has this button ever rolled away ?	this button has ever rolled away .
can these children ever sneeze ?	these children can ever sneeze .
could that adult ever drive to this library ?	that adult could ever drive to this library .
will the book ever drop ?	the book will ever drop .
can that adult ever work with that woman ?	that adult can ever work with that woman .
should this driver ever take this plane ?	this driver should ever take this plane .
had those glasses ever broken those dolls ?	those glasses had ever broken those dolls .
should that boy ever paint ?	that boy should ever paint .
has that man ever heard this hamster ?	that man has ever heard this hamster .
have these forks ever moved ?	these forks have ever moved .
should that boy ever smile ?	that boy should ever smile .
could the lady ever eat ?	the lady could ever eat .
can those ladies ever think about the boys ?	those ladies can ever think about the boys .
would that boy ever lie ?	that boy would ever lie .
will this queen ever talk about the dish ?	this queen will ever talk about the dish .
should that man ever laugh ?	that man should ever laugh .
can these men ever keep these plates ?	these men can ever keep these plates .
should that glass ever drop ?	that glass should ever drop .
had those ladies ever talked about these horses ?	those ladies had ever talked about these horses .
has the bird ever broken this bowl ?	the bird has ever broken this bowl .
would the driver ever forget these pictures ?	the driver would ever forget these pictures .
can the boy ever drop the box ?	the boy can ever drop the box .
would these crayons ever break ?	these crayons would ever break .
have those doctors ever thought about these dogs ?	those doctors have ever thought about these dogs .
should this child ever hear this guy ?	this child should ever hear this guy .
can this boy ever break these cups ?	this boy can ever break these cups .
would those men ever sound like the dancer ?	those men would ever sound like the dancer .
will this dancer ever move those boats ?	this dancer will ever move those boats .
could the man ever notice the rings ?	the man could ever notice the rings .
has this queen ever visited those women ?	this queen has ever visited those women .
have these doctors ever run ?	these doctors have ever run .
had those snakes ever eaten ?	those snakes had ever eaten .
has the hamster ever noticed this bag ?	the hamster has ever noticed this bag .
should those dolls ever move ?	those dolls should ever move .
had this couch ever broken ?	this couch had ever broken .
has that spoon ever dropped ?	that spoon has ever dropped .
would that woman ever forget that picture ?	that woman would ever forget that picture .
had this man ever made the candles ?	this man had ever made the candles .
had this boy ever dropped the pictures ?	this boy had ever dropped the pictures .
can that adult ever take the dolls ?	that adult can ever take the dolls .
should this adult ever find that spoon ?	this adult should ever find that spoon .
had that woman ever heard this king ?	that woman had ever heard this king .
has the dancer ever laughed ?	the dancer has ever laughed .
had the children ever made the bowl ?	the children had ever made the bowl .
can the mouse ever eat ?	the mouse can ever eat .
could the children ever praise this driver ?	the children could ever praise this driver .
has the crayon ever broken these hats ?	the crayon has ever broken these hats .
has this dish ever broken ?	this dish has ever broken .
could those women ever move the bowls ?	those women could ever move the bowls .
would the cars ever roll away ?	the cars would ever roll away .
has this adult ever lost ?	this adult has ever lost .
had the boy ever walked through that hospital ?	the boy had ever walked through that hospital .
will this boy ever throw the beds ?	this boy will ever throw the beds .
had the toy ever broken ?	the toy had ever broken .
have the children ever grown ?	the children have ever grown .
has that doctor ever taken the toys ?	that doctor has ever taken the toys .
has the queen ever dropped the cars ?	the queen has ever dropped the cars .
has that adult ever lost ?	that adult has ever lost .
had the lady ever grown ?	the lady had ever grown .
had the girls ever talked to that king ?	the girls had ever talked to that king .
should that boy ever worry this driver ?	that boy should ever worry this driver .
can these women ever keep this chair ?	these women can ever keep this chair .
can these teachers ever drop the shoe ?	these teachers can ever drop the shoe .
has this horse ever learned ?	this horse has ever learned .
would this man ever learn ?	this man would ever learn .
had this person ever brought that bed ?	this person had ever brought that bed .
can the hamster ever break the rings ?	the hamster can ever break the rings .
could those birds ever eat ?	those birds could ever eat .
would the girl ever run ?	the girl would ever run .
will these women ever lift these spoons ?	these women will ever lift these spoons .
should these girls ever sing ?	these girls should ever sing .
had these cups ever broken this mirror ?	these cups had ever broken this mirror .
has the king ever heard the snake ?	the king has ever heard the snake .
would that dentist ever look like this child ?	that dentist would ever look like this child .
would those guys ever look like the boy ?	those guys would ever look like the boy .
had the person ever heard the queen ?	the person had ever heard the queen .
have those boys ever found this window ?	those boys have ever found this window .
had that boy ever taught the girls ?	that boy had ever taught the girls .
has the doctor ever dropped the books ?	the doctor has ever dropped the books .
has that queen ever visited this dancer ?	that queen has ever visited this dancer .
can those men ever pass that school ?	those men can ever pass that school .
had the children ever read ?	the children had ever read .
had this snake ever grown ?	this snake had ever grown .
can this customer ever clean the boats ?	this customer can ever clean the boats .
will those doctors ever go to these schools ?	those doctors will ever go to these schools .
can those windows ever break this fork ?	those windows can ever break this fork .
have the books ever dropped ?	the books have ever dropped .
had those men ever fixed those doors ?	those men had ever fixed those doors .
has the driver ever heard these turtles ?	the driver has ever heard these turtles .
could that driver ever sound like that snake ?	that driver could ever sound like that snake .
has the shirt ever moved ?	the shirt has ever moved .
would that man ever shake those books ?	that man would ever shake those books .
had that driver ever yelled ?	that driver had ever yelled .
had these guys ever learned ?	these guys had ever learned .
should that bag ever move ?	that bag should ever move .
would that lady ever wave ?	that lady would ever wave .
could the birds ever break that ship ?	the birds could ever break that ship .
has that cat ever eaten ?	that cat has ever eaten .
could those birds ever break these rings ?	those birds could ever break these rings .
had the doctor ever bought the fork ?	the doctor had ever bought the fork .
had this truck ever dropped ?	this truck had ever dropped .
would that toy ever break ?	that toy would ever break .
should this dentist ever listen to that guy ?	this dentist should ever listen to that guy .
had the teacher ever grown ?	the teacher had ever grown .
should these snakes ever learn ?	these snakes should ever learn .
can the woman ever talk ?	the woman can ever talk .
had this child ever made this crayon ?	this child had ever made this crayon .
has the patient ever grown ?	the patient has ever grown .
has this dancer ever kept the forks ?	this dancer has ever kept the forks .
would the bowl ever break those spoons ?	the bowl would ever break those spoons .
would these horses ever see this picture ?	these horses would ever see this picture .
can the driver ever smile ?	the driver can ever smile .
have the men ever left that school ?	the men have ever left that school .
had that couch ever broken those forks ?	that couch had ever broken those forks .
has the dentist ever thought about this fork ?	the dentist has ever thought about this fork .
had the forks ever broken that mirror ?	the forks had ever broken that mirror .
could this lady ever lie ?	this lady could ever lie .
had the adult ever kept this rocket ?	the adult had ever kept this rocket .
had that customer ever gone to this bank ?	that customer had ever gone to this bank .
should these horses ever break this window ?	these horses should ever break this window .
have the women ever worried this driver ?	the women have ever worried this driver .
will the patient ever laugh ?	the patient will ever laugh .
has the child ever laughed ?	the child has ever laughed .
would the dancer ever bother the guys ?	the dancer would ever bother the guys .
has that bowl ever moved ?	that bowl has ever moved .
could this king ever laugh ?	this king could ever laugh .
has that guy ever eaten ?	that guy has ever eaten .
would the cats ever hate these men ?	the cats would ever hate these men .
should this person ever keep these toys ?	this person should ever keep these toys .
can this dog ever think about the beds ?	this dog can ever think about the beds .
can the teacher ever sound like that person ?	the teacher can ever sound like that person .
would that dentist ever answer the guy ?	that dentist would ever answer the guy .
should this girl ever move these shoes ?	this girl should ever move these shoes .
would that woman ever teach the teacher ?	that woman would ever teach the teacher .
should the window ever break these books ?	the window should ever break these books .
would that teacher ever work with those girls ?	that teacher would ever work with those girls .
will the dentist ever sneeze ?	the dentist will ever sneeze .
could these girls ever break this car ?	these girls could ever break this car .
can that driver ever stretch ?	that driver can ever stretch .
can that king ever whisper ?	that king can ever whisper .
could the children ever find those bags ?	the children could ever find those bags .
had that boy ever bought the dolls ?	that boy had ever bought the dolls .
have the ladies ever talked ?	the ladies have ever talked .
had the men ever heard that guy ?	the men had ever heard that guy .
had the dentist ever remembered that adult ?	the dentist had ever remembered that adult .
have those bowls ever dropped ?	those bowls have ever dropped .
will those ladies ever think about the boxes ?	those ladies will ever think about the boxes .
would the patient ever lose this fork ?	the patient would ever lose this fork .
have the boats ever broken ?	the boats have ever broken .
will these doctors ever pass the rooms ?	these doctors will ever pass the rooms .
can that teacher ever know the rabbit ?	that teacher can ever know the rabbit .
can the windows ever break this glass ?	the windows can ever break this glass .
have those men ever lost these books ?	those men have ever lost these books .
has this dog ever thought about that guy ?	this dog has ever thought about that guy .
can that guy ever teach this dentist ?	that guy can ever teach this dentist .
had that boy ever heard those children ?	that boy had ever heard those children .
would that driver ever fix that crayon ?	that driver would ever fix that crayon .
had that book ever rolled away ?	that book had ever rolled away .
will this turtle ever run ?	this turtle will ever run .
has that adult ever broken these plates ?	that adult has ever broken these plates .
have the guys ever kept those dolls ?	the guys have ever kept those dolls .
should those boys ever love that plane ?	those boys should ever love that plane .
would the button ever drop ?	the button would ever drop .
will the dogs ever eat ?	the dogs will ever eat .
could those windows ever drop ?	those windows could ever drop .
has that dog ever run ?	that dog has ever run .
should these boys ever make the candle ?	these boys should ever make the candle .
had those guys ever talked about these crayons ?	those guys had ever talked about these crayons .
have these mice ever run ?	these mice have ever run .
has this woman ever heard that woman ?	this woman has ever heard that woman .
will those teachers ever drive to this bank ?	those teachers will ever drive to this bank .
should this teacher ever listen to the king ?	this teacher should ever listen to the king .
can that queen ever forget this adult ?	that queen can ever forget this adult .
can the dentist ever run ?	the dentist can ever run .
should those women ever win ?	those women should ever win .
should this person ever talk about the man ?	this person should ever talk about the man .
has this patient ever fixed the bowl ?	this patient has ever fixed the bowl .
has this adult ever bothered the teacher ?	this adult has ever bothered the teacher .
will this dentist ever stretch ?	this dentist will ever stretch .
could these teachers ever run ?	these teachers could ever run .
will this queen ever care for that dentist ?	this queen will ever care for that dentist .
have those beds ever dropped ?	those beds have ever dropped .
has that rabbit ever eaten ?	that rabbit has ever eaten .
have those children ever talked ?	those children have ever talked .
had these men ever lost the cars ?	these men had ever lost the cars .
will that teacher ever worry this dentist ?	that teacher will ever worry this dentist .
have the people ever thought about the shirts ?	the people have ever thought about the shirts .
has that child ever cleaned the car ?	that child has ever cleaned the car .
will this customer ever see that turtle ?	this customer will ever see that turtle .
could the car ever break those spoons ?	the car could ever break those spoons .
had those pictures ever dropped ?	those pictures had ever dropped .
could that person ever smile ?	that person could ever smile .
can the king ever steal the forks ?	the king can ever steal the forks .
will the child ever fix this car ?	the child will ever fix this car .
had this lady ever read ?	this lady had ever read .
had those girls ever bought that crayon ?	those girls had ever bought that crayon .
had those teachers ever found that dish ?	those teachers had ever found that dish .
could these boys ever yell ?	these boys could ever yell .
