your dentist bought my cousin the car .	your dentist dropped my cousin the car .
the customer bought my boss the book .	the customer held my boss the book .
Noah gave your boss the doll .	Noah held your boss the doll .
Anna showed my brother the car .	Anna cleaned my brother the car .
Steven sent my cousin 's wife 's dad the bed .	Steven lost my cousin 's wife 's dad the bed .
my boss sent my daughter 's mother the shirt .	my boss kept my daughter 's mother the shirt .
your doctor bought my boss the button .	your doctor cleaned my boss the button .
your teacher bought my boss 's teacher the plane .	your teacher held my boss 's teacher the plane .
David sent my father 's boss the glass .	David shook my father 's boss the glass .
Frank sent your father the ship .	Frank shook your father the ship .
Noah bought my friend 's brother 's friend the button .	Noah moved my friend 's brother 's friend the button .
the customer showed my sister 's sister the button .	the customer shook my sister 's sister the button .
your boss showed my doctor the picture .	your boss cleaned my doctor the picture .
the teacher bought your doctor 's husband 's dad the boat .	the teacher dropped your doctor 's husband 's dad the boat .
Patrick sent your dad 's cousin 's dad the fork .	Patrick shook your dad 's cousin 's dad the fork .
Catherine bought your dentist 's brother the hat .	Catherine dropped your dentist 's brother the hat .
the person gave your teacher 's grandmother the box .	the person cleaned your teacher 's grandmother the box .
my cousin sent my cousin 's cousin the plate .	my cousin shook my cousin 's cousin the plate .
my cousin showed my doctor 's wife 's sister the chair .	my cousin held my doctor 's wife 's sister the chair .
your doctor showed my daughter the glass .	your doctor shook my daughter the glass .
the teacher gave your friend 's teacher the book .	the teacher held your friend 's teacher the book .
my cousin gave your father 's doctor 's wife the plane .	my cousin moved your father 's doctor 's wife the plane .
my teacher bought your brother 's grandmother the mirror .	my teacher shook your brother 's grandmother the mirror .
your teacher showed your husband 's mother 's daughter the picture .	your teacher dropped your husband 's mother 's daughter the picture .
James gave my brother the plate .	James dropped my brother the plate .
Joseph sent my teacher 's brother the shoe .	Joseph dropped my teacher 's brother the shoe .
my teacher showed your husband 's son 's son the rug .	my teacher cleaned your husband 's son 's son the rug .
my teacher sent my friend 's sister 's husband the cup .	my teacher dropped my friend 's sister 's husband the cup .
Nina showed my dad the truck .	Nina held my dad the truck .
your cousin showed my dad the door .	your cousin lost my dad the door .
the teacher sent my cousin 's doctor the book .	the teacher dropped my cousin 's doctor the book .
your boss showed your doctor the door .	your boss kept your doctor the door .
the customer sent your sister 's brother the chair .	the customer kept your sister 's brother the chair .
the child gave my cousin 's boss 's husband the window .	the child moved my cousin 's boss 's husband the window .
Sally gave my daughter the car .	Sally held my daughter the car .
Laurie sent my dad the button .	Laurie lost my dad the button .
Sarah sent your friend the couch .	Sarah cleaned your friend the couch .
your doctor gave your friend the bowl .	your doctor moved your friend the bowl .
Erin bought my sister the bottle .	Erin moved my sister the bottle .
Susan showed your boss 's grandmother the doll .	Susan held your boss 's grandmother the doll .
your dentist gave your teacher 's daughter the candle .	your dentist shook your teacher 's daughter the candle .
my boss showed my grandmother 's boss 's cousin the door .	my boss moved my grandmother 's boss 's cousin the door .
your friend bought your teacher 's dad 's mom the couch .	your friend kept your teacher 's dad 's mom the couch .
my teacher gave your friend 's boss the shirt .	my teacher moved your friend 's boss the shirt .
the adult gave my sister 's mother the car .	the adult moved my sister 's mother the car .
the customer gave my husband 's father 's dad the candle .	the customer shook my husband 's father 's dad the candle .
Samantha sent your dentist 's cousin 's friend the book .	Samantha dropped your dentist 's cousin 's friend the book .
the customer gave my sister 's mother the shirt .	the customer lost my sister 's mother the shirt .
the adult gave your daughter the fork .	the adult held your daughter the fork .
your boss sent your dentist 's mother the crayon .	your boss moved your dentist 's mother the crayon .
my teacher sent your wife 's sister 's mom the car .	my teacher lost your wife 's sister 's mom the car .
the teacher bought my cousin the bed .	the teacher kept my cousin the bed .
Brett gave my teacher 's husband 's doctor the button .	Brett dropped my teacher 's husband 's doctor the button .
the patient bought your grandmother 's grandmother the car .	the patient kept your grandmother 's grandmother the car .
the child sent your mother the cup .	the child shook your mother the cup .
your dentist gave your dad the book .	your dentist lost your dad the book .
Sarah bought my husband 's husband 's husband the toy .	Sarah moved my husband 's husband 's husband the toy .
my friend showed my brother the bicycle .	my friend dropped my brother the bicycle .
the doctor showed your wife 's daughter the book .	the doctor moved your wife 's daughter the book .
Erin gave your dad the box .	Erin lost your dad the box .
my cousin sent your doctor 's cousin the shoe .	my cousin shook your doctor 's cousin the shoe .
your teacher gave my husband 's grandmother the book .	your teacher lost my husband 's grandmother the book .
Leslie showed your dad 's sister the crayon .	Leslie shook your dad 's sister the crayon .
the dentist sent your friend the doll .	the dentist held your friend the doll .
Jane showed my teacher 's daughter the window .	Jane dropped my teacher 's daughter the window .
Steve showed my husband the couch .	Steve held my husband the couch .
Renee gave your dad 's mother 's mother the window .	Renee kept your dad 's mother 's mother the window .
George bought your doctor 's boss the door .	George cleaned your doctor 's boss the door .
Lisa sent your friend 's grandmother the truck .	Lisa moved your friend 's grandmother the truck .
the customer bought your doctor 's son the book .	the customer kept your doctor 's son the book .
the person showed my brother 's teacher the truck .	the person held my brother 's teacher the truck .
my cousin gave your friend 's teacher 's brother the boat .	my cousin moved your friend 's teacher 's brother the boat .
Eric sent my wife 's brother the window .	Eric dropped my wife 's brother the window .
the patient gave my friend 's cousin the car .	the patient cleaned my friend 's cousin the car .
the adult gave your sister 's father the hat .	the adult shook your sister 's father the hat .
my teacher gave my mother 's mom 's dad the bed .	my teacher kept my mother 's mom 's dad the bed .
Steven sent my mom 's doctor 's dad the ship .	Steven kept my mom 's doctor 's dad the ship .
my cousin gave your cousin the bag .	my cousin cleaned your cousin the bag .
Vanessa showed your friend 's cousin 's cousin the picture .	Vanessa shook your friend 's cousin 's cousin the picture .
your friend sent your sister 's friend 's mother the bicycle .	your friend dropped your sister 's friend 's mother the bicycle .
Gregory sent your father 's teacher 's daughter the couch .	Gregory held your father 's teacher 's daughter the couch .
your teacher gave your doctor the candle .	your teacher cleaned your doctor the candle .
my teacher bought my doctor 's doctor 's son the car .	my teacher held my doctor 's doctor 's son the car .
my teacher sent my friend the box .	my teacher moved my friend the box .
my doctor gave my wife 's boss 's dentist the couch .	my doctor kept my wife 's boss 's dentist the couch .
your doctor sent my wife the truck .	your doctor kept my wife the truck .
George gave my grandmother the picture .	George moved my grandmother the picture .
Steven sent my teacher the ship .	Steven shook my teacher the ship .
your cousin bought my friend the bottle .	your cousin lost my friend the bottle .
the dancer sent my son 's daughter 's sister the spoon .	the dancer shook my son 's daughter 's sister the spoon .
Brett bought your daughter the car .	Brett moved your daughter the car .
your doctor bought my father the chair .	your doctor cleaned my father the chair .
your boss showed your doctor the dish .	your boss lost your doctor the dish .
Paul sent my friend 's boss the plane .	Paul cleaned my friend 's boss the plane .
Jason showed my brother 's cousin the book .	Jason kept my brother 's cousin the book .
my boss gave my wife the box .	my boss kept my wife the box .
your doctor showed your boss the boat .	your doctor dropped your boss the boat .
the dentist sent my son 's boss 's mom the dish .	the dentist cleaned my son 's boss 's mom the dish .
Nina sent your wife 's mom 's father the cup .	Nina shook your wife 's mom 's father the cup .
Guy sent my friend 's sister 's sister the bottle .	Guy kept my friend 's sister 's sister the bottle .
Stephanie gave my husband 's friend 's brother the spoon .	Stephanie moved my husband 's friend 's brother the spoon .
the doctor sent your dad 's daughter 's mom the box .	the doctor kept your dad 's daughter 's mom the box .
your dentist showed my daughter 's mom 's husband the window .	your dentist cleaned my daughter 's mom 's husband the window .
the teacher bought my mom 's dad the spoon .	the teacher held my mom 's dad the spoon .
my teacher sent my grandmother 's grandmother the cup .	my teacher moved my grandmother 's grandmother the cup .
Vanessa sent your teacher 's doctor 's dentist the picture .	Vanessa moved your teacher 's doctor 's dentist the picture .
Ann sent your grandmother 's teacher 's father the shoe .	Ann lost your grandmother 's teacher 's father the shoe .
the dentist bought my daughter 's teacher the couch .	the dentist held my daughter 's teacher the couch .
the adult gave your sister 's sister the spoon .	the adult held your sister 's sister the spoon .
the child bought my grandmother the rug .	the child kept my grandmother the rug .
the dancer sent my husband 's mother 's sister the truck .	the dancer dropped my husband 's mother 's sister the truck .
the dancer sent your teacher the bicycle .	the dancer cleaned your teacher the bicycle .
Julia sent your doctor the ship .	Julia lost your doctor the ship .
my dentist sent your dad 's dad 's wife the boat .	my dentist cleaned your dad 's dad 's wife the boat .
Guy showed your father the candle .	Guy kept your father the candle .
Sandra bought your boss the plate .	Sandra cleaned your boss the plate .
Thomas bought your brother 's mom 's boss the crayon .	Thomas shook your brother 's mom 's boss the crayon .
the dentist gave my brother 's sister 's husband the mirror .	the dentist cleaned my brother 's sister 's husband the mirror .
my doctor bought my grandmother 's brother the toy .	my doctor kept my grandmother 's brother the toy .
Erin sent my wife 's sister the bottle .	Erin cleaned my wife 's sister the bottle .
Elizabeth sent your brother 's dentist 's sister the rocket .	Elizabeth shook your brother 's dentist 's sister the rocket .
the customer sent your mom 's sister the truck .	the customer moved your mom 's sister the truck .
Kevin sent my daughter 's grandmother 's father the mirror .	Kevin cleaned my daughter 's grandmother 's father the mirror .
your cousin gave your daughter the ship .	your cousin held your daughter the ship .
my boss bought your doctor 's doctor 's dentist the dish .	my boss held your doctor 's doctor 's dentist the dish .
the customer bought your doctor the toy .	the customer kept your doctor the toy .
the person sent your son 's mom 's daughter the bed .	the person kept your son 's mom 's daughter the bed .
Frank showed your son 's son the car .	Frank shook your son 's son the car .
my teacher gave your husband 's dentist the spoon .	my teacher shook your husband 's dentist the spoon .
Lisa showed my cousin 's father 's mother the glass .	Lisa held my cousin 's father 's mother the glass .
Alice bought your brother 's sister 's wife the window .	Alice shook your brother 's sister 's wife the window .
Liam gave my father 's grandmother the crayon .	Liam kept my father 's grandmother the crayon .
the driver bought your teacher 's mom 's mom the spoon .	the driver lost your teacher 's mom 's mom the spoon .
your dentist gave your brother the cup .	your dentist cleaned your brother the cup .
your friend showed your husband 's dad the plate .	your friend shook your husband 's dad the plate .
Linda bought my son the mirror .	Linda moved my son the mirror .
the doctor sent my father 's dad the doll .	the doctor lost my father 's dad the doll .
my boss sent my cousin 's doctor the rocket .	my boss dropped my cousin 's doctor the rocket .
Stephanie showed your boss the bowl .	Stephanie lost your boss the bowl .
the child showed your wife 's wife 's grandmother the cup .	the child lost your wife 's wife 's grandmother the cup .
the doctor showed your grandmother 's sister 's brother the picture .	the doctor dropped your grandmother 's sister 's brother the picture .
George bought your dad 's mom the shoe .	George cleaned your dad 's mom the shoe .
my boss gave my daughter 's doctor 's mom the dish .	my boss dropped my daughter 's doctor 's mom the dish .
Guy showed your boss 's grandmother the shirt .	Guy lost your boss 's grandmother the shirt .
my doctor gave my grandmother the ship .	my doctor moved my grandmother the ship .
Daniel gave my mother 's son 's sister the cup .	Daniel lost my mother 's son 's sister the cup .
my doctor gave your mom the bowl .	my doctor lost your mom the bowl .
Julie bought your mother the bottle .	Julie moved your mother the bottle .
the child bought your wife 's son 's mother the box .	the child cleaned your wife 's son 's mother the box .
your dentist sent your daughter 's mom 's dentist the dish .	your dentist moved your daughter 's mom 's dentist the dish .
the adult bought my brother 's boss 's husband the shoe .	the adult dropped my brother 's boss 's husband the shoe .
the driver gave your dentist the book .	the driver cleaned your dentist the book .
my teacher gave my daughter 's boss the door .	my teacher cleaned my daughter 's boss the door .
the adult sent my father the door .	the adult shook my father the door .
Sarah sent your boss 's daughter the plane .	Sarah lost your boss 's daughter the plane .
my dentist sent your teacher the book .	my dentist shook your teacher the book .
Mary gave your father 's son the couch .	Mary moved your father 's son the couch .
your boss bought my grandmother 's friend 's sister the doll .	your boss cleaned my grandmother 's friend 's sister the doll .
Steve bought my mom the window .	Steve shook my mom the window .
Carol sent your son 's boss the bed .	Carol kept your son 's boss the bed .
your doctor gave your dentist the hat .	your doctor shook your dentist the hat .
Frank showed your sister the window .	Frank dropped your sister the window .
my doctor sent my cousin 's boss the shirt .	my doctor lost my cousin 's boss the shirt .
Becca showed my grandmother 's boss 's father the doll .	Becca cleaned my grandmother 's boss 's father the doll .
the dentist showed my grandmother 's daughter the shoe .	the dentist kept my grandmother 's daughter the shoe .
Melissa gave my husband 's mom 's daughter the glass .	Melissa dropped my husband 's mom 's daughter the glass .
the person showed your son 's boss 's wife the ship .	the person kept your son 's boss 's wife the ship .
the doctor bought my father 's husband 's teacher the book .	the doctor lost my father 's husband 's teacher the book .
the adult showed your daughter the toy .	the adult moved your daughter the toy .
my teacher gave your husband 's daughter the mirror .	my teacher shook your husband 's daughter the mirror .
your teacher gave my wife 's wife 's father the cup .	your teacher dropped my wife 's wife 's father the cup .
your teacher showed your cousin 's husband the rocket .	your teacher shook your cousin 's husband the rocket .
Marie showed your teacher the hat .	Marie shook your teacher the hat .
Renee bought my father 's boss the door .	Renee lost my father 's boss the door .
George sent your doctor the truck .	George moved your doctor the truck .
Eric gave your friend 's dentist 's doctor the plate .	Eric held your friend 's dentist 's doctor the plate .
the dentist sent your wife 's friend 's friend the spoon .	the dentist held your wife 's friend 's friend the spoon .
Sally sent your wife 's husband the book .	Sally kept your wife 's husband the book .
the doctor gave your cousin 's grandmother 's cousin the plane .	the doctor lost your cousin 's grandmother 's cousin the plane .
the doctor gave your cousin 's sister 's dad the picture .	the doctor moved your cousin 's sister 's dad the picture .
the customer showed your husband 's father the bottle .	the customer dropped your husband 's father the bottle .
Becky sent your son 's teacher 's dad the box .	Becky lost your son 's teacher 's dad the box .
my boss gave your daughter the ring .	my boss moved your daughter the ring .
your teacher showed your cousin the plane .	your teacher moved your cousin the plane .
your teacher sent your daughter 's teacher 's doctor the bed .	your teacher held your daughter 's teacher 's doctor the bed .
your boss bought my grandmother the plate .	your boss cleaned my grandmother the plate .
Ronald bought my dad the boat .	Ronald shook my dad the boat .
Renee sent your mom the rug .	Renee kept your mom the rug .
the doctor gave your dentist 's teacher the car .	the doctor held your dentist 's teacher the car .
my teacher showed my teacher the glass .	my teacher lost my teacher the glass .
the patient gave my brother 's friend 's father the dish .	the patient kept my brother 's friend 's father the dish .
your friend bought your sister the bottle .	your friend held your sister the bottle .
Kayla bought my sister 's sister 's sister the bag .	Kayla kept my sister 's sister 's sister the bag .
my boss showed your husband the ship .	my boss shook your husband the ship .
the customer gave my teacher 's grandmother the ship .	the customer cleaned my teacher 's grandmother the ship .
Marie showed your husband 's boss 's mom the plane .	Marie kept your husband 's boss 's mom the plane .
your friend sent your father 's grandmother the box .	your friend dropped your father 's grandmother the box .
your cousin showed your sister 's son 's friend the car .	your cousin held your sister 's son 's friend the car .
the dancer showed your father the car .	the dancer kept your father the car .
your doctor sent your mom the chair .	your doctor cleaned your mom the chair .
my teacher bought my cousin 's boss 's teacher the bottle .	my teacher kept my cousin 's boss 's teacher the bottle .
Jane sent your friend 's dentist 's boss the button .	Jane moved your friend 's dentist 's boss the button .
Jane showed your wife 's husband 's brother the dish .	Jane kept your wife 's husband 's brother the dish .
my cousin sent your cousin the bottle .	my cousin kept your cousin the bottle .
William sent my teacher the toy .	William cleaned my teacher the toy .
your boss gave my teacher 's boss 's doctor the glass .	your boss cleaned my teacher 's boss 's doctor the glass .
Kevin gave your friend 's friend the boat .	Kevin dropped your friend 's friend the boat .
David gave your friend the book .	David dropped your friend the book .
the driver gave my mother the bicycle .	the driver lost my mother the bicycle .
your teacher sent your daughter 's son 's mother the plane .	your teacher dropped your daughter 's son 's mother the plane .
Deborah sent my cousin 's husband the ring .	Deborah cleaned my cousin 's husband the ring .
my dentist sent your son 's dad 's dad the shoe .	my dentist moved your son 's dad 's dad the shoe .
your dentist showed your son 's grandmother the mirror .	your dentist dropped your son 's grandmother the mirror .
the child sent your dentist 's mom the bag .	the child dropped your dentist 's mom the bag .
the doctor showed your dad 's daughter the bottle .	the doctor lost your dad 's daughter the bottle .
my teacher bought your teacher 's brother the door .	my teacher shook your teacher 's brother the door .
the adult bought my husband 's mom 's dad the doll .	the adult lost my husband 's mom 's dad the doll .
your teacher showed your daughter 's mom 's teacher the toy .	your teacher cleaned your daughter 's mom 's teacher the toy .
the adult bought your daughter 's cousin the cup .	the adult dropped your daughter 's cousin the cup .
Laura sent your mom the hat .	Laura kept your mom the hat .
my teacher sent your dad 's wife 's sister the crayon .	my teacher dropped your dad 's wife 's sister the crayon .
your cousin gave your cousin the bowl .	your cousin shook your cousin the bowl .
the child sent your grandmother 's husband 's dad the truck .	the child cleaned your grandmother 's husband 's dad the truck .
my dentist bought your son the picture .	my dentist moved your son the picture .
my friend bought your wife 's mom the bag .	my friend cleaned your wife 's mom the bag .
the child sent your doctor 's grandmother 's dad the boat .	the child held your doctor 's grandmother 's dad the boat .
the child gave my friend the candle .	the child kept my friend the candle .
Michael showed my sister the bowl .	Michael shook my sister the bowl .
your doctor showed my doctor 's wife 's boss the toy .	your doctor cleaned my doctor 's wife 's boss the toy .
my teacher gave your grandmother 's daughter the cup .	my teacher kept your grandmother 's daughter the cup .
James gave my doctor the dish .	James shook my doctor the dish .
the dentist sent your boss 's sister the shirt .	the dentist held your boss 's sister the shirt .
Laurie bought my brother the book .	Laurie cleaned my brother the book .
the patient gave my wife the window .	the patient shook my wife the window .
Adam gave your daughter 's boss the ring .	Adam lost your daughter 's boss the ring .
the customer gave my brother 's boss 's father the shirt .	the customer shook my brother 's boss 's father the shirt .
my friend bought my dentist 's friend the book .	my friend lost my dentist 's friend the book .
my cousin gave my dentist the book .	my cousin lost my dentist the book .
the driver sent your teacher the door .	the driver kept your teacher the door .
the doctor bought my boss 's son the shirt .	the doctor lost my boss 's son the shirt .
the teacher gave my mother 's cousin 's boss the shirt .	the teacher kept my mother 's cousin 's boss the shirt .
my doctor gave my friend 's father 's husband the couch .	my doctor cleaned my friend 's father 's husband the couch .
Todd showed your dad 's doctor the box .	Todd cleaned your dad 's doctor the box .
the driver gave my friend 's daughter 's wife the fork .	the driver dropped my friend 's daughter 's wife the fork .
the dentist gave my dad 's boss the ring .	the dentist shook my dad 's boss the ring .
Tracy bought your boss the bed .	Tracy lost your boss the bed .
my doctor showed my sister the candle .	my doctor lost my sister the candle .
my doctor bought my brother the candle .	my doctor moved my brother the candle .
the teacher showed your sister 's doctor 's friend the mirror .	the teacher cleaned your sister 's doctor 's friend the mirror .
Marie sent your friend 's friend the chair .	Marie kept your friend 's friend the chair .
the driver gave your dad 's mom 's dentist the fork .	the driver cleaned your dad 's mom 's dentist the fork .
Andrew bought my son 's son the toy .	Andrew moved my son 's son the toy .
Naomi showed my brother 's son the bottle .	Naomi held my brother 's son the bottle .
Sara sent my dentist 's daughter the truck .	Sara shook my dentist 's daughter the truck .
my boss bought your sister 's doctor the glass .	my boss shook your sister 's doctor the glass .
the driver sent my mother 's boss the candle .	the driver lost my mother 's boss the candle .
your teacher showed my grandmother 's wife 's cousin the plane .	your teacher moved my grandmother 's wife 's cousin the plane .
the child sent my father the chair .	the child dropped my father the chair .
the adult bought your husband 's doctor 's wife the doll .	the adult held your husband 's doctor 's wife the doll .
Lisa sent your dentist 's daughter 's daughter the candle .	Lisa held your dentist 's daughter 's daughter the candle .
Peter gave your husband the truck .	Peter dropped your husband the truck .
David sent your boss 's sister 's son the glass .	David dropped your boss 's sister 's son the glass .
your doctor showed your mother the candle .	your doctor moved your mother the candle .
the customer gave your boss 's teacher 's cousin the glass .	the customer shook your boss 's teacher 's cousin the glass .
my teacher gave your wife 's friend the doll .	my teacher dropped your wife 's friend the doll .
Sally showed your doctor 's dad the plate .	Sally cleaned your doctor 's dad the plate .
the customer showed my friend the window .	the customer dropped my friend the window .
your cousin sent my mom the ring .	your cousin kept my mom the ring .
the doctor sent my boss 's mother 's cousin the bed .	the doctor dropped my boss 's mother 's cousin the bed .
my teacher bought my daughter 's brother the boat .	my teacher moved my daughter 's brother the boat .
Richard gave your doctor the hat .	Richard held your doctor the hat .
Frank gave my mom the picture .	Frank kept my mom the picture .
Anna showed my father 's grandmother the picture .	Anna lost my father 's grandmother the picture .
the child bought your brother 's boss 's daughter the button .	the child moved your brother 's boss 's daughter the button .
John showed my son 's boss 's teacher the cup .	John shook my son 's boss 's teacher the cup .
the child sent your wife 's mom 's husband the hat .	the child moved your wife 's mom 's husband the hat .
the adult sent my doctor the bowl .	the adult moved my doctor the bowl .
Liam sent your mom 's husband 's wife the button .	Liam dropped your mom 's husband 's wife the button .
Adam gave my brother 's doctor the toy .	Adam moved my brother 's doctor the toy .
John showed your mom 's sister the book .	John moved your mom 's sister the book .
Andrew showed your daughter 's teacher the shoe .	Andrew kept your daughter 's teacher the shoe .
Ann bought your sister the picture .	Ann dropped your sister the picture .
the customer showed my mom the ring .	the customer cleaned my mom the ring .
the person bought my boss 's brother the spoon .	the person cleaned my boss 's brother the spoon .
Samantha showed your daughter 's friend the window .	Samantha moved your daughter 's friend the window .
Vanessa gave my daughter 's husband the rocket .	Vanessa lost my daughter 's husband the rocket .
my teacher sent my daughter 's friend the shirt .	my teacher shook my daughter 's friend the shirt .
the driver bought my son 's mother the bottle .	the driver shook my son 's mother the bottle .
your teacher bought your son the plate .	your teacher moved your son the plate .
the doctor sent my boss 's mom the spoon .	the doctor cleaned my boss 's mom the spoon .
the dentist gave my sister the mirror .	the dentist shook my sister the mirror .
the doctor sent your dad the window .	the doctor lost your dad the window .
my cousin bought my sister 's daughter 's dentist the glass .	my cousin moved my sister 's daughter 's dentist the glass .
Emily sent my daughter 's dad the plate .	Emily moved my daughter 's dad the plate .
Janet bought your brother 's brother the dish .	Janet lost your brother 's brother the dish .
my doctor sent my son 's mother the car .	my doctor moved my son 's mother the car .
the dancer sent my dad 's daughter the hat .	the dancer dropped my dad 's daughter the hat .
your teacher bought your son 's wife 's brother the bed .	your teacher lost your son 's wife 's brother the bed .
the teacher bought your dentist 's friend 's cousin the shoe .	the teacher lost your dentist 's friend 's cousin the shoe .
my boss sent my wife the book .	my boss cleaned my wife the book .
your cousin gave my daughter 's brother the glass .	your cousin shook my daughter 's brother the glass .
my cousin showed your cousin 's grandmother the boat .	my cousin dropped your cousin 's grandmother the boat .
the customer bought your son 's wife the spoon .	the customer moved your son 's wife the spoon .
Alice bought your boss 's mother 's grandmother the plate .	Alice dropped your boss 's mother 's grandmother the plate .
the dentist sent my daughter 's daughter 's husband the crayon .	the dentist cleaned my daughter 's daughter 's husband the crayon .
my cousin showed your daughter the chair .	my cousin cleaned your daughter the chair .
the driver bought my boss 's friend the chair .	the driver kept my boss 's friend the chair .
the dentist bought my mother 's doctor 's husband the dish .	the dentist dropped my mother 's doctor 's husband the dish .
Susan showed my boss 's grandmother the shoe .	Susan shook my boss 's grandmother the shoe .
my teacher gave your teacher 's wife 's friend the shirt .	my teacher kept your teacher 's wife 's friend the shirt .
Marie bought my mother the spoon .	Marie cleaned my mother the spoon .
the doctor showed your father 's mom the plane .	the doctor shook your father 's mom the plane .
Carl showed your doctor 's dentist the plane .	Carl cleaned your doctor 's dentist the plane .
Jennifer showed my son 's husband the dish .	Jennifer shook my son 's husband the dish .
the doctor bought your grandmother 's mother the ship .	the doctor shook your grandmother 's mother the ship .
the dentist sent my dad 's dentist the candle .	the dentist cleaned my dad 's dentist the candle .
my dentist sent your son 's dentist 's cousin the mirror .	my dentist moved your son 's dentist 's cousin the mirror .
Donna gave my husband 's dad 's friend the rug .	Donna lost my husband 's dad 's friend the rug .
the driver bought my mom the plate .	the driver kept my mom the plate .
Scott bought your teacher 's sister 's mom the bottle .	Scott cleaned your teacher 's sister 's mom the bottle .
the driver sent my dad the bicycle .	the driver cleaned my dad the bicycle .
your cousin gave my grandmother the candle .	your cousin held my grandmother the candle .
Martin bought your sister 's mom the crayon .	Martin lost your sister 's mom the crayon .
the person gave my boss the doll .	the person lost my boss the doll .
the dancer gave your grandmother 's teacher the door .	the dancer dropped your grandmother 's teacher the door .
my friend bought your teacher 's mother the couch .	my friend cleaned your teacher 's mother the couch .
the patient gave your doctor the hat .	the patient shook your doctor the hat .
the patient gave your father 's husband 's son the picture .	the patient lost your father 's husband 's son the picture .
your doctor showed your dentist 's father the book .	your doctor lost your dentist 's father the book .
the customer sent my doctor 's grandmother the car .	the customer held my doctor 's grandmother the car .
the dancer bought my teacher the bicycle .	the dancer shook my teacher the bicycle .
your dentist gave my daughter the bicycle .	your dentist dropped my daughter the bicycle .
Steve showed my father 's brother the mirror .	Steve moved my father 's brother the mirror .
Robert bought my sister 's father the fork .	Robert held my sister 's father the fork .
the child gave my dentist 's brother 's friend the rocket .	the child dropped my dentist 's brother 's friend the rocket .
the dentist showed your friend 's cousin 's grandmother the dish .	the dentist dropped your friend 's cousin 's grandmother the dish .
your teacher gave my wife the button .	your teacher moved my wife the button .
Cindy sent my friend 's father the couch .	Cindy lost my friend 's father the couch .
Mark gave your friend 's brother 's mom the chair .	Mark kept your friend 's brother 's mom the chair .
the doctor bought your doctor 's mother the window .	the doctor dropped your doctor 's mother the window .
my dentist sent my mom 's teacher the plate .	my dentist kept my mom 's teacher the plate .
Julia sent your teacher the window .	Julia held your teacher the window .
the dancer sent my doctor 's dentist 's boss the toy .	the dancer held my doctor 's dentist 's boss the toy .
Linda gave my teacher 's dad the picture .	Linda dropped my teacher 's dad the picture .
Christopher sent your mother 's teacher 's cousin the box .	Christopher lost your mother 's teacher 's cousin the box .
your boss gave my wife 's daughter the book .	your boss shook my wife 's daughter the book .
your cousin sent my teacher 's boss the mirror .	your cousin cleaned my teacher 's boss the mirror .
Allison showed your mom the door .	Allison lost your mom the door .
your cousin gave my father the bottle .	your cousin cleaned my father the bottle .
Todd showed your dad the shoe .	Todd dropped your dad the shoe .
Alexander gave my father the button .	Alexander held my father the button .
the dentist showed your sister 's friend the door .	the dentist kept your sister 's friend the door .
Naomi sent my friend 's boss 's boss the rug .	Naomi lost my friend 's boss 's boss the rug .
Kevin showed your brother 's doctor the door .	Kevin dropped your brother 's doctor the door .
my cousin sent your mom the hat .	my cousin shook your mom the hat .
Janet gave your daughter 's sister 's cousin the couch .	Janet lost your daughter 's sister 's cousin the couch .
the customer sent my friend the shirt .	the customer lost my friend the shirt .
Karen bought my father 's father the bicycle .	Karen moved my father 's father the bicycle .
Nicole bought your cousin 's dentist the shoe .	Nicole shook your cousin 's dentist the shoe .
your boss showed my brother 's daughter 's cousin the bottle .	your boss kept my brother 's daughter 's cousin the bottle .
my friend gave my sister 's dad the bag .	my friend held my sister 's dad the bag .
the adult bought my son 's dentist 's sister the shoe .	the adult cleaned my son 's dentist 's sister the shoe .
my boss showed my boss 's dad 's brother the box .	my boss kept my boss 's dad 's brother the box .
your dentist showed my doctor the rocket .	your dentist cleaned my doctor the rocket .
the person sent my mother 's doctor the ring .	the person cleaned my mother 's doctor the ring .
my doctor bought your grandmother 's sister 's dentist the shoe .	my doctor moved your grandmother 's sister 's dentist the shoe .
my teacher showed your daughter the box .	my teacher held your daughter the box .
your teacher gave your grandmother the hat .	your teacher lost your grandmother the hat .
Andrew sent your friend 's husband the rocket .	Andrew held your friend 's husband the rocket .
my boss gave my wife 's grandmother 's daughter the window .	my boss dropped my wife 's grandmother 's daughter the window .
your doctor gave my wife 's husband the dish .	your doctor dropped my wife 's husband the dish .
Renee showed my friend 's daughter the ring .	Renee dropped my friend 's daughter the ring .
the patient sent your cousin 's grandmother 's husband the spoon .	the patient held your cousin 's grandmother 's husband the spoon .
the dentist sent my daughter 's brother the ship .	the dentist kept my daughter 's brother the ship .
the patient bought my cousin the truck .	the patient held my cousin the truck .
the teacher bought your teacher the dish .	the teacher shook your teacher the dish .
the driver showed my husband 's son 's son the bed .	the driver cleaned my husband 's son 's son the bed .
your cousin bought your friend 's daughter 's son the fork .	your cousin cleaned your friend 's daughter 's son the fork .
David gave your son the bowl .	David dropped your son the bowl .
the dentist showed my sister the doll .	the dentist lost my sister the doll .
Jane sent my mother 's boss the spoon .	Jane shook my mother 's boss the spoon .
the dentist sent my brother the spoon .	the dentist moved my brother the spoon .
the customer showed my cousin 's cousin 's friend the car .	the customer held my cousin 's cousin 's friend the car .
my cousin gave my boss 's teacher the doll .	my cousin kept my boss 's teacher the doll .
the dentist gave your grandmother 's husband the fork .	the dentist moved your grandmother 's husband the fork .
the teacher gave my daughter 's friend 's dentist the rug .	the teacher shook my daughter 's friend 's dentist the rug .
the teacher showed my dentist 's teacher 's father the plane .	the teacher dropped my dentist 's teacher 's father the plane .
the doctor bought my grandmother 's daughter the couch .	the doctor lost my grandmother 's daughter the couch .
the dentist sent my doctor 's dad the car .	the dentist moved my doctor 's dad the car .
the person showed my grandmother the ring .	the person held my grandmother the ring .
Erin bought my boss the book .	Erin kept my boss the book .
the person showed your wife 's daughter the toy .	the person dropped your wife 's daughter the toy .
your friend bought my dad 's mother the chair .	your friend cleaned my dad 's mother the chair .
Jessica showed your boss 's mom the ring .	Jessica lost your boss 's mom the ring .
my teacher sent my grandmother the doll .	my teacher moved my grandmother the doll .
the person gave my doctor 's cousin 's boss the mirror .	the person shook my doctor 's cousin 's boss the mirror .
Frank showed your friend 's doctor 's grandmother the bowl .	Frank moved your friend 's doctor 's grandmother the bowl .
the customer gave your mother 's sister the book .	the customer cleaned your mother 's sister the book .
the dentist sent my cousin the window .	the dentist moved my cousin the window .
my doctor bought your wife the bed .	my doctor shook your wife the bed .
my boss gave my dentist the shoe .	my boss cleaned my dentist the shoe .
the adult gave my sister 's teacher 's daughter the candle .	the adult moved my sister 's teacher 's daughter the candle .
Jill gave my dad the bed .	Jill moved my dad the bed .
Michael bought my mom 's sister 's dentist the plane .	Michael shook my mom 's sister 's dentist the plane .
Jennifer gave your brother the box .	Jennifer kept your brother the box .
your cousin bought your dentist the window .	your cousin held your dentist the window .
the doctor sent my friend 's daughter the bowl .	the doctor lost my friend 's daughter the bowl .
the person showed your daughter 's wife the hat .	the person held your daughter 's wife the hat .
the dancer sent your mother 's dentist the bottle .	the dancer kept your mother 's dentist the bottle .
your teacher showed my daughter 's brother 's doctor the candle .	your teacher kept my daughter 's brother 's doctor the candle .
the dancer sent your father 's husband the hat .	the dancer kept your father 's husband the hat .
my dentist sent your boss the cup .	my dentist kept your boss the cup .
my teacher gave my dentist the ship .	my teacher cleaned my dentist the ship .
the doctor bought your husband the crayon .	the doctor shook your husband the crayon .
your friend gave my grandmother 's dad 's brother the chair .	your friend held my grandmother 's dad 's brother the chair .
the dancer sent your dad 's boss 's doctor the car .	the dancer cleaned your dad 's boss 's doctor the car .
Jason bought my mom 's mother the glass .	Jason kept my mom 's mother the glass .
the dentist sent your teacher the fork .	the dentist cleaned your teacher the fork .
the child showed my doctor the rocket .	the child held my doctor the rocket .
my boss showed my mother 's mom the hat .	my boss dropped my mother 's mom the hat .
your boss sent my teacher the candle .	your boss lost my teacher the candle .
James showed your wife the bed .	James lost your wife the bed .
the driver bought my boss 's son 's father the car .	the driver moved my boss 's son 's father the car .
my friend showed your dad 's dentist 's son the window .	my friend cleaned your dad 's dentist 's son the window .
your doctor sent your husband the box .	your doctor held your husband the box .
my doctor gave my doctor 's mother 's dad the plate .	my doctor kept my doctor 's mother 's dad the plate .
Erin showed your grandmother 's friend 's son the glass .	Erin cleaned your grandmother 's friend 's son the glass .
Erin bought my grandmother the hat .	Erin lost my grandmother the hat .
your cousin sent my doctor 's son 's dentist the window .	your cousin shook my doctor 's son 's dentist the window .
Alexander gave your dentist 's friend the window .	Alexander dropped your dentist 's friend the window .
Joseph bought your grandmother 's husband the window .	Joseph cleaned your grandmother 's husband the window .
Tracy bought your husband 's cousin the chair .	Tracy held your husband 's cousin the chair .
the patient gave your teacher 's dad 's dad the chair .	the patient shook your teacher 's dad 's dad the chair .
my boss showed your husband 's mother 's doctor the truck .	my boss cleaned your husband 's mother 's doctor the truck .
your teacher showed your son the doll .	your teacher moved your son the doll .
the person sent my son the ship .	the person moved my son the ship .
my cousin bought your friend the car .	my cousin kept your friend the car .
Brett showed my son 's friend the door .	Brett cleaned my son 's friend the door .
Linda sent your son 's dad 's grandmother the box .	Linda kept your son 's dad 's grandmother the box .
my cousin showed your teacher 's mom 's mom the button .	my cousin moved your teacher 's mom 's mom the button .
Alice showed my doctor the car .	Alice lost my doctor the car .
my teacher gave your grandmother 's father 's brother the glass .	my teacher cleaned your grandmother 's father 's brother the glass .
the customer bought my father the box .	the customer dropped my father the box .
Nicole sent your boss 's mother the boat .	Nicole kept your boss 's mother the boat .
your friend gave my wife 's husband the picture .	your friend moved my wife 's husband the picture .
your friend gave my friend 's boss 's boss the toy .	your friend dropped my friend 's boss 's boss the toy .
my teacher sent my mother 's brother 's teacher the plate .	my teacher dropped my mother 's brother 's teacher the plate .
Sally showed your brother the plate .	Sally cleaned your brother the plate .
Erin gave your friend the bottle .	Erin dropped your friend the bottle .
Liam sent your mother the crayon .	Liam dropped your mother the crayon .
Lisa gave my mom 's dentist the shoe .	Lisa shook my mom 's dentist the shoe .
George bought your mom 's grandmother 's friend the picture .	George cleaned your mom 's grandmother 's friend the picture .
Amy bought my dad 's cousin 's sister the bag .	Amy held my dad 's cousin 's sister the bag .
George showed my daughter 's husband 's wife the picture .	George moved my daughter 's husband 's wife the picture .
the driver sent your teacher 's daughter 's husband the dish .	the driver held your teacher 's daughter 's husband the dish .
my doctor gave my doctor 's friend the door .	my doctor dropped my doctor 's friend the door .
your dentist showed my mom 's grandmother the shoe .	your dentist cleaned my mom 's grandmother the shoe .
your dentist showed your friend 's husband the bed .	your dentist cleaned your friend 's husband the bed .
the driver sent my daughter 's son the chair .	the driver moved my daughter 's son the chair .
Gregory showed your dentist 's dentist the chair .	Gregory dropped your dentist 's dentist the chair .
Rachel showed your wife 's boss the cup .	Rachel shook your wife 's boss the cup .
Sara gave your dad the ring .	Sara dropped your dad the ring .
the patient showed your sister 's dentist 's mother the toy .	the patient cleaned your sister 's dentist 's mother the toy .
your doctor bought your cousin the rug .	your doctor lost your cousin the rug .
Marie bought your boss the picture .	Marie shook your boss the picture .
your boss sent your friend 's father 's teacher the hat .	your boss kept your friend 's father 's teacher the hat .
the adult sent my husband the button .	the adult held my husband the button .
the driver showed your dentist 's grandmother the plane .	the driver cleaned your dentist 's grandmother the plane .
your teacher sent your mom 's wife the plane .	your teacher dropped your mom 's wife the plane .
Kristen bought my dad 's son the mirror .	Kristen dropped my dad 's son the mirror .
Allison sent my dentist 's husband the bowl .	Allison shook my dentist 's husband the bowl .
Mary sent your mom the bicycle .	Mary lost your mom the bicycle .
my dentist showed my daughter 's sister 's doctor the toy .	my dentist held my daughter 's sister 's doctor the toy .
the dancer sent my sister the toy .	the dancer cleaned my sister the toy .
my friend bought my dad the candle .	my friend dropped my dad the candle .
your teacher gave your teacher the box .	your teacher lost your teacher the box .
Michelle gave my wife 's grandmother 's daughter the book .	Michelle shook my wife 's grandmother 's daughter the book .
Sally gave your son the truck .	Sally cleaned your son the truck .
Julie bought my mother 's dentist 's father the bed .	Julie held my mother 's dentist 's father the bed .
the patient sent your boss the button .	the patient moved your boss the button .
Janet gave my teacher 's mom 's dad the ship .	Janet lost my teacher 's mom 's dad the ship .
Amelia showed your son the cup .	Amelia moved your son the cup .
the adult bought your daughter the picture .	the adult held your daughter the picture .
the customer bought your brother the dish .	the customer lost your brother the dish .
the teacher bought my cousin 's dentist the chair .	the teacher lost my cousin 's dentist the chair .
the doctor showed your daughter the bowl .	the doctor moved your daughter the bowl .
the child showed your daughter the ring .	the child lost your daughter the ring .
your teacher gave your cousin 's son the glass .	your teacher cleaned your cousin 's son the glass .
the dancer showed your teacher 's cousin the candle .	the dancer held your teacher 's cousin the candle .
the dancer bought your boss 's mother the spoon .	the dancer lost your boss 's mother the spoon .
Mary gave my dad 's son 's doctor the plate .	Mary moved my dad 's son 's doctor the plate .
James gave my teacher 's husband the car .	James lost my teacher 's husband the car .
Christopher sent your cousin the car .	Christopher cleaned your cousin the car .
the dentist gave my sister 's boss 's doctor the car .	the dentist cleaned my sister 's boss 's doctor the car .
the doctor showed your mom 's father the plate .	the doctor lost your mom 's father the plate .
your boss gave your mom the spoon .	your boss moved your mom the spoon .
Thomas gave my mom 's brother the bed .	Thomas shook my mom 's brother the bed .
the doctor gave my grandmother 's sister 's friend the plane .	the doctor cleaned my grandmother 's sister 's friend the plane .
the customer showed your daughter the toy .	the customer dropped your daughter the toy .
the dentist sent my mother 's mother 's mom the rocket .	the dentist shook my mother 's mother 's mom the rocket .
the driver sent your mother 's friend the book .	the driver shook your mother 's friend the book .
Nina sent my friend the plate .	Nina moved my friend the plate .
my boss bought my doctor 's sister the bowl .	my boss cleaned my doctor 's sister the bowl .
Deborah sent your cousin 's doctor 's grandmother the book .	Deborah lost your cousin 's doctor 's grandmother the book .
the dancer gave your brother 's father 's husband the rug .	the dancer kept your brother 's father 's husband the rug .
the driver showed my doctor 's husband the toy .	the driver cleaned my doctor 's husband the toy .
Michael showed my mother 's wife the rocket .	Michael shook my mother 's wife the rocket .
your cousin sent my son 's mother the door .	your cousin shook my son 's mother the door .
Christopher sent your cousin 's brother the bottle .	Christopher kept your cousin 's brother the bottle .
John gave your mom the bicycle .	John moved your mom the bicycle .
my teacher gave your dentist 's brother the ship .	my teacher shook your dentist 's brother the ship .
my doctor gave my dad the picture .	my doctor moved my dad the picture .
Anna bought your father 's doctor 's dad the cup .	Anna kept your father 's doctor 's dad the cup .
my cousin bought my boss 's cousin the plate .	my cousin kept my boss 's cousin the plate .
Samantha sent your grandmother 's brother the doll .	Samantha shook your grandmother 's brother the doll .
the doctor sent your son 's cousin 's grandmother the box .	the doctor held your son 's cousin 's grandmother the box .
your teacher bought your grandmother 's daughter 's brother the car .	your teacher held your grandmother 's daughter 's brother the car .
Julia bought your wife 's mom the shirt .	Julia dropped your wife 's mom the shirt .
your boss sent your mother 's son the couch .	your boss kept your mother 's son the couch .
the doctor gave my son 's mother 's wife the bottle .	the doctor lost my son 's mother 's wife the bottle .
the dancer sent your mother 's friend 's wife the rocket .	the dancer moved your mother 's friend 's wife the rocket .
my doctor gave your dad 's son 's boss the button .	my doctor held your dad 's son 's boss the button .
Mark showed your husband 's father 's mom the ship .	Mark kept your husband 's father 's mom the ship .
Paul bought your son the book .	Paul dropped your son the book .
Mark bought your sister 's cousin the window .	Mark lost your sister 's cousin the window .
the child showed your doctor 's friend the boat .	the child moved your doctor 's friend the boat .
Nina sent your mother 's dad the bowl .	Nina lost your mother 's dad the bowl .
April bought your friend 's mom the rocket .	April dropped your friend 's mom the rocket .
my doctor showed your father the ring .	my doctor cleaned your father the ring .
the dancer bought your mom 's sister the door .	the dancer cleaned your mom 's sister the door .
the patient gave your cousin 's mom the boat .	the patient lost your cousin 's mom the boat .
Deborah gave your cousin 's sister the button .	Deborah kept your cousin 's sister the button .
my doctor sent my dad 's grandmother the car .	my doctor kept my dad 's grandmother the car .
Brian sent my sister 's brother 's friend the book .	Brian cleaned my sister 's brother 's friend the book .
your boss showed your teacher the picture .	your boss shook your teacher the picture .
my doctor sent my mom 's cousin the car .	my doctor dropped my mom 's cousin the car .
Michelle showed your sister 's father 's dentist the ring .	Michelle kept your sister 's father 's dentist the ring .
Marie gave my grandmother 's cousin 's wife the button .	Marie kept my grandmother 's cousin 's wife the button .
my doctor showed my friend 's husband the toy .	my doctor dropped my friend 's husband the toy .
Gregory sent my doctor 's father the truck .	Gregory dropped my doctor 's father the truck .
the person gave your cousin 's sister the bed .	the person cleaned your cousin 's sister the bed .
Cindy sent your brother 's cousin 's mom the bowl .	Cindy lost your brother 's cousin 's mom the bowl .
Ronald showed your daughter the book .	Ronald cleaned your daughter the book .
the dentist sent your daughter the car .	the dentist kept your daughter the car .
Michelle sent your mother the bed .	Michelle moved your mother the bed .
the driver bought your father the car .	the driver moved your father the car .
Patrick sent my son the plane .	Patrick dropped my son the plane .
the teacher bought my friend 's wife the plane .	the teacher moved my friend 's wife the plane .
Todd gave your dentist the plate .	Todd lost your dentist the plate .
the teacher showed my mom the spoon .	the teacher held my mom the spoon .
your cousin sent my brother 's dad the boat .	your cousin dropped my brother 's dad the boat .
Karen sent my doctor the truck .	Karen lost my doctor the truck .
my doctor bought your boss the rug .	my doctor held your boss the rug .
April gave my cousin 's teacher the rocket .	April dropped my cousin 's teacher the rocket .
Leslie sent my wife 's mom 's father the plate .	Leslie shook my wife 's mom 's father the plate .
your boss gave your son the car .	your boss shook your son the car .
your teacher sent my son 's dad the crayon .	your teacher cleaned my son 's dad the crayon .
the dancer sent your dad 's friend 's doctor the toy .	the dancer cleaned your dad 's friend 's doctor the toy .
your boss gave your sister 's daughter the plane .	your boss lost your sister 's daughter the plane .
my boss bought your teacher the bed .	my boss shook your teacher the bed .
my friend bought my dentist 's boss 's wife the rug .	my friend kept my dentist 's boss 's wife the rug .
the dentist bought my doctor 's sister the bed .	the dentist moved my doctor 's sister the bed .
your cousin bought my mom 's grandmother 's boss the couch .	your cousin kept my mom 's grandmother 's boss the couch .
the customer bought your boss the shirt .	the customer held your boss the shirt .
Carol gave my sister the rug .	Carol lost my sister the rug .
the customer bought my father 's boss the fork .	the customer lost my father 's boss the fork .
Rebecca showed your doctor 's doctor 's grandmother the toy .	Rebecca dropped your doctor 's doctor 's grandmother the toy .
Karen showed your cousin 's wife 's sister the car .	Karen kept your cousin 's wife 's sister the car .
my teacher sent your mom the button .	my teacher held your mom the button .
my teacher showed your husband 's brother 's mother the glass .	my teacher cleaned your husband 's brother 's mother the glass .
the teacher bought my cousin 's cousin the book .	the teacher held my cousin 's cousin the book .
my boss sent your sister 's grandmother 's daughter the doll .	my boss lost your sister 's grandmother 's daughter the doll .
Jane bought your grandmother the car .	Jane kept your grandmother the car .
David sent my husband 's wife 's husband the bottle .	David cleaned my husband 's wife 's husband the bottle .
Jessica bought my daughter the shirt .	Jessica moved my daughter the shirt .
Janet showed my teacher 's doctor 's cousin the bowl .	Janet moved my teacher 's doctor 's cousin the bowl .
my friend showed your father 's wife the fork .	my friend shook your father 's wife the fork .
Anne bought your son the dish .	Anne kept your son the dish .
Dan gave your brother 's doctor the truck .	Dan moved your brother 's doctor the truck .
the doctor showed your wife 's father the spoon .	the doctor held your wife 's father the spoon .
Joseph sent your sister 's boss the car .	Joseph kept your sister 's boss the car .
Rebecca sent your boss the bicycle .	Rebecca lost your boss the bicycle .
my friend showed my wife the mirror .	my friend shook my wife the mirror .
Laurie sent your mom 's brother the bottle .	Laurie kept your mom 's brother the bottle .
my cousin bought my father the candle .	my cousin moved my father the candle .
Timothy gave your father 's mother the bicycle .	Timothy dropped your father 's mother the bicycle .
my boss showed your mom 's cousin 's brother the boat .	my boss shook your mom 's cousin 's brother the boat .
the dentist showed your mom the window .	the dentist shook your mom the window .
my friend gave your boss 's friend the spoon .	my friend cleaned your boss 's friend the spoon .
my teacher bought your mom 's father the candle .	my teacher dropped your mom 's father the candle .
Karen bought your daughter 's daughter 's boss the button .	Karen held your daughter 's daughter 's boss the button .
my cousin gave your mother the car .	my cousin dropped your mother the car .
Ronald gave my cousin 's daughter 's dad the car .	Ronald moved my cousin 's daughter 's dad the car .
your dentist gave my wife 's sister 's mom the door .	your dentist shook my wife 's sister 's mom the door .
the customer showed your doctor the window .	the customer kept your doctor the window .
my cousin sent my daughter 's teacher 's doctor the book .	my cousin cleaned my daughter 's teacher 's doctor the book .
my dentist sent my brother 's doctor the car .	my dentist moved my brother 's doctor the car .
the patient sent my mother 's daughter the dish .	the patient lost my mother 's daughter the dish .
the doctor showed my sister 's friend 's cousin the glass .	the doctor shook my sister 's friend 's cousin the glass .
Donna bought your father 's brother 's father the ring .	Donna shook your father 's brother 's father the ring .
Wendy sent my husband 's husband the candle .	Wendy cleaned my husband 's husband the candle .
Lisa gave my daughter the toy .	Lisa dropped my daughter the toy .
the customer gave your wife 's father 's son the book .	the customer dropped your wife 's father 's son the book .
the customer showed your teacher the candle .	the customer dropped your teacher the candle .
the dancer showed your mother the car .	the dancer kept your mother the car .
the customer gave your grandmother the shoe .	the customer kept your grandmother the shoe .
the dancer gave my father the mirror .	the dancer moved my father the mirror .
my doctor showed my mom the fork .	my doctor dropped my mom the fork .
Susan gave your dentist 's dentist 's boss the bowl .	Susan lost your dentist 's dentist 's boss the bowl .
my cousin showed your father 's sister the bowl .	my cousin lost your father 's sister the bowl .
George gave my boss the rocket .	George lost my boss the rocket .
the doctor gave your dentist 's dad the bed .	the doctor cleaned your dentist 's dad the bed .
Jennifer gave your husband 's friend 's son the cup .	Jennifer held your husband 's friend 's son the cup .
the child showed my grandmother 's grandmother the rocket .	the child lost my grandmother 's grandmother the rocket .
the teacher showed my father 's husband 's mother the crayon .	the teacher dropped my father 's husband 's mother the crayon .
Becky sent my husband 's boss 's friend the glass .	Becky held my husband 's boss 's friend the glass .
George sent your father the candle .	George kept your father the candle .
the dancer sent my sister the box .	the dancer lost my sister the box .
David bought your brother 's daughter the crayon .	David held your brother 's daughter the crayon .
Mark gave your brother 's teacher 's boss the bed .	Mark dropped your brother 's teacher 's boss the bed .
your doctor gave my boss 's wife 's cousin the shirt .	your doctor held my boss 's wife 's cousin the shirt .
your boss sent your mother 's father the shoe .	your boss kept your mother 's father the shoe .
the customer bought my teacher 's teacher the bicycle .	the customer kept my teacher 's teacher the bicycle .
my boss showed my mother 's brother 's dad the chair .	my boss shook my mother 's brother 's dad the chair .
Anna bought my grandmother 's sister the door .	Anna kept my grandmother 's sister the door .
the adult bought my dad the book .	the adult lost my dad the book .
the patient sent your daughter 's doctor 's mother the truck .	the patient held your daughter 's doctor 's mother the truck .
the patient bought my dentist the doll .	the patient moved my dentist the doll .
Mary showed your sister the toy .	Mary moved your sister the toy .
the teacher bought my boss the shoe .	the teacher kept my boss the shoe .
my cousin bought my brother 's mother the door .	my cousin held my brother 's mother the door .
the dancer showed your father 's cousin the plate .	the dancer shook your father 's cousin the plate .
Patrick showed your mother 's cousin 's daughter the toy .	Patrick moved your mother 's cousin 's daughter the toy .
my doctor bought your doctor 's dad the hat .	my doctor shook your doctor 's dad the hat .
the customer gave my boss 's husband 's grandmother the picture .	the customer lost my boss 's husband 's grandmother the picture .
your friend sent your mom 's husband 's teacher the cup .	your friend moved your mom 's husband 's teacher the cup .
the dentist gave your dad 's brother the rocket .	the dentist cleaned your dad 's brother the rocket .
your cousin sent your grandmother the bottle .	your cousin kept your grandmother the bottle .
Sally sent my mom 's doctor 's sister the candle .	Sally shook my mom 's doctor 's sister the candle .
Susan gave your dentist 's wife the bicycle .	Susan kept your dentist 's wife the bicycle .
Linda sent my husband the glass .	Linda cleaned my husband the glass .
Sarah gave your boss 's brother 's dad the shoe .	Sarah lost your boss 's brother 's dad the shoe .
the person sent my mother 's mom 's brother the bag .	the person dropped my mother 's mom 's brother the bag .
my teacher sent my wife the ship .	my teacher dropped my wife the ship .
the dancer bought your dad 's father 's mother the bowl .	the dancer moved your dad 's father 's mother the bowl .
William sent your son 's cousin the toy .	William shook your son 's cousin the toy .
Kayla sent my wife 's sister 's teacher the ring .	Kayla lost my wife 's sister 's teacher the ring .
Sara sent my boss 's mother 's teacher the candle .	Sara dropped my boss 's mother 's teacher the candle .
Denise bought your daughter the window .	Denise dropped your daughter the window .
the person showed your teacher 's grandmother 's mom the bag .	the person held your teacher 's grandmother 's mom the bag .
the teacher sent my cousin 's cousin the bed .	the teacher moved my cousin 's cousin the bed .
my doctor sent my daughter the ship .	my doctor dropped my daughter the ship .
Travis sent your husband the cup .	Travis moved your husband the cup .
the doctor showed my brother 's boss 's son the chair .	the doctor kept my brother 's boss 's son the chair .
the dancer showed my doctor 's daughter 's sister the ring .	the dancer held my doctor 's daughter 's sister the ring .
Sarah sent your daughter the plane .	Sarah held your daughter the plane .
the teacher showed my dad 's daughter 's dad the box .	the teacher dropped my dad 's daughter 's dad the box .
Sarah gave your son 's grandmother 's grandmother the plane .	Sarah kept your son 's grandmother 's grandmother the plane .
your friend showed your husband the rocket .	your friend shook your husband the rocket .
Nina sent your dentist the chair .	Nina held your dentist the chair .
the driver sent my cousin 's friend the plate .	the driver dropped my cousin 's friend the plate .
the dancer bought my sister 's husband 's cousin the cup .	the dancer held my sister 's husband 's cousin the cup .
Kristen sent my sister 's teacher 's grandmother the dish .	Kristen dropped my sister 's teacher 's grandmother the dish .
my friend gave your sister 's mother 's teacher the doll .	my friend cleaned your sister 's mother 's teacher the doll .
the child bought my dad 's grandmother 's son the car .	the child dropped my dad 's grandmother 's son the car .
Barbara gave your husband 's cousin the car .	Barbara kept your husband 's cousin the car .
the driver sent my daughter 's dad 's mom the ring .	the driver held my daughter 's dad 's mom the ring .
your boss gave your sister the bottle .	your boss moved your sister the bottle .
Julia bought my brother 's cousin 's brother the shoe .	Julia kept my brother 's cousin 's brother the shoe .
the person showed your daughter 's friend 's boss the button .	the person held your daughter 's friend 's boss the button .
the dentist sent your doctor 's mother the bed .	the dentist lost your doctor 's mother the bed .
your friend gave my teacher 's dad the ship .	your friend cleaned my teacher 's dad the ship .
my dentist showed your cousin the doll .	my dentist lost your cousin the doll .
your doctor bought my dad the rocket .	your doctor moved my dad the rocket .
Jerry gave my teacher the shoe .	Jerry cleaned my teacher the shoe .
your cousin sent your friend the bowl .	your cousin kept your friend the bowl .
Renee gave my grandmother 's father 's cousin the cup .	Renee lost my grandmother 's father 's cousin the cup .
Becca sent your wife 's husband the picture .	Becca kept your wife 's husband the picture .
your doctor sent your doctor 's wife the bottle .	your doctor lost your doctor 's wife the bottle .
my friend bought my son 's father 's brother the door .	my friend cleaned my son 's father 's brother the door .
your boss bought my dentist the bowl .	your boss kept my dentist the bowl .
the dancer showed your father the book .	the dancer cleaned your father the book .
the customer sent your grandmother the bottle .	the customer held your grandmother the bottle .
your cousin sent my boss 's father the shoe .	your cousin shook my boss 's father the shoe .
your friend sent your daughter the window .	your friend cleaned your daughter the window .
my boss gave my friend the chair .	my boss held my friend the chair .
Timothy sent your friend the chair .	Timothy kept your friend the chair .
Laura showed your mom the book .	Laura kept your mom the book .
Naomi gave my boss the rug .	Naomi lost my boss the rug .
the dancer bought your doctor the boat .	the dancer dropped your doctor the boat .
my boss bought your cousin 's dad the button .	my boss dropped your cousin 's dad the button .
Emily bought my teacher 's dentist the hat .	Emily lost my teacher 's dentist the hat .
my boss sent my dentist 's son 's friend the doll .	my boss cleaned my dentist 's son 's friend the doll .
my boss sent your mom 's mom the shoe .	my boss moved your mom 's mom the shoe .
the dancer bought your mom 's dentist 's husband the glass .	the dancer kept your mom 's dentist 's husband the glass .
Anna bought my husband 's sister 's cousin the fork .	Anna cleaned my husband 's sister 's cousin the fork .
Marie showed my mom 's cousin the picture .	Marie kept my mom 's cousin the picture .
Noah sent your mother the box .	Noah shook your mother the box .
the patient showed your mother the car .	the patient moved your mother the car .
Laurie showed your cousin 's cousin the boat .	Laurie held your cousin 's cousin the boat .
the patient bought my dentist the truck .	the patient dropped my dentist the truck .
the patient showed your doctor 's dentist the picture .	the patient shook your doctor 's dentist the picture .
the driver gave my wife the shoe .	the driver moved my wife the shoe .
Deborah bought your doctor 's father 's dentist the shirt .	Deborah shook your doctor 's father 's dentist the shirt .
Todd bought my doctor the boat .	Todd moved my doctor the boat .
Emily bought your brother the shirt .	Emily dropped your brother the shirt .
my doctor bought your daughter the car .	my doctor lost your daughter the car .
Brian showed my wife 's dentist the book .	Brian kept my wife 's dentist the book .
the teacher bought your grandmother 's mother the couch .	the teacher dropped your grandmother 's mother the couch .
Andrew bought my brother 's doctor 's daughter the rug .	Andrew cleaned my brother 's doctor 's daughter the rug .
the teacher gave my dad 's brother the bed .	the teacher dropped my dad 's brother the bed .
James showed my daughter the bowl .	James dropped my daughter the bowl .
the patient gave your son 's father the cup .	the patient held your son 's father the cup .
my cousin bought your mom 's dad 's cousin the truck .	my cousin lost your mom 's dad 's cousin the truck .
Deborah gave your dentist 's brother 's son the ship .	Deborah shook your dentist 's brother 's son the ship .
the person showed my sister 's dentist the dish .	the person cleaned my sister 's dentist the dish .
my boss sent my sister 's son the bicycle .	my boss dropped my sister 's son the bicycle .
the patient showed my son 's dad 's boss the book .	the patient kept my son 's dad 's boss the book .
Samantha gave your daughter 's dentist 's doctor the picture .	Samantha moved your daughter 's dentist 's doctor the picture .
the driver sent your brother 's cousin 's daughter the crayon .	the driver shook your brother 's cousin 's daughter the crayon .
Marie gave your cousin 's husband 's cousin the box .	Marie shook your cousin 's husband 's cousin the box .
Linda gave your teacher the book .	Linda dropped your teacher the book .
Aaron bought my dad 's mom 's dad the shoe .	Aaron dropped my dad 's mom 's dad the shoe .
David gave my sister the door .	David held my sister the door .
my dentist bought your daughter the hat .	my dentist held your daughter the hat .
the customer bought my teacher the car .	the customer shook my teacher the car .
Donna gave my husband 's wife 's mother the shoe .	Donna cleaned my husband 's wife 's mother the shoe .
your teacher showed my wife 's sister the bed .	your teacher dropped my wife 's sister the bed .
Samantha showed my brother 's husband the glass .	Samantha moved my brother 's husband the glass .
Jane bought my friend the picture .	Jane shook my friend the picture .
your cousin bought my dad 's father the rocket .	your cousin shook my dad 's father the rocket .
Eric showed your doctor the mirror .	Eric kept your doctor the mirror .
the child showed my mom 's friend the candle .	the child lost my mom 's friend the candle .
the patient gave my mom 's cousin 's friend the boat .	the patient lost my mom 's cousin 's friend the boat .
your doctor showed my son 's boss the rug .	your doctor lost my son 's boss the rug .
my doctor bought my friend 's mother the candle .	my doctor cleaned my friend 's mother the candle .
the customer showed my father the window .	the customer kept my father the window .
your teacher gave my dentist 's grandmother the cup .	your teacher lost my dentist 's grandmother the cup .
the adult bought your husband the crayon .	the adult held your husband the crayon .
Kayla sent your father 's boss the cup .	Kayla lost your father 's boss the cup .
the patient showed my sister the ring .	the patient shook my sister the ring .
my cousin sent your brother 's dentist 's brother the truck .	my cousin lost your brother 's dentist 's brother the truck .
George sent my teacher 's dentist the dish .	George moved my teacher 's dentist the dish .
the dentist bought your daughter 's brother 's brother the candle .	the dentist dropped your daughter 's brother 's brother the candle .
the dentist sent my mother the ship .	the dentist moved my mother the ship .
the driver gave my brother 's father the window .	the driver shook my brother 's father the window .
Jennifer gave my son 's sister 's mom the bicycle .	Jennifer cleaned my son 's sister 's mom the bicycle .
April sent my son 's boss the toy .	April moved my son 's boss the toy .
the dentist sent your brother 's mom the ring .	the dentist dropped your brother 's mom the ring .
your teacher gave your mom 's dad 's daughter the boat .	your teacher cleaned your mom 's dad 's daughter the boat .
James bought my sister 's dentist 's father the fork .	James shook my sister 's dentist 's father the fork .
the dentist gave my father the window .	the dentist held my father the window .
your cousin showed my cousin 's grandmother 's wife the bicycle .	your cousin kept my cousin 's grandmother 's wife the bicycle .
Brian bought your wife 's boss the rug .	Brian shook your wife 's boss the rug .
your friend sent my brother the chair .	your friend dropped my brother the chair .
my doctor gave my boss the toy .	my doctor lost my boss the toy .
your boss sent your friend the toy .	your boss shook your friend the toy .
my dentist bought my dad 's wife the plate .	my dentist lost my dad 's wife the plate .
the driver showed my son the bowl .	the driver lost my son the bowl .
the adult showed my wife 's mom the button .	the adult cleaned my wife 's mom the button .
Jessica sent my friend the plate .	Jessica held my friend the plate .
Samantha bought my father the door .	Samantha cleaned my father the door .
your friend sent my dad 's cousin 's boss the toy .	your friend kept my dad 's cousin 's boss the toy .
Denise bought your dentist 's brother 's dad the book .	Denise dropped your dentist 's brother 's dad the book .
your friend bought my dad 's son the dish .	your friend held my dad 's son the dish .
the dentist showed my boss 's brother the door .	the dentist cleaned my boss 's brother the door .
the doctor showed your brother 's friend 's cousin the boat .	the doctor held your brother 's friend 's cousin the boat .
your dentist bought my mom the picture .	your dentist kept my mom the picture .
the doctor sent my husband the plate .	the doctor lost my husband the plate .
the teacher bought my mom the mirror .	the teacher held my mom the mirror .
the person bought your boss 's boss 's boss the bed .	the person shook your boss 's boss 's boss the bed .
the child gave your friend 's doctor 's son the toy .	the child held your friend 's doctor 's son the toy .
the patient sent your wife the bowl .	the patient kept your wife the bowl .
Tracy bought your son 's brother 's father the doll .	Tracy held your son 's brother 's father the doll .
the doctor sent my sister 's dad the spoon .	the doctor held my sister 's dad the spoon .
my boss sent your boss 's sister the bag .	my boss held your boss 's sister the bag .
Alice bought your dentist 's teacher 's mom the cup .	Alice kept your dentist 's teacher 's mom the cup .
the child gave my father the box .	the child moved my father the box .
Erin bought my husband 's doctor 's wife the boat .	Erin shook my husband 's doctor 's wife the boat .
Carl showed your dad 's dad 's father the car .	Carl lost your dad 's dad 's father the car .
your teacher showed your grandmother 's friend the couch .	your teacher kept your grandmother 's friend the couch .
the patient gave my friend 's daughter 's wife the bottle .	the patient cleaned my friend 's daughter 's wife the bottle .
your teacher bought your father the spoon .	your teacher held your father the spoon .
Judy showed my dentist 's son the ship .	Judy cleaned my dentist 's son the ship .
my cousin bought your father 's doctor the picture .	my cousin kept your father 's doctor the picture .
Susan sent your cousin 's mother 's son the book .	Susan held your cousin 's mother 's son the book .
Lisa bought your dentist 's sister 's mom the car .	Lisa held your dentist 's sister 's mom the car .
Cindy sent my daughter the rocket .	Cindy kept my daughter the rocket .
Jason showed my cousin 's son the spoon .	Jason held my cousin 's son the spoon .
the driver gave my friend 's husband the box .	the driver shook my friend 's husband the box .
Jessica sent your friend 's father the ring .	Jessica shook your friend 's father the ring .
the patient bought your sister 's daughter 's doctor the plate .	the patient kept your sister 's daughter 's doctor the plate .
my cousin gave your cousin 's daughter 's friend the window .	my cousin lost your cousin 's daughter 's friend the window .
the patient bought my teacher the fork .	the patient held my teacher the fork .
the customer showed your doctor the picture .	the customer moved your doctor the picture .
the dancer showed your dentist the plane .	the dancer moved your dentist the plane .
my teacher sent my father 's boss 's teacher the cup .	my teacher shook my father 's boss 's teacher the cup .
your boss gave my mother the button .	your boss kept my mother the button .
your cousin bought my boss 's brother the truck .	your cousin moved my boss 's brother the truck .
Alice bought my son the ship .	Alice lost my son the ship .
Paul gave your cousin 's teacher the hat .	Paul held your cousin 's teacher the hat .
my doctor sent my wife 's sister the mirror .	my doctor held my wife 's sister the mirror .
the teacher bought your sister 's mom 's dad the hat .	the teacher cleaned your sister 's mom 's dad the hat .
Rachel showed your grandmother 's grandmother 's sister the truck .	Rachel shook your grandmother 's grandmother 's sister the truck .
the dancer showed your father 's wife 's sister the shirt .	the dancer cleaned your father 's wife 's sister the shirt .
the doctor showed your father the window .	the doctor cleaned your father the window .
the patient gave your dentist the bowl .	the patient shook your dentist the bowl .
my doctor gave my boss the book .	my doctor lost my boss the book .
the dentist sent your grandmother the picture .	the dentist dropped your grandmother the picture .
my teacher showed your grandmother 's sister the plane .	my teacher lost your grandmother 's sister the plane .
the teacher sent your brother 's sister 's dad the fork .	the teacher moved your brother 's sister 's dad the fork .
the dancer bought your dad 's grandmother 's mom the button .	the dancer shook your dad 's grandmother 's mom the button .
Barbara showed my son 's husband 's teacher the window .	Barbara moved my son 's husband 's teacher the window .
Tracy showed your son 's cousin the bottle .	Tracy held your son 's cousin the bottle .
the patient showed my wife 's husband 's husband the bottle .	the patient shook my wife 's husband 's husband the bottle .
your boss bought my father 's daughter 's grandmother the book .	your boss cleaned my father 's daughter 's grandmother the book .
Bill showed your teacher 's doctor the spoon .	Bill shook your teacher 's doctor the spoon .
the adult sent my mother 's dentist 's mother the truck .	the adult moved my mother 's dentist 's mother the truck .
the adult showed my grandmother 's dentist 's sister the toy .	the adult shook my grandmother 's dentist 's sister the toy .
the dentist gave your grandmother 's friend 's brother the ring .	the dentist moved your grandmother 's friend 's brother the ring .
Lisa showed your husband 's mom 's daughter the book .	Lisa cleaned your husband 's mom 's daughter the book .
the adult sent my brother 's mother the door .	the adult held my brother 's mother the door .
Ann gave your brother 's daughter the door .	Ann kept your brother 's daughter the door .
Rebecca gave my wife the spoon .	Rebecca dropped my wife the spoon .
Sandra showed my sister 's mother 's sister the shirt .	Sandra moved my sister 's mother 's sister the shirt .
my cousin gave my doctor 's teacher 's grandmother the chair .	my cousin moved my doctor 's teacher 's grandmother the chair .
the child bought my teacher 's mother 's boss the window .	the child held my teacher 's mother 's boss the window .
Anna bought my mother 's dad 's dad the bicycle .	Anna cleaned my mother 's dad 's dad the bicycle .
your friend bought your friend 's cousin 's doctor the plane .	your friend kept your friend 's cousin 's doctor the plane .
the adult sent your boss 's friend 's father the hat .	the adult dropped your boss 's friend 's father the hat .
the child bought my dentist 's brother the glass .	the child shook my dentist 's brother the glass .
my doctor gave my cousin the hat .	my doctor kept my cousin the hat .
my doctor sent my wife the ring .	my doctor held my wife the ring .
the child showed my mom the bottle .	the child lost my mom the bottle .
my boss sent my doctor 's father 's grandmother the plate .	my boss moved my doctor 's father 's grandmother the plate .
Martin gave your mom 's sister the couch .	Martin lost your mom 's sister the couch .
my doctor sent my wife the bag .	my doctor moved my wife the bag .
April showed your brother 's mother the bowl .	April kept your brother 's mother the bowl .
the patient sent your dentist 's brother the book .	the patient moved your dentist 's brother the book .
the customer sent my brother the couch .	the customer dropped my brother the couch .
your friend gave your husband 's daughter the bottle .	your friend dropped your husband 's daughter the bottle .
the teacher showed your doctor 's son 's grandmother the spoon .	the teacher lost your doctor 's son 's grandmother the spoon .
Kayla showed your father 's grandmother 's dentist the toy .	Kayla dropped your father 's grandmother 's dentist the toy .
Jessica bought my mom 's dad the crayon .	Jessica shook my mom 's dad the crayon .
Martin bought your cousin the ring .	Martin shook your cousin the ring .
the child bought my son 's dad 's father the car .	the child dropped my son 's dad 's father the car .
my cousin sent your husband the mirror .	my cousin lost your husband the mirror .
my boss gave my wife 's cousin 's brother the plate .	my boss lost my wife 's cousin 's brother the plate .
the doctor bought my sister the rug .	the doctor shook my sister the rug .
your cousin showed your brother the rug .	your cousin shook your brother the rug .
Susan bought my doctor 's friend the spoon .	Susan shook my doctor 's friend the spoon .
Jane bought my boss 's sister the spoon .	Jane kept my boss 's sister the spoon .
Elizabeth bought my mom 's dad 's wife the bag .	Elizabeth dropped my mom 's dad 's wife the bag .
your dentist gave my wife 's dad 's wife the cup .	your dentist kept my wife 's dad 's wife the cup .
Ann sent my dentist 's wife 's mom the book .	Ann kept my dentist 's wife 's mom the book .
the driver bought your husband 's daughter 's sister the picture .	the driver moved your husband 's daughter 's sister the picture .
Patrick gave my boss 's sister the ship .	Patrick dropped my boss 's sister the ship .
Sarah showed my father 's dad the truck .	Sarah dropped my father 's dad the truck .
my boss bought your mother 's dentist the car .	my boss kept your mother 's dentist the car .
Jane bought your mother 's doctor the rug .	Jane kept your mother 's doctor the rug .
Noah gave your father 's son the ship .	Noah held your father 's son the ship .
Alice bought your mother 's father 's dad the truck .	Alice shook your mother 's father 's dad the truck .
the customer gave your brother the chair .	the customer lost your brother the chair .
the patient showed my dad 's wife the rug .	the patient dropped my dad 's wife the rug .
your cousin showed your doctor the truck .	your cousin kept your doctor the truck .
Jane bought my wife the doll .	Jane held my wife the doll .
your doctor bought my daughter 's dentist the candle .	your doctor dropped my daughter 's dentist the candle .
the person sent your dad 's boss the spoon .	the person shook your dad 's boss the spoon .
the person gave my friend the window .	the person dropped my friend the window .
Vanessa sent your boss the door .	Vanessa kept your boss the door .
my doctor gave my daughter the bowl .	my doctor cleaned my daughter the bowl .
the driver bought my friend the bowl .	the driver lost my friend the bowl .
Robert sent my dentist 's husband the book .	Robert lost my dentist 's husband the book .
your boss showed my sister the crayon .	your boss cleaned my sister the crayon .
Timothy showed your wife 's teacher the glass .	Timothy dropped your wife 's teacher the glass .
the dentist showed my teacher 's dentist 's dentist the glass .	the dentist lost my teacher 's dentist 's dentist the glass .
Jill gave my mother 's mother 's mother the plate .	Jill moved my mother 's mother 's mother the plate .
your cousin bought my dad the boat .	your cousin lost my dad the boat .
the person sent your husband 's brother 's wife the bag .	the person moved your husband 's brother 's wife the bag .
my boss showed your sister 's mom the plane .	my boss lost your sister 's mom the plane .
your boss sent my mother 's sister 's friend the car .	your boss lost my mother 's sister 's friend the car .
the dentist bought your son 's brother 's boss the spoon .	the dentist lost your son 's brother 's boss the spoon .
the doctor sent my father the box .	the doctor cleaned my father the box .
Linda gave your mother 's sister 's daughter the rocket .	Linda dropped your mother 's sister 's daughter the rocket .
Linda sent your mother 's doctor the rocket .	Linda shook your mother 's doctor the rocket .
your cousin sent your daughter 's doctor 's friend the ring .	your cousin moved your daughter 's doctor 's friend the ring .
your boss bought your grandmother 's dentist the couch .	your boss shook your grandmother 's dentist the couch .
Adam showed my daughter 's wife the picture .	Adam kept my daughter 's wife the picture .
the dentist sent my dentist 's brother 's grandmother the book .	the dentist shook my dentist 's brother 's grandmother the book .
your cousin sent my doctor the doll .	your cousin moved my doctor the doll .
my doctor gave my friend the rocket .	my doctor moved my friend the rocket .
Emily showed your mom 's friend 's dad the shoe .	Emily dropped your mom 's friend 's dad the shoe .
the patient sent my boss 's mother the couch .	the patient cleaned my boss 's mother the couch .
George bought my doctor 's son the bag .	George cleaned my doctor 's son the bag .
your boss gave your son 's mom 's mom the truck .	your boss lost your son 's mom 's mom the truck .
Sally bought your friend the chair .	Sally moved your friend the chair .
Allison showed your husband 's daughter the fork .	Allison kept your husband 's daughter the fork .
the customer sent your friend the plate .	the customer dropped your friend the plate .
your dentist sent my grandmother 's doctor 's husband the spoon .	your dentist dropped my grandmother 's doctor 's husband the spoon .
my cousin sent your husband 's cousin 's mother the door .	my cousin cleaned your husband 's cousin 's mother the door .
Nina showed your brother 's father the dish .	Nina kept your brother 's father the dish .
Nicole gave your doctor 's grandmother the button .	Nicole kept your doctor 's grandmother the button .
Sally gave your grandmother the boat .	Sally shook your grandmother the boat .
your dentist gave your mom 's son 's cousin the bed .	your dentist cleaned your mom 's son 's cousin the bed .
the patient showed my teacher 's son 's cousin the spoon .	the patient held my teacher 's son 's cousin the spoon .
Susan showed my cousin 's doctor 's mom the crayon .	Susan dropped my cousin 's doctor 's mom the crayon .
my cousin showed my dentist 's cousin the crayon .	my cousin kept my dentist 's cousin the crayon .
your boss sent your husband 's grandmother 's boss the box .	your boss shook your husband 's grandmother 's boss the box .
the patient sent my mom 's daughter the boat .	the patient kept my mom 's daughter the boat .
Wendy gave your wife the button .	Wendy held your wife the button .
the child bought my doctor the glass .	the child shook my doctor the glass .
Travis sent my husband 's son the glass .	Travis held my husband 's son the glass .
my teacher sent my dad the truck .	my teacher held my dad the truck .
Janet bought your dad the shirt .	Janet held your dad the shirt .
Jessica showed my brother the dish .	Jessica moved my brother the dish .
Aaron showed your teacher 's mother the rocket .	Aaron moved your teacher 's mother the rocket .
Paul showed your wife the bottle .	Paul lost your wife the bottle .
my boss sent my sister 's teacher 's husband the window .	my boss moved my sister 's teacher 's husband the window .
the teacher bought my daughter the book .	the teacher cleaned my daughter the book .
your doctor sent your sister 's grandmother 's daughter the window .	your doctor dropped your sister 's grandmother 's daughter the window .
the dancer sent your son the plane .	the dancer kept your son the plane .
the patient bought my friend 's dad 's dentist the hat .	the patient shook my friend 's dad 's dentist the hat .
Noah bought my dad the truck .	Noah kept my dad the truck .
my dentist showed my doctor 's cousin the spoon .	my dentist shook my doctor 's cousin the spoon .
Ann sent your friend the cup .	Ann moved your friend the cup .
the customer sent my grandmother 's teacher 's mother the chair .	the customer kept my grandmother 's teacher 's mother the chair .
the person showed my teacher 's boss 's father the bag .	the person dropped my teacher 's boss 's father the bag .
my dentist gave your father 's friend 's cousin the ship .	my dentist dropped your father 's friend 's cousin the ship .
my dentist showed my brother the glass .	my dentist moved my brother the glass .
the driver sent my daughter 's sister the bottle .	the driver dropped my daughter 's sister the bottle .
your boss gave my brother 's sister the bed .	your boss moved my brother 's sister the bed .
my teacher bought your friend 's grandmother 's boss the rocket .	my teacher shook your friend 's grandmother 's boss the rocket .
the dancer gave your doctor 's boss the car .	the dancer shook your doctor 's boss the car .
April gave your grandmother 's friend the shirt .	April moved your grandmother 's friend the shirt .
the teacher sent my daughter 's doctor 's mom the bicycle .	the teacher cleaned my daughter 's doctor 's mom the bicycle .
Allison gave my father 's wife the car .	Allison held my father 's wife the car .
my dentist bought my mother the doll .	my dentist kept my mother the doll .
my teacher bought your son 's son the bicycle .	my teacher lost your son 's son the bicycle .
the adult gave your boss 's doctor 's mother the rocket .	the adult shook your boss 's doctor 's mother the rocket .
the patient showed your wife 's doctor the spoon .	the patient dropped your wife 's doctor the spoon .
the patient bought your brother 's wife the boat .	the patient shook your brother 's wife the boat .
the adult sent my grandmother 's sister the bed .	the adult held my grandmother 's sister the bed .
your cousin gave my dad 's daughter the ship .	your cousin dropped my dad 's daughter the ship .
Christopher showed your cousin 's boss the shoe .	Christopher kept your cousin 's boss the shoe .
my friend bought my cousin 's friend 's dentist the bowl .	my friend dropped my cousin 's friend 's dentist the bowl .
the child bought your mom the car .	the child lost your mom the car .
Rachel gave your father 's grandmother 's mom the bicycle .	Rachel moved your father 's grandmother 's mom the bicycle .
Becky gave my wife the rocket .	Becky kept my wife the rocket .
the adult bought your teacher 's boss the boat .	the adult lost your teacher 's boss the boat .
Paul bought my mom 's dentist the bicycle .	Paul shook my mom 's dentist the bicycle .
your cousin bought your brother the fork .	your cousin lost your brother the fork .
my dentist gave your grandmother 's friend the bicycle .	my dentist moved your grandmother 's friend the bicycle .
the driver sent your dad 's sister 's son the plate .	the driver cleaned your dad 's sister 's son the plate .
the adult showed my teacher 's father the truck .	the adult moved my teacher 's father the truck .
your doctor showed my cousin 's father 's son the truck .	your doctor kept my cousin 's father 's son the truck .
the person gave my dad 's dentist 's cousin the plate .	the person shook my dad 's dentist 's cousin the plate .
my teacher gave your boss the rocket .	my teacher held your boss the rocket .
the dancer showed my sister the doll .	the dancer moved my sister the doll .
the doctor showed my dentist the plate .	the doctor dropped my dentist the plate .
my dentist bought my friend 's grandmother the mirror .	my dentist moved my friend 's grandmother the mirror .
the dancer sent my mother the ship .	the dancer moved my mother the ship .
Andrew showed your daughter 's grandmother the plate .	Andrew held your daughter 's grandmother the plate .
your cousin bought your sister 's mother 's dentist the book .	your cousin moved your sister 's mother 's dentist the book .
Denise showed my friend the doll .	Denise lost my friend the doll .
my cousin gave my mother 's son 's mom the ring .	my cousin cleaned my mother 's son 's mom the ring .
Peter sent my dad 's brother the ship .	Peter held my dad 's brother the ship .
James showed your mom 's cousin 's cousin the shirt .	James moved your mom 's cousin 's cousin the shirt .
my cousin gave your friend 's daughter the ship .	my cousin held your friend 's daughter the ship .
Michelle gave your father 's wife the hat .	Michelle held your father 's wife the hat .
Laurie showed your father the plane .	Laurie moved your father the plane .
the child sent my husband 's daughter 's father the rocket .	the child held my husband 's daughter 's father the rocket .
my teacher showed my mother 's grandmother 's wife the couch .	my teacher held my mother 's grandmother 's wife the couch .
the driver sent my brother 's mother the rug .	the driver moved my brother 's mother the rug .
Elizabeth showed my teacher the rug .	Elizabeth moved my teacher the rug .
my doctor gave my mother 's dad 's boss the plane .	my doctor dropped my mother 's dad 's boss the plane .
the dentist showed my boss the hat .	the dentist cleaned my boss the hat .
your cousin sent my boss 's wife the shoe .	your cousin shook my boss 's wife the shoe .
the driver gave your mom 's mom 's sister the box .	the driver cleaned your mom 's mom 's sister the box .
the dancer gave your dad the car .	the dancer cleaned your dad the car .
the teacher bought my boss 's wife the boat .	the teacher held my boss 's wife the boat .
my boss sent my sister 's teacher the ring .	my boss cleaned my sister 's teacher the ring .
Julia sent your grandmother the ship .	Julia held your grandmother the ship .
my dentist sent my grandmother 's grandmother the mirror .	my dentist kept my grandmother 's grandmother the mirror .
Marie showed your father 's son 's daughter the mirror .	Marie moved your father 's son 's daughter the mirror .
the customer gave my boss 's friend 's brother the doll .	the customer kept my boss 's friend 's brother the doll .
Richard bought my son 's son the car .	Richard cleaned my son 's son the car .
the driver sent your boss 's sister the cup .	the driver shook your boss 's sister the cup .
your boss showed my daughter 's friend the glass .	your boss lost my daughter 's friend the glass .
your boss bought my mother the ring .	your boss shook my mother the ring .
my teacher gave your dentist the car .	my teacher cleaned your dentist the car .
the dentist sent your teacher 's grandmother 's father the plate .	the dentist lost your teacher 's grandmother 's father the plate .
the dancer bought your doctor the rocket .	the dancer moved your doctor the rocket .
the person gave my doctor 's dentist the dish .	the person dropped my doctor 's dentist the dish .
Paul showed your daughter 's grandmother the box .	Paul moved your daughter 's grandmother the box .
Patrick showed my teacher 's dad 's mother the glass .	Patrick kept my teacher 's dad 's mother the glass .
your dentist sent your daughter 's daughter 's father the shirt .	your dentist dropped your daughter 's daughter 's father the shirt .
your boss gave my boss 's mom the candle .	your boss moved my boss 's mom the candle .
Lisa gave my dentist 's dentist the fork .	Lisa shook my dentist 's dentist the fork .
the driver sent your wife 's grandmother 's cousin the chair .	the driver lost your wife 's grandmother 's cousin the chair .
my boss bought my daughter 's daughter 's dad the bed .	my boss moved my daughter 's daughter 's dad the bed .
