this dancer was making that bed .	this dancer was laughing that bed .
these ladies do n't take the shirt .	these ladies do n't whisper the shirt .
the guys should scare this woman .	the guys should sneeze this woman .
the dentist is taking that candle .	the dentist is smiling that candle .
this patient had n't fixed these spoons .	this patient had n't yelled these spoons .
that dentist has n't held these beds .	that dentist has n't talked these beds .
the queen was fixing those candles .	the queen was laughing those candles .
these teachers wo n't make the couch .	these teachers wo n't lie the couch .
that king could n't hold those dolls .	that king could n't sneeze those dolls .
those children had n't kept the doors .	those children had n't talked the doors .
this man was fixing these books .	this man was smiling these books .
this patient would n't take this picture .	this patient would n't yell this picture .
that girl would hold the book .	that girl would laugh the book .
the customer did n't hate this boy .	the customer did n't smile this boy .
these girls should bother these people .	these girls should lie these people .
that dentist did n't keep these books .	that dentist did n't cough these books .
the doctors may make the pictures .	the doctors may yell the pictures .
that king made the bicycle .	that king yelled the bicycle .
that dentist keeps this couch .	that dentist talks this couch .
this child could n't praise the men .	this child could n't lie the men .
these teachers would n't hold those rings .	these teachers would n't talk those rings .
that dancer made these glasses .	that dancer talked these glasses .
the adult took these boxes .	the adult laughed these boxes .
that person is keeping those beds .	that person is screaming those beds .
this dentist is n't bothering this person .	this dentist is n't yelling this person .
this patient could bring those cups .	this patient could talk those cups .
that teacher was n't bothering that lady .	that teacher was n't lying that lady .
those people have n't made that box .	those people have n't talked that box .
the ladies brought the toys .	the ladies laughed the toys .
these guys hold those pictures .	these guys yell those pictures .
this boy would steal this hat .	this boy would laugh this hat .
the ladies were taking those forks .	the ladies were whispering those forks .
that driver bothered this boy .	that driver talked this boy .
the king is n't finding those dishes .	the king is n't lying those dishes .
these ladies may hate the boy .	these ladies may scream the boy .
this lady scares that doctor .	this lady appears that doctor .
the women bother this lady .	the women sneeze this lady .
this boy should n't take those forks .	this boy should n't laugh those forks .
that dentist bothered that teacher .	that dentist laughed that teacher .
these children do n't buy these dishes .	these children do n't whisper these dishes .
that adult was n't fixing that box .	that adult was n't laughing that box .
this king is making this button .	this king is laughing this button .
the teachers fix the bowls .	the teachers smile the bowls .
these ladies wo n't fix that rocket .	these ladies wo n't smile that rocket .
the ladies might make that bottle .	the ladies might whisper that bottle .
these girls praise this child .	these girls whisper this child .
the men may buy those candles .	the men may sneeze those candles .
those men take the bottles .	those men scream the bottles .
the ladies buy the rings .	the ladies sneeze the rings .
the people might hold those glasses .	the people might laugh those glasses .
those boys may steal the cups .	those boys may talk the cups .
those children could n't praise the customer .	those children could n't sneeze the customer .
these children buy the candle .	these children talk the candle .
the men could buy the crayons .	the men could yell the crayons .
the children could steal that ring .	the children could smile that ring .
those children hold this boat .	those children cough this boat .
that king was n't finding this shirt .	that king was n't laughing this shirt .
those girls should n't find the toys .	those girls should n't cough the toys .
this adult should take those glasses .	this adult should smile those glasses .
the guys have kept the plane .	the guys have talked the plane .
the boys were n't keeping those rings .	the boys were n't laughing those rings .
those women could bother that adult .	those women could scream that adult .
these boys do n't scare that guy .	these boys do n't lie that guy .
the adult had scared those boys .	the adult had laughed those boys .
the patient would n't find that rug .	the patient would n't cough that rug .
those ladies took this ring .	those ladies talked this ring .
that man had scared this lady .	that man had yelled this lady .
the women were bringing these bottles .	the women were yelling these bottles .
the women are buying that fork .	the women are whispering that fork .
the queen has n't bought this shirt .	the queen has n't laughed this shirt .
the lady could n't sell the plate .	the lady could n't talk the plate .
those women can n't bring the crayon .	those women can n't yell the crayon .
this man liked the guy .	this man laughed the guy .
that guy had n't bought this book .	that guy had n't yelled this book .
these men might appreciate those doctors .	these men might sneeze those doctors .
these boys should n't like this customer .	these boys should n't cough this customer .
those women may steal this plane .	those women may whisper this plane .
those doctors buy that truck .	those doctors sneeze that truck .
the ladies find the books .	the ladies lie the books .
this woman kept that rug .	this woman laughed that rug .
the king is making the chairs .	the king is lying the chairs .
those people keep the hat .	those people smile the hat .
these teachers bring that rocket .	these teachers smile that rocket .
those people scare the doctor .	those people talk the doctor .
these guys were buying those trucks .	these guys were yelling those trucks .
this man should appreciate the children .	this man should laugh the children .
these men should n't appreciate this person .	these men should n't scream this person .
this teacher should n't buy this ring .	this teacher should n't talk this ring .
that customer had n't liked this man .	that customer had n't talked this man .
the king was keeping those boats .	the king was yelling those boats .
those women had bothered the boy .	those women had yelled the boy .
this person will appreciate the teacher .	this person will yell the teacher .
the king will hold that bed .	the king will laugh that bed .
this guy was bringing these books .	this guy was laughing these books .
these teachers would n't make that fork .	these teachers would n't scream that fork .
those people find the bowl .	those people whisper the bowl .
this woman wo n't fix these cups .	this woman wo n't yell these cups .
the people may sell the fork .	the people may sneeze the fork .
this queen could hate that customer .	this queen could sneeze that customer .
the boys wo n't buy that candle .	the boys wo n't smile that candle .
this adult wo n't find the dishes .	this adult wo n't laugh the dishes .
the dancer wo n't keep this doll .	the dancer wo n't smile this doll .
that dentist did n't like that guy .	that dentist did n't talk that guy .
those doctors fixed the cars .	those doctors laughed the cars .
the customer was buying this bag .	the customer was screaming this bag .
these boys sell this spoon .	these boys cough this spoon .
these doctors hate that guy .	these doctors talk that guy .
that boy had n't brought the toys .	that boy had n't yelled the toys .
the dancer was holding these trucks .	the dancer was yelling these trucks .
this king may appreciate that guy .	this king may scream that guy .
that person wo n't bother those girls .	that person wo n't whisper those girls .
the queen keeps this rocket .	the queen appears this rocket .
those guys had brought this car .	those guys had laughed this car .
this woman was n't taking these buttons .	this woman was n't smiling these buttons .
those guys have fixed those candles .	those guys have yelled those candles .
this adult did n't praise this customer .	this adult did n't scream this customer .
these guys liked these boys .	these guys talked these boys .
these people wo n't bother the doctor .	these people wo n't scream the doctor .
the women can take the boxes .	the women can lie the boxes .
the lady had n't fixed the spoon .	the lady had n't talked the spoon .
that child was n't bringing these glasses .	that child was n't screaming these glasses .
the dentist found this ring .	the dentist yelled this ring .
these doctors can praise the queen .	these doctors can talk the queen .
this dancer is bringing the bottles .	this dancer is yelling the bottles .
the guy was keeping these buttons .	the guy was whispering these buttons .
the women found those books .	the women laughed those books .
the boy will appreciate the teachers .	the boy will yell the teachers .
the patient likes this lady .	the patient appears this lady .
this man can n't scare that teacher .	this man can n't laugh that teacher .
the people were n't taking these shirts .	the people were n't screaming these shirts .
the teachers steal that box .	the teachers whisper that box .
those ladies found the fork .	those ladies talked the fork .
those women had brought this door .	those women had yelled this door .
the girls praise those women .	the girls talk those women .
the children were n't buying that doll .	the children were n't lying that doll .
the boys would hold the trucks .	the boys would talk the trucks .
the girls are n't fixing these bowls .	the girls are n't whispering these bowls .
these women are n't fixing the window .	these women are n't yelling the window .
that adult brought that ship .	that adult laughed that ship .
these boys confused that person .	these boys yelled that person .
this customer bought these dolls .	this customer talked these dolls .
that king had n't bought this bicycle .	that king had n't yelled this bicycle .
that child had n't found that candle .	that child had n't yelled that candle .
the doctors were n't bothering this king .	the doctors were n't talking this king .
this driver would n't keep the cars .	this driver would n't smile the cars .
those girls sell this car .	those girls scream this car .
those teachers would hold the chairs .	those teachers would laugh the chairs .
these girls bother these boys .	these girls talk these boys .
that teacher would n't hate these doctors .	that teacher would n't smile these doctors .
those doctors would n't take that window .	those doctors would n't sneeze that window .
that king must hold the ship .	that king must whisper the ship .
the women made the ring .	the women laughed the ring .
the man wo n't appreciate the adult .	the man wo n't cough the adult .
these women are taking those plates .	these women are whispering those plates .
the adult can n't steal this book .	the adult can n't lie this book .
the customer should n't take these candles .	the customer should n't lie these candles .
the adult keeps this car .	the adult appears this car .
these men would n't bring that book .	these men would n't scream that book .
those ladies hate the doctor .	those ladies sneeze the doctor .
these boys liked this teacher .	these boys talked this teacher .
these children bring the beds .	these children talk the beds .
the doctor is n't keeping those cars .	the doctor is n't screaming those cars .
the teachers are n't finding that window .	the teachers are n't screaming that window .
the girl should n't buy those books .	the girl should n't laugh those books .
those guys hold the toys .	those guys laugh the toys .
the girl would find that cup .	the girl would sneeze that cup .
those boys were keeping this plane .	those boys were talking this plane .
that dancer could n't hold the rocket .	that dancer could n't whisper the rocket .
the guys like these ladies .	the guys laugh these ladies .
the king would keep this car .	the king would smile this car .
the women found that bicycle .	the women laughed that bicycle .
the dentist had bothered the dentist .	the dentist had laughed the dentist .
those guys had brought the doors .	those guys had laughed the doors .
these girls brought that mirror .	these girls yelled that mirror .
the boys may keep the shirts .	the boys may smile the shirts .
those boys may take this doll .	those boys may whisper this doll .
this patient has made the toys .	this patient has yelled the toys .
these people make this candle .	these people sneeze this candle .
this girl made the cars .	this girl yelled the cars .
the doctors have made the spoons .	the doctors have laughed the spoons .
the teacher was taking the book .	the teacher was lying the book .
these boys find that ship .	these boys talk that ship .
this queen was holding that truck .	this queen was lying that truck .
the girls can take that window .	the girls can scream that window .
these girls can n't scare that man .	these girls can n't whisper that man .
that patient has bothered the woman .	that patient has yelled the woman .
this person is keeping this toy .	this person is laughing this toy .
that driver can n't like that child .	that driver can n't scream that child .
those boys would buy these crayons .	those boys would scream these crayons .
the person should n't sell those books .	the person should n't cough those books .
the customer would n't keep the ring .	the customer would n't lie the ring .
that girl was n't making these doors .	that girl was n't lying these doors .
the queen has n't scared this boy .	the queen has n't talked this boy .
the doctor does n't find these rings .	the doctor does n't talk these rings .
that driver is fixing that book .	that driver is screaming that book .
these boys did n't fix the car .	these boys did n't cough the car .
this customer can n't hold those shirts .	this customer can n't laugh those shirts .
those girls take the couch .	those girls sneeze the couch .
the guy is buying these rings .	the guy is screaming these rings .
this dentist is n't holding the plane .	this dentist is n't whispering the plane .
these people do n't bother the men .	these people do n't smile the men .
this guy was n't taking the bags .	this guy was n't talking the bags .
this dancer might hate the patient .	this dancer might talk the patient .
the man keeps the bicycle .	the man talks the bicycle .
that adult may take this ship .	that adult may cough this ship .
the dancer was holding the cups .	the dancer was smiling the cups .
that driver stole the hats .	that driver laughed the hats .
this lady would appreciate those ladies .	this lady would lie those ladies .
those men had fixed the cup .	those men had laughed the cup .
this boy could hold these boxes .	this boy could laugh these boxes .
the men are keeping this box .	the men are talking this box .
that girl should n't bring those dishes .	that girl should n't sneeze those dishes .
that child may bother the child .	that child may cough the child .
these ladies would n't appreciate this dentist .	these ladies would n't talk this dentist .
the men take that bottle .	the men cough that bottle .
the patient confused those boys .	the patient talked those boys .
the man bought these books .	the man talked these books .
the man has found these cups .	the man has laughed these cups .
this child can steal this chair .	this child can laugh this chair .
that dancer takes this button .	that dancer talks this button .
the adult did n't find that plate .	the adult did n't scream that plate .
this girl kept those forks .	this girl talked those forks .
those men were bringing the dishes .	those men were laughing the dishes .
these doctors are buying the bag .	these doctors are screaming the bag .
these doctors were bringing those dolls .	these doctors were whispering those dolls .
these doctors may praise that woman .	these doctors may laugh that woman .
this dancer had made that window .	this dancer had yelled that window .
that lady is n't fixing that dish .	that lady is n't screaming that dish .
those children sell the chair .	those children cough the chair .
the dancer scared these ladies .	the dancer yelled these ladies .
the women can hate that child .	the women can scream that child .
this person should n't take the toy .	this person should n't whisper the toy .
these doctors found that bag .	these doctors yelled that bag .
the child is n't holding those bowls .	the child is n't laughing those bowls .
the men were taking these cars .	the men were smiling these cars .
the people hold the boats .	the people yell the boats .
this king may take these shirts .	this king may cough these shirts .
the men were keeping this ring .	the men were laughing this ring .
the guy does n't hold those shoes .	the guy does n't lie those shoes .
the woman might sell this car .	the woman might lie this car .
those people would n't sell the books .	those people would n't lie the books .
the girl must hold that ring .	the girl must laugh that ring .
the woman may take the button .	the woman may smile the button .
those doctors had brought those rings .	those doctors had talked those rings .
those doctors were n't holding this fork .	those doctors were n't smiling this fork .
the dentist had n't confused those doctors .	the dentist had n't yelled those doctors .
that dancer did n't find this rug .	that dancer did n't laugh this rug .
the people bothered that man .	the people talked that man .
that adult was holding that couch .	that adult was lying that couch .
those guys could bother these ladies .	those guys could lie these ladies .
this queen can n't take these bowls .	this queen can n't talk these bowls .
the dancer might hate those women .	the dancer might smile those women .
that dancer would sell these toys .	that dancer would lie these toys .
that girl did n't fix the car .	that girl did n't whisper the car .
this boy did n't like that patient .	this boy did n't laugh that patient .
that person may bother the dancer .	that person may sneeze the dancer .
those girls took the glass .	those girls yelled the glass .
the child is fixing those windows .	the child is lying those windows .
those people might take the fork .	those people might smile the fork .
the child scared that driver .	the child yelled that driver .
those doctors could bring those plates .	those doctors could sneeze those plates .
these women make these boats .	these women smile these boats .
this person would take the chairs .	this person would laugh the chairs .
the customer would n't hate these doctors .	the customer would n't scream these doctors .
this doctor had found the bottle .	this doctor had laughed the bottle .
these ladies scare those teachers .	these ladies sneeze those teachers .
this dancer is n't bringing this picture .	this dancer is n't laughing this picture .
the children praise this boy .	the children yell this boy .
the girls can n't take this shirt .	the girls can n't laugh this shirt .
the children bring those doors .	the children cough those doors .
this king could n't find that glass .	this king could n't cough that glass .
that woman is n't buying the shoes .	that woman is n't talking the shoes .
this dentist can n't like this dentist .	this dentist can n't scream this dentist .
the guy was keeping the box .	the guy was yelling the box .
this dentist may find the chairs .	this dentist may lie the chairs .
this patient had brought the cup .	this patient had laughed the cup .
this adult might appreciate the queen .	this adult might talk the queen .
that queen had n't taken the chairs .	that queen had n't talked the chairs .
that teacher makes those bottles .	that teacher talks those bottles .
the adult likes the adult .	the adult appears the adult .
the people do n't hate those boys .	the people do n't talk those boys .
those girls are buying the book .	those girls are laughing the book .
these doctors took this mirror .	these doctors talked this mirror .
the children bother these girls .	the children laugh these girls .
those doctors fixed the door .	those doctors laughed the door .
this patient bought this plate .	this patient talked this plate .
the boys hold the bed .	the boys cough the bed .
the guys bring the beds .	the guys sneeze the beds .
the doctors are finding this plane .	the doctors are whispering this plane .
the boys have bothered that customer .	the boys have talked that customer .
the child may sell these plates .	the child may lie these plates .
this boy must keep these spoons .	this boy must yell these spoons .
those guys would n't keep this car .	those guys would n't whisper this car .
the girls scare this lady .	the girls cough this lady .
the girl might bother this patient .	the girl might whisper this patient .
the king has made this bag .	the king has yelled this bag .
that dentist keeps those trucks .	that dentist appears those trucks .
these men steal the forks .	these men cough the forks .
the people could n't steal those chairs .	the people could n't sneeze those chairs .
that driver was n't bringing this bicycle .	that driver was n't smiling this bicycle .
the men did n't bring the bowl .	the men did n't talk the bowl .
the guy would n't bother the girl .	the guy would n't whisper the girl .
this girl can n't find that chair .	this girl can n't talk that chair .
that teacher is n't making this car .	that teacher is n't yelling this car .
these doctors must praise that customer .	these doctors must talk that customer .
the men will steal the box .	the men will yell the box .
those girls are n't fixing the ship .	those girls are n't yelling the ship .
the women bring these windows .	the women cough these windows .
those people may hate this doctor .	those people may lie this doctor .
the women had held the spoon .	the women had laughed the spoon .
the guys could n't take the windows .	the guys could n't talk the windows .
that girl may make that ring .	that girl may talk that ring .
that patient is fixing these crayons .	that patient is laughing these crayons .
the king did n't buy those bags .	the king did n't scream those bags .
the man wo n't keep the doll .	the man wo n't whisper the doll .
that boy had n't kept this book .	that boy had n't yelled this book .
the women should praise these boys .	the women should smile these boys .
that lady should n't keep that book .	that lady should n't cough that book .
those guys steal this door .	those guys cough this door .
these men can hate these ladies .	these men can whisper these ladies .
these boys will hold these boats .	these boys will sneeze these boats .
those men are buying this picture .	those men are lying this picture .
these people like the people .	these people yell the people .
this dancer is fixing the shoe .	this dancer is laughing the shoe .
that queen takes the glasses .	that queen talks the glasses .
this adult has n't brought these windows .	this adult has n't laughed these windows .
the queen should hold those bottles .	the queen should yell those bottles .
the lady is making this crayon .	the lady is whispering this crayon .
that dentist will sell those candles .	that dentist will sneeze those candles .
the lady took the plate .	the lady yelled the plate .
the guys wo n't fix this truck .	the guys wo n't talk this truck .
the doctors steal this car .	the doctors sneeze this car .
the doctor was making these shirts .	the doctor was yelling these shirts .
the girls are n't fixing these rings .	the girls are n't laughing these rings .
the customer does n't scare the dentist .	the customer does n't lie the dentist .
the ladies can n't make the chair .	the ladies can n't laugh the chair .
the girls find that fork .	the girls talk that fork .
those women find those cups .	those women smile those cups .
the teacher had n't held this candle .	the teacher had n't yelled this candle .
these women praise that adult .	these women yell that adult .
those women take the pictures .	those women cough the pictures .
the dentist is keeping the ring .	the dentist is whispering the ring .
the king must scare this adult .	the king must laugh this adult .
that person has held these cars .	that person has talked these cars .
these people had n't brought that couch .	these people had n't yelled that couch .
those girls have n't made those boxes .	those girls have n't talked those boxes .
that king is keeping the rocket .	that king is talking the rocket .
this guy should n't scare those doctors .	this guy should n't yell those doctors .
those ladies have bothered that boy .	those ladies have talked that boy .
this teacher might bring the box .	this teacher might laugh the box .
the customer must praise that person .	the customer must lie that person .
that boy is n't finding those glasses .	that boy is n't screaming those glasses .
this teacher brought those spoons .	this teacher laughed those spoons .
that dancer does n't steal these glasses .	that dancer does n't smile these glasses .
that dancer did n't like the person .	that dancer did n't cough the person .
that boy has kept the fork .	that boy has yelled the fork .
these men will praise this lady .	these men will sneeze this lady .
this person does n't like this adult .	this person does n't cough this adult .
that woman had n't taken the bags .	that woman had n't laughed the bags .
the driver would keep that bowl .	the driver would scream that bowl .
these teachers might hold these windows .	these teachers might cough these windows .
those guys buy the mirror .	those guys lie the mirror .
this patient has confused the people .	this patient has talked the people .
the women must take the doll .	the women must whisper the doll .
this girl scared those doctors .	this girl yelled those doctors .
those men may make those dishes .	those men may lie those dishes .
these ladies are keeping the plates .	these ladies are lying the plates .
that king was n't keeping the boat .	that king was n't yelling the boat .
the teachers can hold that book .	the teachers can scream that book .
that woman is n't finding that bed .	that woman is n't talking that bed .
the king may praise this woman .	the king may whisper this woman .
that adult was n't holding that plane .	that adult was n't smiling that plane .
this woman would scare that lady .	this woman would lie that lady .
the teachers were making this fork .	the teachers were yelling this fork .
that girl should n't take that button .	that girl should n't talk that button .
this child may steal those forks .	this child may talk those forks .
that patient may fix that shoe .	that patient may smile that shoe .
that person did n't sell the ring .	that person did n't whisper the ring .
that driver did n't find these rings .	that driver did n't cough these rings .
this queen was n't bringing this shirt .	this queen was n't whispering this shirt .
that woman has n't made that book .	that woman has n't yelled that book .
that adult will make that book .	that adult will whisper that book .
the teachers would hate the king .	the teachers would lie the king .
the children were buying the trucks .	the children were talking the trucks .
the teachers buy the cars .	the teachers yell the cars .
the customer has scared this driver .	the customer has talked this driver .
those men make the crayons .	those men lie the crayons .
the teachers bring those windows .	the teachers scream those windows .
that child bought this chair .	that child yelled this chair .
the ladies should n't appreciate those children .	the ladies should n't cough those children .
the doctor may bring those bags .	the doctor may scream those bags .
these teachers fixed this doll .	these teachers yelled this doll .
that teacher has found those cars .	that teacher has yelled those cars .
this queen must bring the chairs .	this queen must laugh the chairs .
those people bother these teachers .	those people scream these teachers .
the men do n't fix the bottles .	the men do n't yell the bottles .
those women hate the woman .	those women whisper the woman .
that driver could n't appreciate the doctors .	that driver could n't cough the doctors .
those girls are n't bothering the girl .	those girls are n't laughing the girl .
that girl can scare these girls .	that girl can sneeze these girls .
that lady liked the guys .	that lady talked the guys .
the people can scare these teachers .	the people can talk these teachers .
those teachers are n't taking these pictures .	those teachers are n't laughing these pictures .
the ladies buy that ring .	the ladies lie that ring .
these people can n't praise those men .	these people can n't lie those men .
this doctor could n't make the bottle .	this doctor could n't whisper the bottle .
this child has bought this plate .	this child has talked this plate .
the dancer might fix the couch .	the dancer might talk the couch .
those men brought this car .	those men laughed this car .
this guy holds that truck .	this guy talks that truck .
that king did n't like this person .	that king did n't talk this person .
the girls do n't bother the children .	the girls do n't laugh the children .
this dentist can bring these shoes .	this dentist can lie these shoes .
this adult did n't praise this dancer .	this adult did n't laugh this dancer .
the girls may sell that plane .	the girls may lie that plane .
this dancer had bought this window .	this dancer had yelled this window .
that girl has n't bought the couch .	that girl has n't talked the couch .
these people bring those bottles .	these people laugh those bottles .
the boy had n't made this rocket .	the boy had n't talked this rocket .
this girl scared this queen .	this girl yelled this queen .
the men sell these boxes .	the men talk these boxes .
this adult does n't keep this bag .	this adult does n't cough this bag .
this dancer had fixed those boats .	this dancer had talked those boats .
the women do n't sell those doors .	the women do n't sneeze those doors .
the ladies bring these glasses .	the ladies whisper these glasses .
these women are n't making the shoe .	these women are n't laughing the shoe .
these doctors will appreciate these women .	these doctors will laugh these women .
that teacher was buying the shoe .	that teacher was yelling the shoe .
this adult could sell the bottles .	this adult could smile the bottles .
the people do n't buy these doors .	the people do n't yell these doors .
the driver is fixing those boxes .	the driver is whispering those boxes .
the person had n't fixed the shoe .	the person had n't laughed the shoe .
that boy did n't praise those guys .	that boy did n't talk those guys .
that guy was n't finding that bicycle .	that guy was n't yelling that bicycle .
those girls keep this rug .	those girls yell this rug .
the driver brought that plane .	the driver laughed that plane .
those people should n't make that ship .	those people should n't talk that ship .
that person bothered the women .	that person laughed the women .
these teachers could n't sell the fork .	these teachers could n't cough the fork .
those children wo n't hold these books .	those children wo n't scream these books .
these guys fix that book .	these guys talk that book .
that driver will hate that adult .	that driver will cough that adult .
that guy liked the doctors .	that guy talked the doctors .
those men held this spoon .	those men laughed this spoon .
the people bring this mirror .	the people laugh this mirror .
the doctor keeps this dish .	the doctor talks this dish .
these men keep those boxes .	these men cough those boxes .
these ladies scare the queen .	these ladies sneeze the queen .
the doctor was finding the bottle .	the doctor was laughing the bottle .
this doctor should n't praise this queen .	this doctor should n't scream this queen .
the boys may sell the plate .	the boys may talk the plate .
the boy may hate the customer .	the boy may sneeze the customer .
the people make that book .	the people laugh that book .
those ladies might find those bowls .	those ladies might lie those bowls .
the teachers have scared that teacher .	the teachers have laughed that teacher .
those girls make these trucks .	those girls yell these trucks .
that boy would n't sell those books .	that boy would n't yell those books .
the girls may steal the fork .	the girls may laugh the fork .
the queen might hate the queen .	the queen might cough the queen .
this lady had taken those chairs .	this lady had talked those chairs .
those guys are n't bothering the adult .	those guys are n't yelling the adult .
these guys bother this doctor .	these guys scream this doctor .
these ladies should scare those children .	these ladies should talk those children .
that person would scare the people .	that person would scream the people .
those guys do n't sell this rug .	those guys do n't cough this rug .
the teachers steal the doors .	the teachers smile the doors .
those children wo n't find the truck .	those children wo n't laugh the truck .
this girl is n't taking that bowl .	this girl is n't lying that bowl .
that child keeps that car .	that child appears that car .
these women liked these guys .	these women talked these guys .
the boys stole this glass .	the boys talked this glass .
the man might hate those men .	the man might talk those men .
that customer was n't bringing that boat .	that customer was n't whispering that boat .
the girls must fix those rings .	the girls must lie those rings .
those people wo n't make these bags .	those people wo n't laugh these bags .
the people were fixing the cars .	the people were lying the cars .
these ladies sell this couch .	these ladies laugh this couch .
these teachers would sell this book .	these teachers would cough this book .
this adult wo n't steal that fork .	this adult wo n't yell that fork .
this driver is n't finding the cups .	this driver is n't yelling the cups .
the teacher was keeping those windows .	the teacher was lying those windows .
this queen can n't like that dancer .	this queen can n't whisper that dancer .
this driver would sell this truck .	this driver would yell this truck .
the customer is bringing this cup .	the customer is yelling this cup .
the woman will find the fork .	the woman will whisper the fork .
these ladies praise those doctors .	these ladies sneeze those doctors .
the person wo n't bother these guys .	the person wo n't lie these guys .
the patient did n't praise that teacher .	the patient did n't laugh that teacher .
that dancer could n't hold these glasses .	that dancer could n't cough these glasses .
these people have made the fork .	these people have laughed the fork .
the women scared those ladies .	the women yelled those ladies .
the boys hate this lady .	the boys whisper this lady .
those ladies had bought this door .	those ladies had yelled this door .
the people would n't make those dishes .	the people would n't smile those dishes .
that doctor is holding this picture .	that doctor is screaming this picture .
the children stole the toy .	the children talked the toy .
this person can n't praise this doctor .	this person can n't smile this doctor .
those children wo n't buy those candles .	those children wo n't lie those candles .
the person had brought those cars .	the person had laughed those cars .
this customer has taken the crayons .	this customer has yelled the crayons .
these people might bring these cars .	these people might talk these cars .
the women liked these people .	the women talked these people .
this man may praise that doctor .	this man may cough that doctor .
those boys would n't find the rings .	those boys would n't scream the rings .
the teacher had bothered the boys .	the teacher had yelled the boys .
this woman would n't steal that plate .	this woman would n't yell that plate .
those doctors were fixing this car .	those doctors were laughing this car .
this lady would buy that candle .	this lady would smile that candle .
those children scared this adult .	those children talked this adult .
the teachers can fix this toy .	the teachers can talk this toy .
this teacher would sell that picture .	this teacher would yell that picture .
the patient bought these boxes .	the patient talked these boxes .
the lady can bring the books .	the lady can talk the books .
the boys will sell these rings .	the boys will talk these rings .
this dancer may praise this customer .	this dancer may whisper this customer .
these people can bother the doctors .	these people can whisper the doctors .
those children must hate these children .	those children must talk these children .
those women stole this shoe .	those women yelled this shoe .
this dancer would bother this woman .	this dancer would smile this woman .
this adult liked the dancer .	this adult yelled the dancer .
the dentist can n't steal that window .	the dentist can n't laugh that window .
the children should take these trucks .	the children should cough these trucks .
that king had n't bothered these women .	that king had n't talked these women .
these men take that couch .	these men lie that couch .
these men do n't like this customer .	these men do n't talk this customer .
these guys have held those shirts .	these guys have yelled those shirts .
the customer is making the door .	the customer is laughing the door .
these men could keep the spoons .	these men could cough the spoons .
that customer is n't buying those cars .	that customer is n't laughing those cars .
that lady must bring that picture .	that lady must laugh that picture .
this teacher should n't steal these books .	this teacher should n't lie these books .
the patient bought these chairs .	the patient laughed these chairs .
these ladies sell this rug .	these ladies cough this rug .
the guy brings that truck .	the guy appears that truck .
this person may appreciate the dentist .	this person may sneeze the dentist .
these women were buying those hats .	these women were talking those hats .
the children are fixing that bed .	the children are yelling that bed .
the adult can find these bags .	the adult can cough these bags .
this boy was n't keeping the shoes .	this boy was n't screaming the shoes .
the men hold these bags .	the men yell these bags .
the adult must take those cars .	the adult must laugh those cars .
those girls hold this button .	those girls cough this button .
the people can n't buy this bed .	the people can n't laugh this bed .
these men hold the cars .	these men laugh the cars .
that adult does n't keep the door .	that adult does n't sneeze the door .
the adult is fixing that toy .	the adult is lying that toy .
that guy can hold that rug .	that guy can yell that rug .
these people buy those crayons .	these people smile those crayons .
the ladies may scare that man .	the ladies may cough that man .
those girls confused these girls .	those girls talked these girls .
that dentist does n't keep this ring .	that dentist does n't talk this ring .
the men buy that truck .	the men sneeze that truck .
that customer is n't finding the ring .	that customer is n't laughing the ring .
those women could n't bring the hat .	those women could n't yell the hat .
the people could buy those plates .	the people could whisper those plates .
those people were making those chairs .	those people were yelling those chairs .
those girls should n't keep these hats .	those girls should n't laugh these hats .
that woman fixed that bicycle .	that woman laughed that bicycle .
these girls can n't sell these trucks .	these girls can n't laugh these trucks .
these ladies would hate these girls .	these ladies would yell these girls .
the patient is n't keeping that box .	the patient is n't screaming that box .
this man should make this car .	this man should scream this car .
the people appreciate this king .	the people yell this king .
that girl must appreciate that dancer .	that girl must cough that dancer .
the guys fix those rings .	the guys cough those rings .
these children will praise the teachers .	these children will laugh the teachers .
this queen is n't bothering the girl .	this queen is n't laughing the girl .
the girls were buying the chairs .	the girls were smiling the chairs .
that patient will take the books .	that patient will smile the books .
these children had n't taken the book .	these children had n't yelled the book .
these teachers make those hats .	these teachers whisper those hats .
these children sell these forks .	these children cough these forks .
those ladies were n't making the couch .	those ladies were n't smiling the couch .
that patient bought those forks .	that patient yelled those forks .
that woman bought these forks .	that woman laughed these forks .
the child fixed that car .	the child yelled that car .
that patient can hold those dishes .	that patient can talk those dishes .
this man was n't holding this plate .	this man was n't whispering this plate .
that child made these shoes .	that child laughed these shoes .
this girl is holding these windows .	this girl is whispering these windows .
the doctors find the beds .	the doctors sneeze the beds .
this dentist had fixed that ship .	this dentist had talked that ship .
the lady may scare those children .	the lady may scream those children .
the child fixed that doll .	the child laughed that doll .
the man will like the girl .	the man will talk the girl .
those doctors held those trucks .	those doctors talked those trucks .
that teacher might like this lady .	that teacher might talk this lady .
the doctor makes the picture .	the doctor appears the picture .
the lady is finding this glass .	the lady is talking this glass .
that man is n't holding these plates .	that man is n't smiling these plates .
the boys hold that bag .	the boys lie that bag .
this person can n't buy those bowls .	this person can n't laugh those bowls .
those ladies make the doors .	those ladies smile the doors .
those ladies should fix that toy .	those ladies should talk that toy .
this doctor has n't bought that shirt .	this doctor has n't talked that shirt .
that man bought that box .	that man talked that box .
these women are n't bringing the rings .	these women are n't whispering the rings .
these boys stole those books .	these boys yelled those books .
the lady kept those cups .	the lady yelled those cups .
the man could n't scare that adult .	the man could n't yell that adult .
these children have n't held those books .	these children have n't laughed those books .
this driver is making these beds .	this driver is whispering these beds .
those women must buy the shirts .	those women must cough the shirts .
the customer was making the dish .	the customer was smiling the dish .
the teachers scare this customer .	the teachers yell this customer .
the teachers wo n't take the picture .	the teachers wo n't sneeze the picture .
this man held this spoon .	this man yelled this spoon .
the doctor must take this doll .	the doctor must yell this doll .
these doctors find the button .	these doctors talk the button .
these children are bothering these men .	these children are lying these men .
those children have n't fixed this door .	those children have n't talked this door .
these men scare those boys .	these men talk those boys .
the girl can hold the button .	the girl can scream the button .
the teacher will scare these ladies .	the teacher will sneeze these ladies .
those guys were buying these dolls .	those guys were screaming these dolls .
those doctors bothered the dancer .	those doctors laughed the dancer .
that guy had n't held this rocket .	that guy had n't talked this rocket .
those people hold those books .	those people lie those books .
this woman could take the picture .	this woman could cough the picture .
the boys will fix the books .	the boys will smile the books .
the girl might keep this car .	the girl might laugh this car .
those girls are n't buying these bowls .	those girls are n't smiling these bowls .
the adult is buying those bags .	the adult is screaming those bags .
that customer was n't fixing these shirts .	that customer was n't screaming these shirts .
this patient was n't fixing the dishes .	this patient was n't whispering the dishes .
those teachers wo n't bother that boy .	those teachers wo n't smile that boy .
the queen could make the book .	the queen could smile the book .
this dentist might hold this bowl .	this dentist might whisper this bowl .
those children made those chairs .	those children yelled those chairs .
that dentist could hate that queen .	that dentist could talk that queen .
the boys keep the cups .	the boys lie the cups .
these girls bother this man .	these girls lie this man .
these children praise this queen .	these children yell this queen .
these boys did n't like the teachers .	these boys did n't sneeze the teachers .
this driver will steal those plates .	this driver will talk those plates .
the driver was finding the hats .	the driver was smiling the hats .
this guy can take those toys .	this guy can laugh those toys .
this girl does n't sell that bottle .	this girl does n't whisper that bottle .
those people take those trucks .	those people smile those trucks .
that man can n't like the woman .	that man can n't sneeze the woman .
the children can n't scare the guys .	the children can n't cough the guys .
the man was n't buying these cars .	the man was n't screaming these cars .
that girl has n't bought this rocket .	that girl has n't laughed this rocket .
the guy could steal these spoons .	the guy could laugh these spoons .
the adult was finding that truck .	the adult was lying that truck .
the dentist takes this candle .	the dentist appears this candle .
this queen makes these spoons .	this queen talks these spoons .
these teachers are taking the spoon .	these teachers are talking the spoon .
this teacher is bothering this customer .	this teacher is laughing this customer .
this girl could hate these girls .	this girl could talk these girls .
the queen might hold that plane .	the queen might whisper that plane .
the patient is making those buttons .	the patient is smiling those buttons .
the child has bought that rug .	the child has yelled that rug .
these men buy that crayon .	these men lie that crayon .
the girl was bringing the forks .	the girl was talking the forks .
the people make the toys .	the people talk the toys .
the patient may hate this adult .	the patient may talk this adult .
that person had n't liked the girl .	that person had n't laughed the girl .
that customer can n't bring the picture .	that customer can n't yell the picture .
this guy does n't praise these women .	this guy does n't yell these women .
the children are n't taking the cars .	the children are n't whispering the cars .
the adult would bring these toys .	the adult would talk these toys .
that teacher wo n't fix the bottle .	that teacher wo n't yell the bottle .
the girls find this ship .	the girls talk this ship .
the girl could n't keep the bed .	the girl could n't scream the bed .
the people were fixing the bowls .	the people were talking the bowls .
that teacher had n't confused the patient .	that teacher had n't talked the patient .
the adult would find that bottle .	the adult would scream that bottle .
these guys are holding the books .	these guys are whispering the books .
the king does n't scare this boy .	the king does n't smile this boy .
that girl is making those doors .	that girl is smiling those doors .
these teachers buy these forks .	these teachers lie these forks .
those men sell this car .	those men whisper this car .
these guys might bring that bicycle .	these guys might scream that bicycle .
the queen can keep this button .	the queen can scream this button .
that lady held these bottles .	that lady talked these bottles .
those doctors made this car .	those doctors talked this car .
the guys could fix the button .	the guys could laugh the button .
that king has n't brought that picture .	that king has n't laughed that picture .
the teachers must appreciate that man .	the teachers must lie that man .
these girls may appreciate that king .	these girls may cough that king .
these doctors hold those spoons .	these doctors whisper those spoons .
the adult should n't hate the girls .	the adult should n't yell the girls .
those women did n't fix those cars .	those women did n't whisper those cars .
those children were n't buying the spoons .	those children were n't yelling the spoons .
those men make these trucks .	those men whisper these trucks .
this girl is n't finding those crayons .	this girl is n't smiling those crayons .
the woman is keeping the book .	the woman is smiling the book .
these children fix the candles .	these children talk the candles .
the woman fixed the cars .	the woman talked the cars .
this woman has bothered the boy .	this woman has laughed the boy .
these children hate the boys .	these children talk the boys .
those women hate the guy .	those women lie the guy .
this queen took those bottles .	this queen talked those bottles .
this girl will sell that mirror .	this girl will laugh that mirror .
these men should n't sell these toys .	these men should n't sneeze these toys .
this girl is fixing these cups .	this girl is lying these cups .
the doctors keep that bag .	the doctors cough that bag .
that patient is fixing this shoe .	that patient is smiling this shoe .
the boys should n't find that window .	the boys should n't sneeze that window .
those doctors keep these dolls .	those doctors lie these dolls .
the teachers hold those bags .	the teachers lie those bags .
these doctors might buy the bed .	these doctors might yell the bed .
these boys bothered that queen .	these boys yelled that queen .
that lady took that glass .	that lady talked that glass .
that dancer was n't fixing this glass .	that dancer was n't smiling this glass .
those doctors were finding those toys .	those doctors were whispering those toys .
these men do n't take this bowl .	these men do n't cough this bowl .
the teachers keep the buttons .	the teachers scream the buttons .
that patient did n't take this bowl .	that patient did n't whisper this bowl .
this teacher has found the bag .	this teacher has talked the bag .
this dentist had bothered the teachers .	this dentist had laughed the teachers .
the girls may make that rug .	the girls may whisper that rug .
that child could n't take the doll .	that child could n't sneeze the doll .
the man was keeping these spoons .	the man was lying these spoons .
these boys bother this boy .	these boys scream this boy .
the teacher is making these pictures .	the teacher is screaming these pictures .
these guys scare the man .	these guys laugh the man .
the ladies like the driver .	the ladies scream the driver .
the ladies have brought these bottles .	the ladies have laughed these bottles .
that customer bothered this queen .	that customer talked this queen .
these teachers praise the dentist .	these teachers sneeze the dentist .
these children had n't kept those plates .	these children had n't talked those plates .
this king was bringing these shoes .	this king was smiling these shoes .
this woman may make these beds .	this woman may laugh these beds .
the dancer would n't hate this queen .	the dancer would n't yell this queen .
the lady is fixing the bag .	the lady is screaming the bag .
this girl may bother that boy .	this girl may smile that boy .
those girls like that girl .	those girls smile that girl .
this lady would bring those buttons .	this lady would whisper those buttons .
that boy must sell the trucks .	that boy must sneeze the trucks .
those guys would n't bring the crayons .	those guys would n't yell the crayons .
the women made this fork .	the women laughed this fork .
that dentist has bought those windows .	that dentist has talked those windows .
the boys were n't finding this candle .	the boys were n't lying this candle .
those girls scare this woman .	those girls lie this woman .
the customer holds the rocket .	the customer appears the rocket .
the dancer wo n't appreciate this king .	the dancer wo n't smile this king .
the person can scare the women .	the person can lie the women .
the customer is bothering the customer .	the customer is yelling the customer .
the children find those glasses .	the children lie those glasses .
this dancer had n't kept this ship .	this dancer had n't yelled this ship .
this dancer should bring this door .	this dancer should smile this door .
these boys buy the dishes .	these boys sneeze the dishes .
the children wo n't make the bowls .	the children wo n't laugh the bowls .
this king should praise the children .	this king should whisper the children .
that customer can buy the bowls .	that customer can smile the bowls .
those girls can make these spoons .	those girls can talk these spoons .
these women are n't taking those bowls .	these women are n't whispering those bowls .
the doctor has n't bought that ring .	the doctor has n't laughed that ring .
those doctors sell that ship .	those doctors yell that ship .
the women must praise the girl .	the women must whisper the girl .
the woman would appreciate these girls .	the woman would smile these girls .
the doctor does n't hold the bottle .	the doctor does n't whisper the bottle .
the patient is n't bothering this man .	the patient is n't smiling this man .
the man may bother that person .	the man may laugh that person .
this doctor did n't praise the children .	this doctor did n't whisper the children .
this adult was n't fixing that bed .	this adult was n't screaming that bed .
that dentist has n't scared the doctor .	that dentist has n't yelled the doctor .
this adult was n't bringing these spoons .	this adult was n't smiling these spoons .
the guys do n't hold that couch .	the guys do n't lie that couch .
that girl could make those boxes .	that girl could scream those boxes .
those ladies fix that car .	those ladies cough that car .
the children kept these toys .	the children yelled these toys .
these guys are fixing those trucks .	these guys are yelling those trucks .
these men may bring the forks .	these men may yell the forks .
the dentist is n't holding that rug .	the dentist is n't lying that rug .
this patient bothered the girls .	this patient laughed the girls .
the girls were n't bringing these shoes .	the girls were n't laughing these shoes .
that king must appreciate the doctors .	that king must talk the doctors .
the driver is n't buying the plane .	the driver is n't laughing the plane .
these guys are n't bothering that dancer .	these guys are n't yelling that dancer .
those girls were n't bringing these bags .	those girls were n't smiling these bags .
the lady was n't keeping that bowl .	the lady was n't lying that bowl .
that dancer had taken those candles .	that dancer had yelled those candles .
this patient keeps that plate .	this patient talks that plate .
the boys buy the bags .	the boys talk the bags .
that lady did n't steal this book .	that lady did n't sneeze this book .
that boy bought the car .	that boy talked the car .
the doctors can n't buy that rug .	the doctors can n't sneeze that rug .
the ladies were finding the chair .	the ladies were laughing the chair .
this adult is n't buying this bed .	this adult is n't smiling this bed .
these doctors appreciate this customer .	these doctors smile this customer .
the boy must like this doctor .	the boy must lie this doctor .
the teacher had held that shirt .	the teacher had laughed that shirt .
this queen had scared that driver .	this queen had yelled that driver .
these boys can find this shirt .	these boys can scream this shirt .
these children bring those pictures .	these children cough those pictures .
that child fixed those doors .	that child yelled those doors .
those men bring the bowl .	those men laugh the bowl .
those men kept this bottle .	those men talked this bottle .
those men were bringing those glasses .	those men were screaming those glasses .
these doctors have bought the chair .	these doctors have yelled the chair .
that patient does n't bring those plates .	that patient does n't laugh those plates .
the queen wo n't praise that adult .	the queen wo n't sneeze that adult .
the guy stole these cars .	the guy laughed these cars .
those teachers have taken this button .	those teachers have laughed this button .
these teachers must bring the truck .	these teachers must sneeze the truck .
that child liked the boy .	that child yelled the boy .
the man can n't hold these cars .	the man can n't sneeze these cars .
these children could n't like the dancer .	these children could n't talk the dancer .
those children did n't praise this guy .	those children did n't talk this guy .
those guys have scared this person .	those guys have talked this person .
the women will buy those bottles .	the women will whisper those bottles .
that boy does n't steal that truck .	that boy does n't talk that truck .
the dancer should n't sell those cups .	the dancer should n't talk those cups .
these doctors may sell those candles .	these doctors may smile those candles .
those people scared the dentist .	those people yelled the dentist .
the patient was fixing this plane .	the patient was whispering this plane .
those children will take the spoon .	those children will yell the spoon .
the child could n't make those spoons .	the child could n't lie those spoons .
those boys appreciate that boy .	those boys cough that boy .
these teachers could hold this picture .	these teachers could cough this picture .
the people should hold this glass .	the people should talk this glass .
this doctor is n't making those bags .	this doctor is n't lying those bags .
the women were making this doll .	the women were screaming this doll .
those children should make that candle .	those children should sneeze that candle .
this dancer brought that fork .	this dancer talked that fork .
these girls wo n't make the car .	these girls wo n't sneeze the car .
those guys kept the boxes .	those guys laughed the boxes .
this queen would buy those books .	this queen would yell those books .
that queen will steal the bowl .	that queen will cough the bowl .
this king could find the doll .	this king could sneeze the doll .
the girls wo n't like the guy .	the girls wo n't yell the guy .
the adult can n't bother the customer .	the adult can n't talk the customer .
the woman had n't kept these bottles .	the woman had n't yelled these bottles .
the teachers had kept the bowl .	the teachers had laughed the bowl .
the girls were n't bothering this teacher .	the girls were n't talking this teacher .
these people may buy the doll .	these people may scream the doll .
the men were finding this plane .	the men were talking this plane .
this customer would keep these chairs .	this customer would talk these chairs .
the dancer should praise the boys .	the dancer should sneeze the boys .
this customer had n't fixed the boats .	this customer had n't laughed the boats .
the guys scare those guys .	the guys talk those guys .
that child likes this patient .	that child talks this patient .
the teachers are bothering the person .	the teachers are lying the person .
those children held this bag .	those children yelled this bag .
these girls would make the toys .	these girls would lie the toys .
those doctors hold that chair .	those doctors cough that chair .
these teachers do n't appreciate this boy .	these teachers do n't sneeze this boy .
the teachers fix those glasses .	the teachers scream those glasses .
that man should n't bring the glass .	that man should n't talk the glass .
those children should n't make the dishes .	those children should n't sneeze the dishes .
the customer had n't bought that crayon .	the customer had n't yelled that crayon .
these guys have n't scared the teachers .	these guys have n't laughed the teachers .
that lady is n't finding the bottles .	that lady is n't talking the bottles .
the dancer kept this bottle .	the dancer talked this bottle .
the ladies are n't fixing the car .	the ladies are n't lying the car .
this person is n't bothering the person .	this person is n't whispering the person .
that man does n't make the window .	that man does n't cough the window .
the girls buy the fork .	the girls laugh the fork .
that teacher was finding this fork .	that teacher was yelling this fork .
this driver does n't steal these buttons .	this driver does n't yell these buttons .
this dentist was n't buying this bottle .	this dentist was n't laughing this bottle .
the child wo n't steal that truck .	the child wo n't lie that truck .
these ladies may fix this rug .	these ladies may sneeze this rug .
this dancer has liked the king .	this dancer has laughed the king .
this customer would n't steal this bed .	this customer would n't sneeze this bed .
the person is bothering this lady .	the person is whispering this lady .
the guys took the windows .	the guys laughed the windows .
this man kept those cups .	this man yelled those cups .
those people did n't like that man .	those people did n't whisper that man .
the girls would make these crayons .	the girls would smile these crayons .
those teachers buy those trucks .	those teachers smile those trucks .
this driver was n't fixing this hat .	this driver was n't screaming this hat .
this girl had n't liked these children .	this girl had n't laughed these children .
these women must bring the box .	these women must yell the box .
the children hate that king .	the children laugh that king .
these teachers bother the man .	these teachers talk the man .
the teachers fix the bags .	the teachers lie the bags .
these women were making this door .	these women were smiling this door .
the dentist has made that bag .	the dentist has laughed that bag .
these girls had n't scared that dancer .	these girls had n't talked that dancer .
this boy has n't kept the forks .	this boy has n't yelled the forks .
these women were buying the rocket .	these women were whispering the rocket .
these girls fix the plates .	these girls sneeze the plates .
the women could n't fix the doors .	the women could n't sneeze the doors .
that person had bought the crayon .	that person had yelled the crayon .
the lady did n't keep those hats .	the lady did n't smile those hats .
the king stole these dishes .	the king talked these dishes .
this boy made these cars .	this boy talked these cars .
this man could n't fix that cup .	this man could n't yell that cup .
those children kept the cups .	those children talked the cups .
the girl liked this doctor .	the girl laughed this doctor .
this king does n't appreciate these girls .	this king does n't scream these girls .
the king would n't like those boys .	the king would n't scream those boys .
the people scare that queen .	the people yell that queen .
the doctors have held that book .	the doctors have laughed that book .
that teacher can n't praise those ladies .	that teacher can n't yell those ladies .
the queen stole these buttons .	the queen talked these buttons .
that person must sell those buttons .	that person must smile those buttons .
the girl held those books .	the girl laughed those books .
that dancer is holding the bicycle .	that dancer is lying the bicycle .
these children can hate that child .	these children can talk that child .
this customer should praise the man .	this customer should cough the man .
this woman is taking those bowls .	this woman is yelling those bowls .
that customer has n't held that car .	that customer has n't laughed that car .
the ladies should make that ring .	the ladies should smile that ring .
these boys bring these windows .	these boys talk these windows .
this queen could hate that patient .	this queen could scream that patient .
this dentist stole the spoons .	this dentist yelled the spoons .
that child might sell that chair .	that child might cough that chair .
this adult was n't buying the spoon .	this adult was n't laughing the spoon .
that patient would find the car .	that patient would sneeze the car .
the girls must find these candles .	the girls must laugh these candles .
the doctor brings that rug .	the doctor appears that rug .
the king can fix that chair .	the king can whisper that chair .
the child has brought this book .	the child has laughed this book .
that lady made the fork .	that lady laughed the fork .
those children should bother that adult .	those children should lie that adult .
the person will fix these boxes .	the person will sneeze these boxes .
these guys liked the boy .	these guys laughed the boy .
the guys have n't bothered that doctor .	the guys have n't talked that doctor .
that doctor was bothering the customer .	that doctor was smiling the customer .
the teacher was n't bringing these shoes .	the teacher was n't lying these shoes .
these teachers should n't find that bicycle .	these teachers should n't yell that bicycle .
those guys hate the teacher .	those guys lie the teacher .
those ladies hold these crayons .	those ladies lie these crayons .
the guys should n't bother that doctor .	the guys should n't sneeze that doctor .
these boys wo n't steal the bags .	these boys wo n't yell the bags .
those ladies can bother that dentist .	those ladies can laugh that dentist .
that man will fix this boat .	that man will cough this boat .
the patient bought that couch .	the patient talked that couch .
the patient can like the dentist .	the patient can lie the dentist .
this doctor can fix that fork .	this doctor can smile that fork .
this boy must make this chair .	this boy must whisper this chair .
the lady wo n't find that door .	the lady wo n't yell that door .
those people would make the rug .	those people would lie the rug .
the children liked those men .	the children yelled those men .
those children appreciate this child .	those children smile this child .
the patient is n't buying the crayon .	the patient is n't talking the crayon .
that driver is n't taking these shoes .	that driver is n't talking these shoes .
the women did n't appreciate this queen .	the women did n't talk this queen .
that girl held the boat .	that girl laughed the boat .
the boys wo n't steal these cups .	the boys wo n't yell these cups .
this lady wo n't hate the teachers .	this lady wo n't talk the teachers .
the men must buy those shirts .	the men must lie those shirts .
the person could n't find this ship .	the person could n't whisper this ship .
the customer made these hats .	the customer laughed these hats .
these guys buy that car .	these guys sneeze that car .
the customer should make the spoon .	the customer should cough the spoon .
that driver is n't making those toys .	that driver is n't smiling those toys .
these boys sell these books .	these boys scream these books .
those doctors had n't taken the bottles .	those doctors had n't laughed the bottles .
this lady had n't fixed these toys .	this lady had n't yelled these toys .
this teacher fixed that fork .	this teacher talked that fork .
those women are buying the bottles .	those women are screaming the bottles .
the queen wo n't bother that teacher .	the queen wo n't cough that teacher .
the girl was bothering those children .	the girl was smiling those children .
the guys fix that ring .	the guys laugh that ring .
the women do n't bother that lady .	the women do n't cough that lady .
this boy would n't steal these hats .	this boy would n't laugh these hats .
the women have held this bowl .	the women have yelled this bowl .
this dentist wo n't sell the beds .	this dentist wo n't scream the beds .
this adult was holding that window .	this adult was talking that window .
the doctor could n't buy the ring .	the doctor could n't laugh the ring .
this doctor did n't find the boxes .	this doctor did n't whisper the boxes .
these ladies bring that book .	these ladies smile that book .
the child is finding these beds .	the child is laughing these beds .
those doctors can find this crayon .	those doctors can whisper this crayon .
these people could bring these toys .	these people could cough these toys .
this king can n't bring the doors .	this king can n't yell the doors .
the person should fix that ship .	the person should yell that ship .
that man has n't confused that adult .	that man has n't yelled that adult .
the adult wo n't sell that door .	the adult wo n't talk that door .
the boy is bringing these windows .	the boy is whispering these windows .
the doctors appreciate the doctors .	the doctors cough the doctors .
the person has bothered the driver .	the person has yelled the driver .
the man can n't steal the bowl .	the man can n't cough the bowl .
this guy is finding those pictures .	this guy is yelling those pictures .
the woman was finding this chair .	the woman was talking this chair .
that teacher holds these doors .	that teacher talks these doors .
those boys fixed these dishes .	those boys yelled these dishes .
this girl scared this girl .	this girl talked this girl .
this guy should n't make the fork .	this guy should n't whisper the fork .
the ladies should take these boxes .	the ladies should whisper these boxes .
this customer took that car .	this customer yelled that car .
that adult could n't bother the customer .	that adult could n't cough the customer .
those guys would n't sell that bowl .	those guys would n't yell that bowl .
those teachers have n't found the candle .	those teachers have n't yelled the candle .
those people scared those guys .	those people talked those guys .
those ladies took this shoe .	those ladies yelled this shoe .
these men bother the men .	these men laugh the men .
those guys have made that bag .	those guys have yelled that bag .
this king did n't scare this customer .	this king did n't lie this customer .
this driver does n't take the cars .	this driver does n't smile the cars .
those ladies keep this fork .	those ladies laugh this fork .
this queen took those glasses .	this queen yelled those glasses .
the doctor was holding that book .	the doctor was yelling that book .
this woman will hold that bag .	this woman will sneeze that bag .
that adult can bother these ladies .	that adult can sneeze these ladies .
that king bothered the person .	that king yelled the person .
that child had n't brought that shirt .	that child had n't laughed that shirt .
this customer should bring these glasses .	this customer should sneeze these glasses .
the customer could n't buy this crayon .	the customer could n't lie this crayon .
these girls wo n't hate these children .	these girls wo n't yell these children .
this adult may steal those toys .	this adult may yell those toys .
those women hate the boy .	those women sneeze the boy .
the queen has n't kept that plate .	the queen has n't yelled that plate .
this man would appreciate these women .	this man would smile these women .
